{
  "jsonmodel_type": "resource_tree",
  "title": "Rockefeller University records, Special Events and Activities, War Demonstration Hospital",
  "instance_types": [],
  "record_uri": "/repositories/2/resources/100",
  "level": "collection",
  "publish": true,
  "id": 100,
  "node_type": "resource",
  "finding_aid_filing_title": "Rockefeller University records, Special Events and Activities, War Demonstration Hospital",
  "suppressed": false,
  "children": [{
    "title": "Class Records, 1917-1919",
    "instance_types": [],
    "record_uri": "/repositories/2/archival_objects/30775",
    "level": "series",
    "publish": true,
    "children": [{
      "title": "November 5-16, 1917",
      "instance_types": [],
      "record_uri": "/repositories/2/archival_objects/30776",
      "level": "file",
      "publish": true,
      "children": [],
      "node_type": "archival_object",
      "has_children": false,
      "suppressed": false,
      "id": 30776,
      "containers": []
    }, {
      "title": "November 19-30, 1917",
      "instance_types": [],
      "record_uri": "/repositories/2/archival_objects/30777",
      "level": "file",
      "publish": true,
      "children": [],
      "node_type": "archival_object",
      "has_children": false,
      "suppressed": false,
      "id": 30777,
      "containers": []
    }, {
      "title": "December 3, 1917",
      "instance_types": [],
      "record_uri": "/repositories/2/archival_objects/30778",
      "level": "file",
      "publish": true,
      "children": [],
      "node_type": "archival_object",
      "has_children": false,
      "suppressed": false,
      "id": 30778,
      "containers": []
    }, {
      "title": "1917",
      "instance_types": [],
      "record_uri": "/repositories/2/archival_objects/30779",
      "level": "file",
      "publish": true,
      "children": [],
      "node_type": "archival_object",
      "has_children": false,
      "suppressed": false,
      "id": 30779,
      "containers": []
    }, {
      "title": "January 2, 1918",
      "instance_types": [],
      "record_uri": "/repositories/2/archival_objects/30780",
      "level": "file",
      "publish": true,
      "children": [],
      "node_type": "archival_object",
      "has_children": false,
      "suppressed": false,
      "id": 30780,
      "containers": []
    }, {
      "title": "January 14, 1918",
      "instance_types": [],
      "record_uri": "/repositories/2/archival_objects/30781",
      "level": "file",
      "publish": true,
      "children": [],
      "node_type": "archival_object",
      "has_children": false,
      "suppressed": false,
      "id": 30781,
      "containers": []
    }, {
      "title": "January 28, 1918",
      "instance_types": [],
      "record_uri": "/repositories/2/archival_objects/30782",
      "level": "file",
      "publish": true,
      "children": [],
      "node_type": "archival_object",
      "has_children": false,
      "suppressed": false,
      "id": 30782,
      "containers": []
    }, {
      "title": "February 11, 1918",
      "instance_types": [],
      "record_uri": "/repositories/2/archival_objects/30783",
      "level": "file",
      "publish": true,
      "children": [],
      "node_type": "archival_object",
      "has_children": false,
      "suppressed": false,
      "id": 30783,
      "containers": []
    }, {
      "title": "February 25, 1918",
      "instance_types": [],
      "record_uri": "/repositories/2/archival_objects/30784",
      "level": "file",
      "publish": true,
      "children": [],
      "node_type": "archival_object",
      "has_children": false,
      "suppressed": false,
      "id": 30784,
      "containers": []
    }, {
      "title": "March 11, 1918",
      "instance_types": [],
      "record_uri": "/repositories/2/archival_objects/30785",
      "level": "file",
      "publish": true,
      "children": [],
      "node_type": "archival_object",
      "has_children": false,
      "suppressed": false,
      "id": 30785,
      "containers": []
    }, {
      "title": "March 25, 1918",
      "instance_types": [],
      "record_uri": "/repositories/2/archival_objects/30786",
      "level": "file",
      "publish": true,
      "children": [],
      "node_type": "archival_object",
      "has_children": false,
      "suppressed": false,
      "id": 30786,
      "containers": []
    }, {
      "title": "April 8, 1918",
      "instance_types": [],
      "record_uri": "/repositories/2/archival_objects/30787",
      "level": "file",
      "publish": true,
      "children": [],
      "node_type": "archival_object",
      "has_children": false,
      "suppressed": false,
      "id": 30787,
      "containers": []
    }, {
      "title": "April 22, 1918",
      "instance_types": [],
      "record_uri": "/repositories/2/archival_objects/30788",
      "level": "file",
      "publish": true,
      "children": [],
      "node_type": "archival_object",
      "has_children": false,
      "suppressed": false,
      "id": 30788,
      "containers": []
    }, {
      "title": "May 6, 1918",
      "instance_types": [],
      "record_uri": "/repositories/2/archival_objects/30789",
      "level": "file",
      "publish": true,
      "children": [],
      "node_type": "archival_object",
      "has_children": false,
      "suppressed": false,
      "id": 30789,
      "containers": []
    }, {
      "title": "May 20, 1918",
      "instance_types": [],
      "record_uri": "/repositories/2/archival_objects/30790",
      "level": "file",
      "publish": true,
      "children": [],
      "node_type": "archival_object",
      "has_children": false,
      "suppressed": false,
      "id": 30790,
      "containers": []
    }, {
      "title": "June 3, 1918",
      "instance_types": [],
      "record_uri": "/repositories/2/archival_objects/30791",
      "level": "file",
      "publish": true,
      "children": [],
      "node_type": "archival_object",
      "has_children": false,
      "suppressed": false,
      "id": 30791,
      "containers": []
    }, {
      "title": "June 17, 1918",
      "instance_types": [],
      "record_uri": "/repositories/2/archival_objects/30792",
      "level": "file",
      "publish": true,
      "children": [],
      "node_type": "archival_object",
      "has_children": false,
      "suppressed": false,
      "id": 30792,
      "containers": []
    }, {
      "title": "July 1, 1918",
      "instance_types": [],
      "record_uri": "/repositories/2/archival_objects/30793",
      "level": "file",
      "publish": true,
      "children": [],
      "node_type": "archival_object",
      "has_children": false,
      "suppressed": false,
      "id": 30793,
      "containers": []
    }, {
      "title": "July 15, 1918",
      "instance_types": [],
      "record_uri": "/repositories/2/archival_objects/30794",
      "level": "file",
      "publish": true,
      "children": [],
      "node_type": "archival_object",
      "has_children": false,
      "suppressed": false,
      "id": 30794,
      "containers": []
    }, {
      "title": "July 29, 1918",
      "instance_types": [],
      "record_uri": "/repositories/2/archival_objects/30795",
      "level": "file",
      "publish": true,
      "children": [],
      "node_type": "archival_object",
      "has_children": false,
      "suppressed": false,
      "id": 30795,
      "containers": []
    }, {
      "title": "August 12, 1918",
      "instance_types": [],
      "record_uri": "/repositories/2/archival_objects/30796",
      "level": "file",
      "publish": true,
      "children": [],
      "node_type": "archival_object",
      "has_children": false,
      "suppressed": false,
      "id": 30796,
      "containers": []
    }, {
      "title": "August 26, 1918",
      "instance_types": [],
      "record_uri": "/repositories/2/archival_objects/30797",
      "level": "file",
      "publish": true,
      "children": [],
      "node_type": "archival_object",
      "has_children": false,
      "suppressed": false,
      "id": 30797,
      "containers": []
    }, {
      "title": "September 9, 1918",
      "instance_types": [],
      "record_uri": "/repositories/2/archival_objects/30798",
      "level": "file",
      "publish": true,
      "children": [],
      "node_type": "archival_object",
      "has_children": false,
      "suppressed": false,
      "id": 30798,
      "containers": []
    }, {
      "title": "September 23, 1918",
      "instance_types": [],
      "record_uri": "/repositories/2/archival_objects/30799",
      "level": "file",
      "publish": true,
      "children": [],
      "node_type": "archival_object",
      "has_children": false,
      "suppressed": false,
      "id": 30799,
      "containers": []
    }, {
      "title": "October 7, 1918",
      "instance_types": [],
      "record_uri": "/repositories/2/archival_objects/30800",
      "level": "file",
      "publish": true,
      "children": [],
      "node_type": "archival_object",
      "has_children": false,
      "suppressed": false,
      "id": 30800,
      "containers": []
    }, {
      "title": "October 28, 1918",
      "instance_types": [],
      "record_uri": "/repositories/2/archival_objects/30801",
      "level": "file",
      "publish": true,
      "children": [],
      "node_type": "archival_object",
      "has_children": false,
      "suppressed": false,
      "id": 30801,
      "containers": []
    }, {
      "title": "November 4, 1918",
      "instance_types": [],
      "record_uri": "/repositories/2/archival_objects/30802",
      "level": "file",
      "publish": true,
      "children": [],
      "node_type": "archival_object",
      "has_children": false,
      "suppressed": false,
      "id": 30802,
      "containers": []
    }, {
      "title": "November 18, 1918",
      "instance_types": [],
      "record_uri": "/repositories/2/archival_objects/30803",
      "level": "file",
      "publish": true,
      "children": [],
      "node_type": "archival_object",
      "has_children": false,
      "suppressed": false,
      "id": 30803,
      "containers": []
    }, {
      "title": "December 2, 1918",
      "instance_types": [],
      "record_uri": "/repositories/2/archival_objects/30804",
      "level": "file",
      "publish": true,
      "children": [],
      "node_type": "archival_object",
      "has_children": false,
      "suppressed": false,
      "id": 30804,
      "containers": []
    }, {
      "title": "December 9, 1918",
      "instance_types": [],
      "record_uri": "/repositories/2/archival_objects/30805",
      "level": "file",
      "publish": true,
      "children": [],
      "node_type": "archival_object",
      "has_children": false,
      "suppressed": false,
      "id": 30805,
      "containers": []
    }, {
      "title": "December 28, 1918",
      "instance_types": [],
      "record_uri": "/repositories/2/archival_objects/30806",
      "level": "file",
      "publish": true,
      "children": [],
      "node_type": "archival_object",
      "has_children": false,
      "suppressed": false,
      "id": 30806,
      "containers": []
    }, {
      "title": "January 11, 1919",
      "instance_types": [],
      "record_uri": "/repositories/2/archival_objects/30807",
      "level": "file",
      "publish": true,
      "children": [],
      "node_type": "archival_object",
      "has_children": false,
      "suppressed": false,
      "id": 30807,
      "containers": []
    }, {
      "title": "January 27, 1919",
      "instance_types": [],
      "record_uri": "/repositories/2/archival_objects/30808",
      "level": "file",
      "publish": true,
      "children": [],
      "node_type": "archival_object",
      "has_children": false,
      "suppressed": false,
      "id": 30808,
      "containers": []
    }, {
      "title": "February 10, 1919",
      "instance_types": [],
      "record_uri": "/repositories/2/archival_objects/30809",
      "level": "file",
      "publish": true,
      "children": [],
      "node_type": "archival_object",
      "has_children": false,
      "suppressed": false,
      "id": 30809,
      "containers": []
    }, {
      "title": "February 24, 1919",
      "instance_types": [],
      "record_uri": "/repositories/2/archival_objects/30810",
      "level": "file",
      "publish": true,
      "children": [],
      "node_type": "archival_object",
      "has_children": false,
      "suppressed": false,
      "id": 30810,
      "containers": []
    }, {
      "title": "March 10, 1919",
      "instance_types": [],
      "record_uri": "/repositories/2/archival_objects/30811",
      "level": "file",
      "publish": true,
      "children": [],
      "node_type": "archival_object",
      "has_children": false,
      "suppressed": false,
      "id": 30811,
      "containers": []
    }, {
      "title": "March 24, 1919",
      "instance_types": [],
      "record_uri": "/repositories/2/archival_objects/30812",
      "level": "file",
      "publish": true,
      "children": [],
      "node_type": "archival_object",
      "has_children": false,
      "suppressed": false,
      "id": 30812,
      "containers": []
    }],
    "node_type": "archival_object",
    "has_children": true,
    "suppressed": false,
    "id": 30775,
    "containers": []
  }, {
    "title": "Correspondence, 1917-1919, 1959",
    "instance_types": [],
    "record_uri": "/repositories/2/archival_objects/30813",
    "level": "series",
    "publish": true,
    "children": [{
      "title": "1917-1919",
      "instance_types": [],
      "record_uri": "/repositories/2/archival_objects/30814",
      "level": "file",
      "publish": true,
      "children": [],
      "node_type": "archival_object",
      "has_children": false,
      "suppressed": false,
      "id": 30814,
      "containers": []
    }, {
      "title": "1959",
      "instance_types": [],
      "record_uri": "/repositories/2/archival_objects/30815",
      "level": "file",
      "publish": true,
      "children": [],
      "node_type": "archival_object",
      "has_children": false,
      "suppressed": false,
      "id": 30815,
      "containers": []
    }],
    "node_type": "archival_object",
    "has_children": true,
    "suppressed": false,
    "id": 30813,
    "containers": []
  }, {
    "title": "Hospital Records, 1917-1919, n.d.",
    "instance_types": [],
    "record_uri": "/repositories/2/archival_objects/30816",
    "level": "series",
    "publish": true,
    "children": [{
      "title": "Inventories, 1917-1919",
      "instance_types": [],
      "record_uri": "/repositories/2/archival_objects/30817",
      "level": "file",
      "publish": true,
      "children": [],
      "node_type": "archival_object",
      "has_children": false,
      "suppressed": false,
      "id": 30817,
      "containers": []
    }, {
      "title": "Laundry Lists, 1917",
      "instance_types": [],
      "record_uri": "/repositories/2/archival_objects/30818",
      "level": "file",
      "publish": true,
      "children": [],
      "node_type": "archival_object",
      "has_children": false,
      "suppressed": false,
      "id": 30818,
      "containers": []
    }, {
      "title": "Laundry Lists, 1918",
      "instance_types": [],
      "record_uri": "/repositories/2/archival_objects/30819",
      "level": "file",
      "publish": true,
      "children": [],
      "node_type": "archival_object",
      "has_children": false,
      "suppressed": false,
      "id": 30819,
      "containers": []
    }, {
      "title": "Laundry Lists, 1919",
      "instance_types": [],
      "record_uri": "/repositories/2/archival_objects/30820",
      "level": "file",
      "publish": true,
      "children": [],
      "node_type": "archival_object",
      "has_children": false,
      "suppressed": false,
      "id": 30820,
      "containers": []
    }, {
      "title": "Miscellaneous Files, 1918-1919",
      "instance_types": [],
      "record_uri": "/repositories/2/archival_objects/30821",
      "level": "file",
      "publish": true,
      "children": [],
      "node_type": "archival_object",
      "has_children": false,
      "suppressed": false,
      "id": 30821,
      "containers": []
    }, {
      "title": "Newman Clock Company Logs, 1918-1919",
      "instance_types": [],
      "record_uri": "/repositories/2/archival_objects/30822",
      "level": "file",
      "publish": true,
      "children": [],
      "node_type": "archival_object",
      "has_children": false,
      "suppressed": false,
      "id": 30822,
      "containers": []
    }, {
      "title": "Patient Statistics, 1917-1919",
      "instance_types": [],
      "record_uri": "/repositories/2/archival_objects/30823",
      "level": "file",
      "publish": true,
      "children": [],
      "node_type": "archival_object",
      "has_children": false,
      "suppressed": false,
      "id": 30823,
      "containers": []
    }, {
      "title": "Payroll and Christmas Prayer, 1917-1920",
      "instance_types": [],
      "record_uri": "/repositories/2/archival_objects/30824",
      "level": "file",
      "publish": true,
      "children": [],
      "node_type": "archival_object",
      "has_children": false,
      "suppressed": false,
      "id": 30824,
      "containers": []
    }, {
      "title": "Supplies - Orders (A-B), 1917-1919",
      "instance_types": [],
      "record_uri": "/repositories/2/archival_objects/30825",
      "level": "file",
      "publish": true,
      "children": [],
      "node_type": "archival_object",
      "has_children": false,
      "suppressed": false,
      "id": 30825,
      "containers": []
    }, {
      "title": "Supplies - Orders (C-V), 1917-1919",
      "instance_types": [],
      "record_uri": "/repositories/2/archival_objects/30826",
      "level": "file",
      "publish": true,
      "children": [],
      "node_type": "archival_object",
      "has_children": false,
      "suppressed": false,
      "id": 30826,
      "containers": []
    }, {
      "title": "Supplies - Orders - Reconstruction:  Mr. Spies, 1917-1919",
      "instance_types": [],
      "record_uri": "/repositories/2/archival_objects/30827",
      "level": "file",
      "publish": true,
      "children": [],
      "node_type": "archival_object",
      "has_children": false,
      "suppressed": false,
      "id": 30827,
      "containers": []
    }, {
      "title": "Supplies - Orders (W), 1917-1919",
      "instance_types": [],
      "record_uri": "/repositories/2/archival_objects/30828",
      "level": "file",
      "publish": true,
      "children": [],
      "node_type": "archival_object",
      "has_children": false,
      "suppressed": false,
      "id": 30828,
      "containers": []
    }, {
      "title": "Supplies - Orders Received, 1917-1919",
      "instance_types": [],
      "record_uri": "/repositories/2/archival_objects/30829",
      "level": "file",
      "publish": true,
      "children": [],
      "node_type": "archival_object",
      "has_children": false,
      "suppressed": false,
      "id": 30829,
      "containers": []
    }, {
      "title": "Telephone Call Lists, 1917",
      "instance_types": [],
      "record_uri": "/repositories/2/archival_objects/30830",
      "level": "file",
      "publish": true,
      "children": [],
      "node_type": "archival_object",
      "has_children": false,
      "suppressed": false,
      "id": 30830,
      "containers": []
    }, {
      "title": "Telephone Call Lists, 1918",
      "instance_types": [],
      "record_uri": "/repositories/2/archival_objects/30831",
      "level": "file",
      "publish": true,
      "children": [],
      "node_type": "archival_object",
      "has_children": false,
      "suppressed": false,
      "id": 30831,
      "containers": []
    }, {
      "title": "Chemistry Class Cards",
      "instance_types": [],
      "record_uri": "/repositories/2/archival_objects/30832",
      "level": "file",
      "publish": true,
      "children": [],
      "node_type": "archival_object",
      "has_children": false,
      "suppressed": false,
      "id": 30832,
      "containers": []
    }, {
      "title": "Doctor's Files - Reference for Hospitals",
      "instance_types": [],
      "record_uri": "/repositories/2/archival_objects/30833",
      "level": "file",
      "publish": true,
      "children": [],
      "node_type": "archival_object",
      "has_children": false,
      "suppressed": false,
      "id": 30833,
      "containers": []
    }, {
      "title": "Handwritten Cards - Incomplete",
      "instance_types": [],
      "record_uri": "/repositories/2/archival_objects/30834",
      "level": "file",
      "publish": true,
      "children": [],
      "node_type": "archival_object",
      "has_children": false,
      "suppressed": false,
      "id": 30834,
      "containers": []
    }, {
      "title": "Daily Reports, 1917-1919",
      "instance_types": [],
      "record_uri": "/repositories/2/archival_objects/30835",
      "level": "file",
      "publish": true,
      "children": [],
      "node_type": "archival_object",
      "has_children": false,
      "suppressed": false,
      "id": 30835,
      "containers": []
    }, {
      "title": "Grades for Trainees (A-G)",
      "instance_types": [],
      "record_uri": "/repositories/2/archival_objects/30836",
      "level": "file",
      "publish": true,
      "children": [],
      "node_type": "archival_object",
      "has_children": false,
      "suppressed": false,
      "id": 30836,
      "containers": []
    }, {
      "title": "Grades for Trainees (H-O)",
      "instance_types": [],
      "record_uri": "/repositories/2/archival_objects/30837",
      "level": "file",
      "publish": true,
      "children": [],
      "node_type": "archival_object",
      "has_children": false,
      "suppressed": false,
      "id": 30837,
      "containers": []
    }, {
      "title": "Grades for Trainees (P-Z)",
      "instance_types": [],
      "record_uri": "/repositories/2/archival_objects/30838",
      "level": "file",
      "publish": true,
      "children": [],
      "node_type": "archival_object",
      "has_children": false,
      "suppressed": false,
      "id": 30838,
      "containers": []
    }, {
      "title": "Names of Men Assigned to Institute for Training, September 2-7, 1918",
      "instance_types": [],
      "record_uri": "/repositories/2/archival_objects/30839",
      "level": "file",
      "publish": true,
      "children": [],
      "node_type": "archival_object",
      "has_children": false,
      "suppressed": false,
      "id": 30839,
      "containers": []
    }, {
      "title": "Names of Men Assigned to Institute for Training, 1918-1919",
      "instance_types": [],
      "record_uri": "/repositories/2/archival_objects/30840",
      "level": "file",
      "publish": true,
      "children": [],
      "node_type": "archival_object",
      "has_children": false,
      "suppressed": false,
      "id": 30840,
      "containers": []
    }, {
      "title": "Names of Men Assigned to Institute for Training (A-E)",
      "instance_types": [],
      "record_uri": "/repositories/2/archival_objects/30841",
      "level": "file",
      "publish": true,
      "children": [],
      "node_type": "archival_object",
      "has_children": false,
      "suppressed": false,
      "id": 30841,
      "containers": []
    }, {
      "title": "Names of Men Assigned to Institute for Training (F-L)",
      "instance_types": [],
      "record_uri": "/repositories/2/archival_objects/30842",
      "level": "file",
      "publish": true,
      "children": [],
      "node_type": "archival_object",
      "has_children": false,
      "suppressed": false,
      "id": 30842,
      "containers": []
    }, {
      "title": "Names of Men Assigned to Institute for Training (M-R)",
      "instance_types": [],
      "record_uri": "/repositories/2/archival_objects/30843",
      "level": "file",
      "publish": true,
      "children": [],
      "node_type": "archival_object",
      "has_children": false,
      "suppressed": false,
      "id": 30843,
      "containers": []
    }, {
      "title": "Names of Men Assigned to Institute for Training (S-Z)",
      "instance_types": [],
      "record_uri": "/repositories/2/archival_objects/30844",
      "level": "file",
      "publish": true,
      "children": [],
      "node_type": "archival_object",
      "has_children": false,
      "suppressed": false,
      "id": 30844,
      "containers": []
    }],
    "node_type": "archival_object",
    "has_children": true,
    "suppressed": false,
    "id": 30816,
    "containers": []
  }, {
    "title": "Instructional Material, 1917-1918, n.d.",
    "instance_types": [],
    "record_uri": "/repositories/2/archival_objects/30845",
    "level": "series",
    "publish": true,
    "children": [{
      "title": "Carrel Method on Treatment of Infected Wounds, September 1918",
      "instance_types": [],
      "record_uri": "/repositories/2/archival_objects/30846",
      "level": "file",
      "publish": true,
      "children": [],
      "node_type": "archival_object",
      "has_children": false,
      "suppressed": false,
      "id": 30846,
      "containers": []
    }, {
      "title": "Course List, May 1917",
      "instance_types": [],
      "record_uri": "/repositories/2/archival_objects/30847",
      "level": "file",
      "publish": true,
      "children": [],
      "node_type": "archival_object",
      "has_children": false,
      "suppressed": false,
      "id": 30847,
      "containers": []
    }, {
      "title": "Dakin's Solution, undated",
      "instance_types": [],
      "record_uri": "/repositories/2/archival_objects/30848",
      "level": "file",
      "publish": true,
      "children": [],
      "node_type": "archival_object",
      "has_children": false,
      "suppressed": false,
      "id": 30848,
      "containers": []
    }],
    "node_type": "archival_object",
    "has_children": true,
    "suppressed": false,
    "id": 30845,
    "containers": []
  }, {
    "title": "Photographs, 1916-1919, n.d.",
    "instance_types": [],
    "record_uri": "/repositories/2/archival_objects/30849",
    "level": "series",
    "publish": true,
    "children": [{
      "title": "Chemistry Class, 1917",
      "instance_types": [],
      "record_uri": "/repositories/2/archival_objects/30850",
      "level": "file",
      "publish": true,
      "children": [],
      "node_type": "archival_object",
      "has_children": false,
      "suppressed": false,
      "id": 30850,
      "containers": []
    }, {
      "title": "Joseph P. Meehan, undated",
      "instance_types": [],
      "record_uri": "/repositories/2/archival_objects/30851",
      "level": "file",
      "publish": true,
      "children": [],
      "node_type": "archival_object",
      "has_children": false,
      "suppressed": false,
      "id": 30851,
      "containers": []
    }, {
      "title": "Miscellaneous Class, undated",
      "instance_types": [],
      "record_uri": "/repositories/2/archival_objects/30852",
      "level": "file",
      "publish": true,
      "children": [],
      "node_type": "archival_object",
      "has_children": false,
      "suppressed": false,
      "id": 30852,
      "containers": []
    }, {
      "title": "Theodore Roosevelt Letter to Carrel, November 29, 1916",
      "instance_types": [],
      "record_uri": "/repositories/2/archival_objects/30853",
      "level": "file",
      "publish": true,
      "children": [],
      "node_type": "archival_object",
      "has_children": false,
      "suppressed": false,
      "id": 30853,
      "containers": []
    }, {
      "title": "Surgical Class, 1917-1919",
      "instance_types": [],
      "record_uri": "/repositories/2/archival_objects/30854",
      "level": "file",
      "publish": true,
      "children": [],
      "node_type": "archival_object",
      "has_children": false,
      "suppressed": false,
      "id": 30854,
      "containers": []
    }, {
      "title": "Women (Nurses), 1918",
      "instance_types": [],
      "record_uri": "/repositories/2/archival_objects/30855",
      "level": "file",
      "publish": true,
      "children": [],
      "node_type": "archival_object",
      "has_children": false,
      "suppressed": false,
      "id": 30855,
      "containers": []
    }],
    "node_type": "archival_object",
    "has_children": true,
    "suppressed": false,
    "id": 30849,
    "containers": []
  }, {
    "title": "Printed Materials, 1917, n.d.",
    "instance_types": [],
    "record_uri": "/repositories/2/archival_objects/30856",
    "level": "series",
    "publish": true,
    "children": [{
      "title": "Announcements re: War Demonstration Hospital, undated",
      "instance_types": [],
      "record_uri": "/repositories/2/archival_objects/30857",
      "level": "file",
      "publish": true,
      "children": [],
      "node_type": "archival_object",
      "has_children": false,
      "suppressed": false,
      "id": 30857,
      "containers": []
    }, {
      "title": "Humphreys Sectional Building, undated",
      "instance_types": [],
      "record_uri": "/repositories/2/archival_objects/30858",
      "level": "file",
      "publish": true,
      "children": [],
      "node_type": "archival_object",
      "has_children": false,
      "suppressed": false,
      "id": 30858,
      "containers": []
    }, {
      "title": "\"The Modern Hospital\" Article on War Demonstration Hospital, August 1917",
      "instance_types": [],
      "record_uri": "/repositories/2/archival_objects/30859",
      "level": "file",
      "publish": true,
      "children": [],
      "node_type": "archival_object",
      "has_children": false,
      "suppressed": false,
      "id": 30859,
      "containers": []
    }, {
      "title": "Newspaper Clippings, July 1917",
      "instance_types": [],
      "record_uri": "/repositories/2/archival_objects/30860",
      "level": "file",
      "publish": true,
      "children": [],
      "node_type": "archival_object",
      "has_children": false,
      "suppressed": false,
      "id": 30860,
      "containers": []
    }],
    "node_type": "archival_object",
    "has_children": true,
    "suppressed": false,
    "id": 30856,
    "containers": []
  }, {
    "title": "Reports, 1916-1919",
    "instance_types": [],
    "record_uri": "/repositories/2/archival_objects/30861",
    "level": "series",
    "publish": true,
    "children": [{
      "title": "Alexis Carrel, 1916-1919",
      "instance_types": [],
      "record_uri": "/repositories/2/archival_objects/30862",
      "level": "file",
      "publish": true,
      "children": [],
      "node_type": "archival_object",
      "has_children": false,
      "suppressed": false,
      "id": 30862,
      "containers": []
    }, {
      "title": "Simon Flexner, 1918-1919",
      "instance_types": [],
      "record_uri": "/repositories/2/archival_objects/30863",
      "level": "file",
      "publish": true,
      "children": [],
      "node_type": "archival_object",
      "has_children": false,
      "suppressed": false,
      "id": 30863,
      "containers": []
    }, {
      "title": "General, 1919",
      "instance_types": [],
      "record_uri": "/repositories/2/archival_objects/30864",
      "level": "file",
      "publish": true,
      "children": [],
      "node_type": "archival_object",
      "has_children": false,
      "suppressed": false,
      "id": 30864,
      "containers": []
    }],
    "node_type": "archival_object",
    "has_children": true,
    "suppressed": false,
    "id": 30861,
    "containers": []
  }, {
    "title": "Major George A. Stewart, 1917-1919, n.d.",
    "instance_types": [],
    "record_uri": "/repositories/2/archival_objects/30865",
    "level": "series",
    "publish": true,
    "children": [{
      "title": "Correspondence, 1917-1919",
      "instance_types": [],
      "record_uri": "/repositories/2/archival_objects/30866",
      "level": "subseries",
      "publish": true,
      "children": [{
        "title": "A, 1917-1919",
        "instance_types": [],
        "record_uri": "/repositories/2/archival_objects/30867",
        "level": "file",
        "publish": true,
        "children": [],
        "node_type": "archival_object",
        "has_children": false,
        "suppressed": false,
        "id": 30867,
        "containers": []
      }, {
        "title": "B, 1917-1919",
        "instance_types": [],
        "record_uri": "/repositories/2/archival_objects/30868",
        "level": "file",
        "publish": true,
        "children": [],
        "node_type": "archival_object",
        "has_children": false,
        "suppressed": false,
        "id": 30868,
        "containers": []
      }, {
        "title": "C, 1917-1919",
        "instance_types": [],
        "record_uri": "/repositories/2/archival_objects/30869",
        "level": "file",
        "publish": true,
        "children": [],
        "node_type": "archival_object",
        "has_children": false,
        "suppressed": false,
        "id": 30869,
        "containers": []
      }, {
        "title": "D, 1917-1919",
        "instance_types": [],
        "record_uri": "/repositories/2/archival_objects/30870",
        "level": "file",
        "publish": true,
        "children": [],
        "node_type": "archival_object",
        "has_children": false,
        "suppressed": false,
        "id": 30870,
        "containers": []
      }, {
        "title": "E, 1917-1919",
        "instance_types": [],
        "record_uri": "/repositories/2/archival_objects/30871",
        "level": "file",
        "publish": true,
        "children": [],
        "node_type": "archival_object",
        "has_children": false,
        "suppressed": false,
        "id": 30871,
        "containers": []
      }, {
        "title": "F, 1917-1919",
        "instance_types": [],
        "record_uri": "/repositories/2/archival_objects/30872",
        "level": "file",
        "publish": true,
        "children": [],
        "node_type": "archival_object",
        "has_children": false,
        "suppressed": false,
        "id": 30872,
        "containers": []
      }, {
        "title": "G, 1917-1919",
        "instance_types": [],
        "record_uri": "/repositories/2/archival_objects/30873",
        "level": "file",
        "publish": true,
        "children": [],
        "node_type": "archival_object",
        "has_children": false,
        "suppressed": false,
        "id": 30873,
        "containers": []
      }, {
        "title": "H, 1917-1919",
        "instance_types": [],
        "record_uri": "/repositories/2/archival_objects/30874",
        "level": "file",
        "publish": true,
        "children": [],
        "node_type": "archival_object",
        "has_children": false,
        "suppressed": false,
        "id": 30874,
        "containers": []
      }, {
        "title": "I, 1917-1919",
        "instance_types": [],
        "record_uri": "/repositories/2/archival_objects/30875",
        "level": "file",
        "publish": true,
        "children": [],
        "node_type": "archival_object",
        "has_children": false,
        "suppressed": false,
        "id": 30875,
        "containers": []
      }, {
        "title": "J, 1917-1919",
        "instance_types": [],
        "record_uri": "/repositories/2/archival_objects/30876",
        "level": "file",
        "publish": true,
        "children": [],
        "node_type": "archival_object",
        "has_children": false,
        "suppressed": false,
        "id": 30876,
        "containers": []
      }, {
        "title": "K, 1917-1919",
        "instance_types": [],
        "record_uri": "/repositories/2/archival_objects/30877",
        "level": "file",
        "publish": true,
        "children": [],
        "node_type": "archival_object",
        "has_children": false,
        "suppressed": false,
        "id": 30877,
        "containers": []
      }, {
        "title": "L, 1917-1919",
        "instance_types": [],
        "record_uri": "/repositories/2/archival_objects/30878",
        "level": "file",
        "publish": true,
        "children": [],
        "node_type": "archival_object",
        "has_children": false,
        "suppressed": false,
        "id": 30878,
        "containers": []
      }, {
        "title": "M, 1917-1919",
        "instance_types": [],
        "record_uri": "/repositories/2/archival_objects/30879",
        "level": "file",
        "publish": true,
        "children": [],
        "node_type": "archival_object",
        "has_children": false,
        "suppressed": false,
        "id": 30879,
        "containers": []
      }, {
        "title": "N, 1918-1919",
        "instance_types": [],
        "record_uri": "/repositories/2/archival_objects/30880",
        "level": "file",
        "publish": true,
        "children": [],
        "node_type": "archival_object",
        "has_children": false,
        "suppressed": false,
        "id": 30880,
        "containers": []
      }, {
        "title": "O, 1918",
        "instance_types": [],
        "record_uri": "/repositories/2/archival_objects/30881",
        "level": "file",
        "publish": true,
        "children": [],
        "node_type": "archival_object",
        "has_children": false,
        "suppressed": false,
        "id": 30881,
        "containers": []
      }, {
        "title": "P, 1917-1919",
        "instance_types": [],
        "record_uri": "/repositories/2/archival_objects/30882",
        "level": "file",
        "publish": true,
        "children": [],
        "node_type": "archival_object",
        "has_children": false,
        "suppressed": false,
        "id": 30882,
        "containers": []
      }, {
        "title": "Q-R, 1917-1919",
        "instance_types": [],
        "record_uri": "/repositories/2/archival_objects/30883",
        "level": "file",
        "publish": true,
        "children": [],
        "node_type": "archival_object",
        "has_children": false,
        "suppressed": false,
        "id": 30883,
        "containers": []
      }, {
        "title": "S, 1917-1919",
        "instance_types": [],
        "record_uri": "/repositories/2/archival_objects/30884",
        "level": "file",
        "publish": true,
        "children": [],
        "node_type": "archival_object",
        "has_children": false,
        "suppressed": false,
        "id": 30884,
        "containers": []
      }, {
        "title": "T, 1918-1919",
        "instance_types": [],
        "record_uri": "/repositories/2/archival_objects/30885",
        "level": "file",
        "publish": true,
        "children": [],
        "node_type": "archival_object",
        "has_children": false,
        "suppressed": false,
        "id": 30885,
        "containers": []
      }, {
        "title": "U-V, 1918-1919",
        "instance_types": [],
        "record_uri": "/repositories/2/archival_objects/30886",
        "level": "file",
        "publish": true,
        "children": [],
        "node_type": "archival_object",
        "has_children": false,
        "suppressed": false,
        "id": 30886,
        "containers": []
      }, {
        "title": "W-Z, 1917-1919",
        "instance_types": [],
        "record_uri": "/repositories/2/archival_objects/30887",
        "level": "file",
        "publish": true,
        "children": [],
        "node_type": "archival_object",
        "has_children": false,
        "suppressed": false,
        "id": 30887,
        "containers": []
      }],
      "node_type": "archival_object",
      "has_children": true,
      "suppressed": false,
      "id": 30866,
      "containers": []
    }, {
      "title": "Reports, 1919, n.d.",
      "instance_types": [],
      "record_uri": "/repositories/2/archival_objects/30888",
      "level": "subseries",
      "publish": true,
      "children": [{
        "title": "Hospital, undated",
        "instance_types": [],
        "record_uri": "/repositories/2/archival_objects/30889",
        "level": "file",
        "publish": true,
        "children": [],
        "node_type": "archival_object",
        "has_children": false,
        "suppressed": false,
        "id": 30889,
        "containers": []
      }, {
        "title": "Miscellaneous, 1919",
        "instance_types": [],
        "record_uri": "/repositories/2/archival_objects/30890",
        "level": "file",
        "publish": true,
        "children": [],
        "node_type": "archival_object",
        "has_children": false,
        "suppressed": false,
        "id": 30890,
        "containers": []
      }],
      "node_type": "archival_object",
      "has_children": true,
      "suppressed": false,
      "id": 30888,
      "containers": []
    }, {
      "title": "Subject Files, 1917-1919",
      "instance_types": [],
      "record_uri": "/repositories/2/archival_objects/30891",
      "level": "subseries",
      "publish": true,
      "children": [{
        "title": "A-C, 1917-1918",
        "instance_types": [],
        "record_uri": "/repositories/2/archival_objects/30892",
        "level": "file",
        "publish": true,
        "children": [],
        "node_type": "archival_object",
        "has_children": false,
        "suppressed": false,
        "id": 30892,
        "containers": []
      }, {
        "title": "Dakin Solution/Carrel Method, 1917-1919",
        "instance_types": [],
        "record_uri": "/repositories/2/archival_objects/30893",
        "level": "file",
        "publish": true,
        "children": [],
        "node_type": "archival_object",
        "has_children": false,
        "suppressed": false,
        "id": 30893,
        "containers": []
      }, {
        "title": "E-G, 1918",
        "instance_types": [],
        "record_uri": "/repositories/2/archival_objects/30894",
        "level": "file",
        "publish": true,
        "children": [],
        "node_type": "archival_object",
        "has_children": false,
        "suppressed": false,
        "id": 30894,
        "containers": []
      }, {
        "title": "Empyema, 1918-1919",
        "instance_types": [],
        "record_uri": "/repositories/2/archival_objects/30895",
        "level": "file",
        "publish": true,
        "children": [],
        "node_type": "archival_object",
        "has_children": false,
        "suppressed": false,
        "id": 30895,
        "containers": []
      }, {
        "title": "H-P, 1917-1918",
        "instance_types": [],
        "record_uri": "/repositories/2/archival_objects/30896",
        "level": "file",
        "publish": true,
        "children": [],
        "node_type": "archival_object",
        "has_children": false,
        "suppressed": false,
        "id": 30896,
        "containers": []
      }, {
        "title": "Radium, 1917-1918",
        "instance_types": [],
        "record_uri": "/repositories/2/archival_objects/30897",
        "level": "file",
        "publish": true,
        "children": [],
        "node_type": "archival_object",
        "has_children": false,
        "suppressed": false,
        "id": 30897,
        "containers": []
      }, {
        "title": "Recommendations to Surgeon General, 1918-1919",
        "instance_types": [],
        "record_uri": "/repositories/2/archival_objects/30898",
        "level": "file",
        "publish": true,
        "children": [],
        "node_type": "archival_object",
        "has_children": false,
        "suppressed": false,
        "id": 30898,
        "containers": []
      }, {
        "title": "S-T, 1917-1918",
        "instance_types": [],
        "record_uri": "/repositories/2/archival_objects/30899",
        "level": "file",
        "publish": true,
        "children": [],
        "node_type": "archival_object",
        "has_children": false,
        "suppressed": false,
        "id": 30899,
        "containers": []
      }, {
        "title": "Students' Reports, 1917-1918",
        "instance_types": [],
        "record_uri": "/repositories/2/archival_objects/30900",
        "level": "file",
        "publish": true,
        "children": [],
        "node_type": "archival_object",
        "has_children": false,
        "suppressed": false,
        "id": 30900,
        "containers": []
      }, {
        "title": "Tethelin, 1918-1919",
        "instance_types": [],
        "record_uri": "/repositories/2/archival_objects/30901",
        "level": "file",
        "publish": true,
        "children": [],
        "node_type": "archival_object",
        "has_children": false,
        "suppressed": false,
        "id": 30901,
        "containers": []
      }, {
        "title": "X-Ray, 1918-1919",
        "instance_types": [],
        "record_uri": "/repositories/2/archival_objects/30902",
        "level": "file",
        "publish": true,
        "children": [],
        "node_type": "archival_object",
        "has_children": false,
        "suppressed": false,
        "id": 30902,
        "containers": []
      }],
      "node_type": "archival_object",
      "has_children": true,
      "suppressed": false,
      "id": 30891,
      "containers": []
    }],
    "node_type": "archival_object",
    "has_children": true,
    "suppressed": false,
    "id": 30865,
    "containers": []
  }, {
    "title": "Superintendents' Files, 1917-1919",
    "instance_types": [],
    "record_uri": "/repositories/2/archival_objects/30903",
    "level": "series",
    "publish": true,
    "children": [{
      "title": "Correspondence, 1917-1919",
      "instance_types": [],
      "record_uri": "/repositories/2/archival_objects/30904",
      "level": "subseries",
      "publish": true,
      "children": [{
        "title": "A, 1917-1919",
        "instance_types": [],
        "record_uri": "/repositories/2/archival_objects/30905",
        "level": "file",
        "publish": true,
        "children": [],
        "node_type": "archival_object",
        "has_children": false,
        "suppressed": false,
        "id": 30905,
        "containers": []
      }, {
        "title": "B, 1917-1919",
        "instance_types": [],
        "record_uri": "/repositories/2/archival_objects/30906",
        "level": "file",
        "publish": true,
        "children": [],
        "node_type": "archival_object",
        "has_children": false,
        "suppressed": false,
        "id": 30906,
        "containers": []
      }, {
        "title": "C, 1917-1918",
        "instance_types": [],
        "record_uri": "/repositories/2/archival_objects/30907",
        "level": "file",
        "publish": true,
        "children": [],
        "node_type": "archival_object",
        "has_children": false,
        "suppressed": false,
        "id": 30907,
        "containers": []
      }, {
        "title": "D, 1917-1918",
        "instance_types": [],
        "record_uri": "/repositories/2/archival_objects/30908",
        "level": "file",
        "publish": true,
        "children": [],
        "node_type": "archival_object",
        "has_children": false,
        "suppressed": false,
        "id": 30908,
        "containers": []
      }, {
        "title": "E-G, 1917-1918",
        "instance_types": [],
        "record_uri": "/repositories/2/archival_objects/30909",
        "level": "file",
        "publish": true,
        "children": [],
        "node_type": "archival_object",
        "has_children": false,
        "suppressed": false,
        "id": 30909,
        "containers": []
      }, {
        "title": "H, 1917-1919",
        "instance_types": [],
        "record_uri": "/repositories/2/archival_objects/30910",
        "level": "file",
        "publish": true,
        "children": [],
        "node_type": "archival_object",
        "has_children": false,
        "suppressed": false,
        "id": 30910,
        "containers": []
      }, {
        "title": "I-J, 1917-1918",
        "instance_types": [],
        "record_uri": "/repositories/2/archival_objects/30911",
        "level": "file",
        "publish": true,
        "children": [],
        "node_type": "archival_object",
        "has_children": false,
        "suppressed": false,
        "id": 30911,
        "containers": []
      }, {
        "title": "K, 1917-1919",
        "instance_types": [],
        "record_uri": "/repositories/2/archival_objects/30912",
        "level": "file",
        "publish": true,
        "children": [],
        "node_type": "archival_object",
        "has_children": false,
        "suppressed": false,
        "id": 30912,
        "containers": []
      }, {
        "title": "L, 1918-1919",
        "instance_types": [],
        "record_uri": "/repositories/2/archival_objects/30913",
        "level": "file",
        "publish": true,
        "children": [],
        "node_type": "archival_object",
        "has_children": false,
        "suppressed": false,
        "id": 30913,
        "containers": []
      }, {
        "title": "M, 1917-1918",
        "instance_types": [],
        "record_uri": "/repositories/2/archival_objects/30914",
        "level": "file",
        "publish": true,
        "children": [],
        "node_type": "archival_object",
        "has_children": false,
        "suppressed": false,
        "id": 30914,
        "containers": []
      }, {
        "title": "N-R, 1917-1919",
        "instance_types": [],
        "record_uri": "/repositories/2/archival_objects/30915",
        "level": "file",
        "publish": true,
        "children": [],
        "node_type": "archival_object",
        "has_children": false,
        "suppressed": false,
        "id": 30915,
        "containers": []
      }, {
        "title": "S, 1917-1918",
        "instance_types": [],
        "record_uri": "/repositories/2/archival_objects/30916",
        "level": "file",
        "publish": true,
        "children": [],
        "node_type": "archival_object",
        "has_children": false,
        "suppressed": false,
        "id": 30916,
        "containers": []
      }, {
        "title": "T-V, 1917-1919",
        "instance_types": [],
        "record_uri": "/repositories/2/archival_objects/30917",
        "level": "file",
        "publish": true,
        "children": [],
        "node_type": "archival_object",
        "has_children": false,
        "suppressed": false,
        "id": 30917,
        "containers": []
      }, {
        "title": "W, 1917-1919",
        "instance_types": [],
        "record_uri": "/repositories/2/archival_objects/30918",
        "level": "file",
        "publish": true,
        "children": [],
        "node_type": "archival_object",
        "has_children": false,
        "suppressed": false,
        "id": 30918,
        "containers": []
      }, {
        "title": "X-Z, 1917-1918",
        "instance_types": [],
        "record_uri": "/repositories/2/archival_objects/30919",
        "level": "file",
        "publish": true,
        "children": [],
        "node_type": "archival_object",
        "has_children": false,
        "suppressed": false,
        "id": 30919,
        "containers": []
      }],
      "node_type": "archival_object",
      "has_children": true,
      "suppressed": false,
      "id": 30904,
      "containers": []
    }, {
      "title": "Miscellaneous, 1917-1919",
      "instance_types": [],
      "record_uri": "/repositories/2/archival_objects/30920",
      "level": "subseries",
      "publish": true,
      "children": [{
        "title": "1917-1919",
        "instance_types": [],
        "record_uri": "/repositories/2/archival_objects/30921",
        "level": "file",
        "publish": true,
        "children": [],
        "node_type": "archival_object",
        "has_children": false,
        "suppressed": false,
        "id": 30921,
        "containers": []
      }],
      "node_type": "archival_object",
      "has_children": true,
      "suppressed": false,
      "id": 30920,
      "containers": []
    }],
    "node_type": "archival_object",
    "has_children": true,
    "suppressed": false,
    "id": 30903,
    "containers": []
  }],
  "containers": []
}
