{
  "jsonmodel_type": "resource_tree",
  "title": "Armin C. Braun papers, Rockefeller University Faculty",
  "instance_types": [],
  "record_uri": "/repositories/2/resources/98",
  "level": "collection",
  "publish": true,
  "id": 98,
  "node_type": "resource",
  "finding_aid_filing_title": "Braun (Armin C.) papers",
  "suppressed": false,
  "children": [{
    "title": "Biographical",
    "instance_types": [],
    "record_uri": "/repositories/2/archival_objects/30741",
    "level": "file",
    "publish": true,
    "children": [],
    "node_type": "archival_object",
    "has_children": false,
    "suppressed": false,
    "id": 30741,
    "containers": []
  }, {
    "title": "Bibliography",
    "instance_types": [],
    "record_uri": "/repositories/2/archival_objects/30742",
    "level": "file",
    "publish": true,
    "children": [],
    "node_type": "archival_object",
    "has_children": false,
    "suppressed": false,
    "id": 30742,
    "containers": []
  }, {
    "title": "Biographies",
    "instance_types": [],
    "record_uri": "/repositories/2/archival_objects/30743",
    "level": "file",
    "publish": true,
    "children": [],
    "node_type": "archival_object",
    "has_children": false,
    "suppressed": false,
    "id": 30743,
    "containers": []
  }, {
    "title": "Clippings",
    "instance_types": [],
    "record_uri": "/repositories/2/archival_objects/30744",
    "level": "file",
    "publish": true,
    "children": [],
    "node_type": "archival_object",
    "has_children": false,
    "suppressed": false,
    "id": 30744,
    "containers": []
  }, {
    "title": "Administrative correspondence, 1938-1950",
    "instance_types": [],
    "record_uri": "/repositories/2/archival_objects/30745",
    "level": "file",
    "publish": true,
    "children": [],
    "node_type": "archival_object",
    "has_children": false,
    "suppressed": false,
    "id": 30745,
    "containers": []
  }, {
    "title": "Correspondence",
    "instance_types": [],
    "record_uri": "/repositories/2/archival_objects/30746",
    "level": "file",
    "publish": true,
    "children": [],
    "node_type": "archival_object",
    "has_children": false,
    "suppressed": false,
    "id": 30746,
    "containers": []
  }, {
    "title": "Reprints, 1937-1982",
    "instance_types": [],
    "record_uri": "/repositories/2/archival_objects/30747",
    "level": "file",
    "publish": true,
    "children": [],
    "node_type": "archival_object",
    "has_children": false,
    "suppressed": false,
    "id": 30747,
    "containers": []
  }],
  "containers": []
}
