{
  "jsonmodel_type": "resource_tree",
  "title": "Wade H. Brown papers, Rockefeller Institute for Medical Research Scientific Staff",
  "instance_types": [],
  "record_uri": "/repositories/2/resources/99",
  "level": "collection",
  "publish": true,
  "id": 99,
  "node_type": "resource",
  "finding_aid_filing_title": "Brown (Wade H.) papers",
  "suppressed": false,
  "children": [{
    "title": "Biographical material, photographs, memorial minute, bibliography, reports on development of scientific work",
    "instance_types": [],
    "record_uri": "/repositories/2/archival_objects/30748",
    "level": "file",
    "publish": true,
    "children": [],
    "node_type": "archival_object",
    "has_children": false,
    "suppressed": false,
    "id": 30748,
    "containers": []
  }, {
    "title": "Report of death, telegrams, posthumous letters, committee for completing work on constitution",
    "instance_types": [],
    "record_uri": "/repositories/2/archival_objects/30749",
    "level": "file",
    "publish": true,
    "children": [],
    "node_type": "archival_object",
    "has_children": false,
    "suppressed": false,
    "id": 30749,
    "containers": []
  }, {
    "title": "Administrative correspondence, 1911-1929",
    "instance_types": [],
    "record_uri": "/repositories/2/archival_objects/30750",
    "level": "file",
    "publish": true,
    "children": [],
    "node_type": "archival_object",
    "has_children": false,
    "suppressed": false,
    "id": 30750,
    "containers": []
  }, {
    "title": "Administrative correspondence, 1930-1942",
    "instance_types": [],
    "record_uri": "/repositories/2/archival_objects/30751",
    "level": "file",
    "publish": true,
    "children": [],
    "node_type": "archival_object",
    "has_children": false,
    "suppressed": false,
    "id": 30751,
    "containers": []
  }, {
    "title": "Collected Reprints",
    "instance_types": [],
    "record_uri": "/repositories/2/archival_objects/30752",
    "level": "file",
    "publish": true,
    "children": [],
    "node_type": "archival_object",
    "has_children": false,
    "suppressed": false,
    "id": 30752,
    "containers": []
  }, {
    "title": "re: Tryparsamide work - Loevenhart, Arthur S. Correspondence, 1914",
    "instance_types": [],
    "record_uri": "/repositories/2/archival_objects/30755",
    "level": "file",
    "publish": true,
    "children": [],
    "node_type": "archival_object",
    "has_children": false,
    "suppressed": false,
    "id": 30755,
    "containers": []
  }, {
    "title": "re: Tryparsamide work - Loevenhart, Arthur S. Correspondence, 1919",
    "instance_types": [],
    "record_uri": "/repositories/2/archival_objects/30756",
    "level": "file",
    "publish": true,
    "children": [],
    "node_type": "archival_object",
    "has_children": false,
    "suppressed": false,
    "id": 30756,
    "containers": []
  }, {
    "title": "re: Tryparsamide work - Loevenhart, Arthur S. Correspondence, 1920",
    "instance_types": [],
    "record_uri": "/repositories/2/archival_objects/30757",
    "level": "file",
    "publish": true,
    "children": [],
    "node_type": "archival_object",
    "has_children": false,
    "suppressed": false,
    "id": 30757,
    "containers": []
  }, {
    "title": "re: Tryparsamide work - Loevenhart, Arthur S. Correspondence, 1921",
    "instance_types": [],
    "record_uri": "/repositories/2/archival_objects/30758",
    "level": "file",
    "publish": true,
    "children": [],
    "node_type": "archival_object",
    "has_children": false,
    "suppressed": false,
    "id": 30758,
    "containers": []
  }, {
    "title": "re: Tryparsamide work - Loevenhart, Arthur S. Correspondence, 1922",
    "instance_types": [],
    "record_uri": "/repositories/2/archival_objects/30759",
    "level": "file",
    "publish": true,
    "children": [],
    "node_type": "archival_object",
    "has_children": false,
    "suppressed": false,
    "id": 30759,
    "containers": []
  }, {
    "title": "re: Tryparsamide work - Loevenhart, Arthur S. Correspondence, 1923 January-June",
    "instance_types": [],
    "record_uri": "/repositories/2/archival_objects/30760",
    "level": "file",
    "publish": true,
    "children": [],
    "node_type": "archival_object",
    "has_children": false,
    "suppressed": false,
    "id": 30760,
    "containers": []
  }, {
    "title": "re: Tryparsamide work - Loevenhart, Arthur S. Correspondence, 1923 September-December",
    "instance_types": [],
    "record_uri": "/repositories/2/archival_objects/30761",
    "level": "file",
    "publish": true,
    "children": [],
    "node_type": "archival_object",
    "has_children": false,
    "suppressed": false,
    "id": 30761,
    "containers": []
  }, {
    "title": "re: Tryparsamide work - Loevenhart, Arthur S. Correspondence, 1924 January-February",
    "instance_types": [],
    "record_uri": "/repositories/2/archival_objects/30762",
    "level": "file",
    "publish": true,
    "children": [],
    "node_type": "archival_object",
    "has_children": false,
    "suppressed": false,
    "id": 30762,
    "containers": []
  }, {
    "title": "re: Tryparsamide work - Loevenhart, Arthur S. Correspondence, 1924 March",
    "instance_types": [],
    "record_uri": "/repositories/2/archival_objects/30763",
    "level": "file",
    "publish": true,
    "children": [],
    "node_type": "archival_object",
    "has_children": false,
    "suppressed": false,
    "id": 30763,
    "containers": []
  }, {
    "title": "re: Tryparsamide work - Loevenhart, Arthur S. Correspondence, 1924 April-December",
    "instance_types": [],
    "record_uri": "/repositories/2/archival_objects/30764",
    "level": "file",
    "publish": true,
    "children": [],
    "node_type": "archival_object",
    "has_children": false,
    "suppressed": false,
    "id": 30764,
    "containers": []
  }, {
    "title": "re: Tryparsamide work - Loevenhart, Arthur S. Correspondence, 1925",
    "instance_types": [],
    "record_uri": "/repositories/2/archival_objects/30765",
    "level": "file",
    "publish": true,
    "children": [],
    "node_type": "archival_object",
    "has_children": false,
    "suppressed": false,
    "id": 30765,
    "containers": []
  }, {
    "title": "re: Tryparsamide work - Loevenhart, Arthur S. Correspondence, 1926",
    "instance_types": [],
    "record_uri": "/repositories/2/archival_objects/30766",
    "level": "file",
    "publish": true,
    "children": [],
    "node_type": "archival_object",
    "has_children": false,
    "suppressed": false,
    "id": 30766,
    "containers": []
  }, {
    "title": "re: Tryparsamide work - A.S. Loevenhart Mss. 16 pp.",
    "instance_types": [],
    "record_uri": "/repositories/2/archival_objects/30767",
    "level": "file",
    "publish": true,
    "children": [],
    "node_type": "archival_object",
    "has_children": false,
    "suppressed": false,
    "id": 30767,
    "containers": []
  }, {
    "title": "re: Tryparsamide work - \"Statement as to the agreement entered into with Dr. Loevenhart for the Study of Tryparsamide\", ca. 1924 January",
    "instance_types": [],
    "record_uri": "/repositories/2/archival_objects/30768",
    "level": "file",
    "publish": true,
    "children": [],
    "node_type": "archival_object",
    "has_children": false,
    "suppressed": false,
    "id": 30768,
    "containers": []
  }, {
    "title": "re: Tryparsamide work - re: C. Leake's paper in \"Science\"., 1925 Seotember 18",
    "instance_types": [],
    "record_uri": "/repositories/2/archival_objects/30769",
    "level": "file",
    "publish": true,
    "children": [],
    "node_type": "archival_object",
    "has_children": false,
    "suppressed": false,
    "id": 30769,
    "containers": []
  }, {
    "title": "re: Tryparsamide work - Copies of unused Mss re: Loevenhart statement in \"Science\".",
    "instance_types": [],
    "record_uri": "/repositories/2/archival_objects/30770",
    "level": "file",
    "publish": true,
    "children": [],
    "node_type": "archival_object",
    "has_children": false,
    "suppressed": false,
    "id": 30770,
    "containers": []
  }, {
    "title": "re: Tryparsamide work - \"Science\" issues 1925 18 September and 25 December, 1925",
    "instance_types": [],
    "record_uri": "/repositories/2/archival_objects/30771",
    "level": "file",
    "publish": true,
    "children": [],
    "node_type": "archival_object",
    "has_children": false,
    "suppressed": false,
    "id": 30771,
    "containers": []
  }, {
    "title": "re: Tryparsamide work - Auer, John, 1926",
    "instance_types": [],
    "record_uri": "/repositories/2/archival_objects/30772",
    "level": "file",
    "publish": true,
    "children": [],
    "node_type": "archival_object",
    "has_children": false,
    "suppressed": false,
    "id": 30772,
    "containers": []
  }, {
    "title": "re: Tryparsamide work - Chicago Medical Society Bulletin 8, 1923 December 15",
    "instance_types": [],
    "record_uri": "/repositories/2/archival_objects/30773",
    "level": "file",
    "publish": true,
    "children": [],
    "node_type": "archival_object",
    "has_children": false,
    "suppressed": false,
    "id": 30773,
    "containers": []
  }, {
    "title": "re: Tryparsamide work - Clipping, The Capitol Times (?), Madison, WI, 1926 January 5",
    "instance_types": [],
    "record_uri": "/repositories/2/archival_objects/30774",
    "level": "file",
    "publish": true,
    "children": [],
    "node_type": "archival_object",
    "has_children": false,
    "suppressed": false,
    "id": 30774,
    "containers": []
  }],
  "containers": []
}
