{"lock_version": 775, "system_mtime": "2016-01-05T21:35:52Z", "terms": [{"lock_version": 0, "system_mtime": "2014-12-06T02:29:54Z", "term": "Philanthropy", "vocabulary": "/vocabularies/1", "jsonmodel_type": "term", "user_mtime": "2014-12-06T02:29:54Z", "uri": "/terms/105", "last_modified_by": "admin", "create_time": "2014-12-06T02:29:54Z", "created_by": "admin", "term_type": "topical"}], "vocabulary": "/vocabularies/1", "jsonmodel_type": "subject", "title": "Philanthropy", "external_documents": [], "user_mtime": "2014-12-06T02:29:54Z", "uri": "/subjects/103", "last_modified_by": "admin", "source": "local", "create_time": "2014-12-06T02:29:54Z", "created_by": "admin", "is_linked_to_published_record": true, "external_ids": [{"system_mtime": "2014-12-06T02:29:54Z", "jsonmodel_type": "external_id", "user_mtime": "2014-12-06T02:29:54Z", "last_modified_by": "admin", "source": "Archivists Toolkit Database::SUBJECT", "create_time": "2014-12-06T02:29:54Z", "created_by": "admin", "external_id": "120"}], "publish": true}