{"lock_version": 6, "system_mtime": "2016-02-12T19:18:57Z", "terms": [{"lock_version": 0, "system_mtime": "2014-12-06T02:29:44Z", "term": "Field theory (Physics)", "vocabulary": "/vocabularies/1", "jsonmodel_type": "term", "user_mtime": "2014-12-06T02:29:44Z", "uri": "/terms/14", "last_modified_by": "admin", "create_time": "2014-12-06T02:29:44Z", "created_by": "admin", "term_type": "topical"}], "vocabulary": "/vocabularies/1", "jsonmodel_type": "subject", "title": "Field theory (Physics)", "external_documents": [], "user_mtime": "2014-12-06T02:29:44Z", "uri": "/subjects/13", "last_modified_by": "admin", "source": "lcsh", "create_time": "2014-12-06T02:29:44Z", "created_by": "admin", "is_linked_to_published_record": true, "external_ids": [{"system_mtime": "2014-12-06T02:29:44Z", "jsonmodel_type": "external_id", "user_mtime": "2014-12-06T02:29:44Z", "last_modified_by": "admin", "source": "Archivists Toolkit Database::SUBJECT", "create_time": "2014-12-06T02:29:44Z", "created_by": "admin", "external_id": "17"}], "publish": true}