{"lock_version": 53, "system_mtime": "2016-01-05T20:55:38Z", "terms": [{"lock_version": 0, "system_mtime": "2014-12-06T02:30:03Z", "term": "Minorities", "vocabulary": "/vocabularies/1", "jsonmodel_type": "term", "user_mtime": "2014-12-06T02:30:03Z", "uri": "/terms/212", "last_modified_by": "admin", "create_time": "2014-12-06T02:30:03Z", "created_by": "admin", "term_type": "topical"}], "vocabulary": "/vocabularies/1", "jsonmodel_type": "subject", "title": "Minorities", "external_documents": [], "user_mtime": "2014-12-06T02:30:03Z", "uri": "/subjects/206", "last_modified_by": "admin", "source": "lcsh", "create_time": "2014-12-06T02:30:03Z", "created_by": "admin", "is_linked_to_published_record": true, "external_ids": [{"system_mtime": "2014-12-06T02:30:03Z", "jsonmodel_type": "external_id", "user_mtime": "2014-12-06T02:30:03Z", "last_modified_by": "admin", "source": "Archivists Toolkit Database::SUBJECT", "create_time": "2014-12-06T02:30:03Z", "created_by": "admin", "external_id": "250"}], "publish": true}