{"lock_version": 1748, "system_mtime": "2016-02-14T22:39:01Z", "terms": [{"lock_version": 0, "system_mtime": "2014-12-06T02:29:45Z", "term": "Public health", "vocabulary": "/vocabularies/1", "jsonmodel_type": "term", "user_mtime": "2014-12-06T02:29:45Z", "uri": "/terms/26", "last_modified_by": "admin", "create_time": "2014-12-06T02:29:45Z", "created_by": "admin", "term_type": "topical"}], "vocabulary": "/vocabularies/1", "jsonmodel_type": "subject", "title": "Public health", "external_documents": [], "user_mtime": "2014-12-06T02:29:45Z", "uri": "/subjects/22", "last_modified_by": "admin", "source": "lcsh", "create_time": "2014-12-06T02:29:45Z", "created_by": "admin", "is_linked_to_published_record": true, "external_ids": [{"system_mtime": "2014-12-06T02:29:45Z", "jsonmodel_type": "external_id", "user_mtime": "2014-12-06T02:29:45Z", "last_modified_by": "admin", "source": "Archivists Toolkit Database::SUBJECT", "create_time": "2014-12-06T02:29:45Z", "created_by": "admin", "external_id": "27"}], "publish": true}