{"lock_version": 15, "system_mtime": "2015-09-18T18:59:29Z", "terms": [{"lock_version": 0, "system_mtime": "2014-12-06T02:29:47Z", "term": "Social sciences", "vocabulary": "/vocabularies/1", "jsonmodel_type": "term", "user_mtime": "2014-12-06T02:29:47Z", "uri": "/terms/48", "last_modified_by": "admin", "create_time": "2014-12-06T02:29:47Z", "created_by": "admin", "term_type": "topical"}, {"lock_version": 0, "system_mtime": "2014-12-06T02:29:45Z", "term": "Research", "vocabulary": "/vocabularies/1", "jsonmodel_type": "term", "user_mtime": "2014-12-06T02:29:45Z", "uri": "/terms/24", "last_modified_by": "admin", "create_time": "2014-12-06T02:29:45Z", "created_by": "admin", "term_type": "topical"}], "vocabulary": "/vocabularies/1", "jsonmodel_type": "subject", "title": "Social sciences -- Research", "external_documents": [], "user_mtime": "2014-12-06T02:30:06Z", "uri": "/subjects/243", "last_modified_by": "admin", "source": "lcsh", "create_time": "2014-12-06T02:30:06Z", "created_by": "admin", "is_linked_to_published_record": true, "external_ids": [{"system_mtime": "2014-12-06T02:30:06Z", "jsonmodel_type": "external_id", "user_mtime": "2014-12-06T02:30:06Z", "last_modified_by": "admin", "source": "Archivists Toolkit Database::SUBJECT", "create_time": "2014-12-06T02:30:06Z", "created_by": "admin", "external_id": "300"}], "publish": true}