{"lock_version": 5, "system_mtime": "2015-09-18T18:56:16Z", "terms": [{"lock_version": 0, "system_mtime": "2014-12-06T02:30:06Z", "term": "Psychiatry", "vocabulary": "/vocabularies/1", "jsonmodel_type": "term", "user_mtime": "2014-12-06T02:30:06Z", "uri": "/terms/247", "last_modified_by": "admin", "create_time": "2014-12-06T02:30:06Z", "created_by": "admin", "term_type": "occupation"}, {"lock_version": 0, "system_mtime": "2014-12-06T02:30:06Z", "term": "Research", "vocabulary": "/vocabularies/1", "jsonmodel_type": "term", "user_mtime": "2014-12-06T02:30:06Z", "uri": "/terms/248", "last_modified_by": "admin", "create_time": "2014-12-06T02:30:06Z", "created_by": "admin", "term_type": "occupation"}], "vocabulary": "/vocabularies/1", "jsonmodel_type": "subject", "title": "Psychiatry -- Research", "external_documents": [], "user_mtime": "2014-12-06T02:30:06Z", "uri": "/subjects/244", "last_modified_by": "admin", "source": "lcsh", "create_time": "2014-12-06T02:30:06Z", "created_by": "admin", "is_linked_to_published_record": true, "external_ids": [{"system_mtime": "2014-12-06T02:30:06Z", "jsonmodel_type": "external_id", "user_mtime": "2014-12-06T02:30:06Z", "last_modified_by": "admin", "source": "Archivists Toolkit Database::SUBJECT", "create_time": "2014-12-06T02:30:06Z", "created_by": "admin", "external_id": "301"}], "publish": true}