{"lock_version": 5, "system_mtime": "2015-09-18T18:56:16Z", "terms": [{"lock_version": 0, "system_mtime": "2014-12-06T02:30:07Z", "term": "Violence", "vocabulary": "/vocabularies/1", "jsonmodel_type": "term", "user_mtime": "2014-12-06T02:30:07Z", "uri": "/terms/252", "last_modified_by": "admin", "create_time": "2014-12-06T02:30:07Z", "created_by": "admin", "term_type": "topical"}, {"lock_version": 0, "system_mtime": "2014-12-06T02:30:07Z", "term": "Prevention", "vocabulary": "/vocabularies/1", "jsonmodel_type": "term", "user_mtime": "2014-12-06T02:30:07Z", "uri": "/terms/253", "last_modified_by": "admin", "create_time": "2014-12-06T02:30:07Z", "created_by": "admin", "term_type": "topical"}], "vocabulary": "/vocabularies/1", "jsonmodel_type": "subject", "title": "Violence -- Prevention", "external_documents": [], "user_mtime": "2014-12-06T02:30:07Z", "uri": "/subjects/248", "last_modified_by": "admin", "source": "lcsh", "create_time": "2014-12-06T02:30:07Z", "created_by": "admin", "is_linked_to_published_record": true, "external_ids": [{"system_mtime": "2014-12-06T02:30:07Z", "jsonmodel_type": "external_id", "user_mtime": "2014-12-06T02:30:07Z", "last_modified_by": "admin", "source": "Archivists Toolkit Database::SUBJECT", "create_time": "2014-12-06T02:30:07Z", "created_by": "admin", "external_id": "306"}], "publish": true}