{"lock_version": 163, "system_mtime": "2016-01-05T20:13:39Z", "terms": [{"lock_version": 0, "system_mtime": "2014-12-06T02:30:12Z", "term": "Hospitals", "vocabulary": "/vocabularies/1", "jsonmodel_type": "term", "user_mtime": "2014-12-06T02:30:12Z", "uri": "/terms/301", "last_modified_by": "admin", "create_time": "2014-12-06T02:30:12Z", "created_by": "admin", "term_type": "topical"}], "vocabulary": "/vocabularies/1", "jsonmodel_type": "subject", "title": "Hospitals", "external_documents": [], "user_mtime": "2014-12-06T02:30:15Z", "uri": "/subjects/331", "last_modified_by": "admin", "source": "lcsh", "create_time": "2014-12-06T02:30:15Z", "created_by": "admin", "is_linked_to_published_record": true, "external_ids": [{"system_mtime": "2014-12-06T02:30:15Z", "jsonmodel_type": "external_id", "user_mtime": "2014-12-06T02:30:15Z", "last_modified_by": "admin", "source": "Archivists Toolkit Database::SUBJECT", "create_time": "2014-12-06T02:30:15Z", "created_by": "admin", "external_id": "391"}], "publish": true}