{"lock_version": 16, "system_mtime": "2015-09-18T18:59:14Z", "terms": [{"lock_version": 0, "system_mtime": "2014-12-06T02:30:16Z", "term": "Radiology", "vocabulary": "/vocabularies/1", "jsonmodel_type": "term", "user_mtime": "2014-12-06T02:30:16Z", "uri": "/terms/344", "last_modified_by": "admin", "create_time": "2014-12-06T02:30:16Z", "created_by": "admin", "term_type": "topical"}], "vocabulary": "/vocabularies/1", "jsonmodel_type": "subject", "title": "Radiology", "external_documents": [], "user_mtime": "2014-12-06T02:30:16Z", "uri": "/subjects/340", "last_modified_by": "admin", "source": "lcsh", "create_time": "2014-12-06T02:30:16Z", "created_by": "admin", "is_linked_to_published_record": true, "external_ids": [{"system_mtime": "2014-12-06T02:30:16Z", "jsonmodel_type": "external_id", "user_mtime": "2014-12-06T02:30:16Z", "last_modified_by": "admin", "source": "Archivists Toolkit Database::SUBJECT", "create_time": "2014-12-06T02:30:16Z", "created_by": "admin", "external_id": "401"}], "publish": true}