{"lock_version": 15173, "system_mtime": "2016-02-15T00:55:50Z", "terms": [{"lock_version": 0, "system_mtime": "2014-12-06T02:29:47Z", "term": "United States", "vocabulary": "/vocabularies/1", "jsonmodel_type": "term", "user_mtime": "2014-12-06T02:29:47Z", "uri": "/terms/44", "last_modified_by": "admin", "create_time": "2014-12-06T02:29:47Z", "created_by": "admin", "term_type": "geographic"}], "vocabulary": "/vocabularies/1", "jsonmodel_type": "subject", "title": "United States", "external_documents": [], "user_mtime": "2014-12-06T02:29:47Z", "uri": "/subjects/37", "last_modified_by": "admin", "source": "lcsh", "create_time": "2014-12-06T02:29:47Z", "created_by": "admin", "is_linked_to_published_record": true, "external_ids": [{"system_mtime": "2014-12-06T02:29:47Z", "jsonmodel_type": "external_id", "user_mtime": "2014-12-06T02:29:47Z", "last_modified_by": "admin", "source": "Archivists Toolkit Database::SUBJECT", "create_time": "2014-12-06T02:29:47Z", "created_by": "admin", "external_id": "46"}], "publish": true}