{
    "lock_version": 83,
    "title": "Epidemics",
    "created_by": "admin",
    "last_modified_by": "admin",
    "create_time": "2014-12-06T02:29:48Z",
    "system_mtime": "2015-11-25T20:59:59Z",
    "user_mtime": "2014-12-06T02:29:48Z",
    "source": "lcsh",
    "jsonmodel_type": "subject",
    "external_ids": [
        {
            "external_id": "63",
            "source": "Archivists Toolkit Database::SUBJECT",
            "created_by": "admin",
            "last_modified_by": "admin",
            "create_time": "2014-12-06T02:29:48Z",
            "system_mtime": "2014-12-06T02:29:48Z",
            "user_mtime": "2014-12-06T02:29:48Z",
            "jsonmodel_type": "external_id"
        }
    ],
    "publish": true,
    "terms": [
        {
            "lock_version": 0,
            "term": "Epidemics",
            "created_by": "admin",
            "last_modified_by": "admin",
            "create_time": "2014-12-06T02:29:49Z",
            "system_mtime": "2014-12-06T02:29:49Z",
            "user_mtime": "2014-12-06T02:29:49Z",
            "term_type": "topical",
            "jsonmodel_type": "term",
            "uri": "/terms/58",
            "vocabulary": "/vocabularies/1"
        }
    ],
    "external_documents": [],
    "uri": "/subjects/52",
    "is_linked_to_published_record": true,
    "vocabulary": "/vocabularies/1"
}
