{"lock_version": 306, "system_mtime": "2015-11-17T19:16:50Z", "terms": [{"lock_version": 0, "system_mtime": "2014-12-06T02:29:53Z", "term": "Japan", "vocabulary": "/vocabularies/1", "jsonmodel_type": "term", "user_mtime": "2014-12-06T02:29:53Z", "uri": "/terms/96", "last_modified_by": "admin", "create_time": "2014-12-06T02:29:53Z", "created_by": "admin", "term_type": "geographic"}], "vocabulary": "/vocabularies/1", "jsonmodel_type": "subject", "title": "Japan", "external_documents": [], "user_mtime": "2014-12-06T02:29:53Z", "uri": "/subjects/93", "last_modified_by": "admin", "source": "lcsh", "create_time": "2014-12-06T02:29:53Z", "created_by": "admin", "is_linked_to_published_record": true, "external_ids": [{"system_mtime": "2014-12-06T02:29:53Z", "jsonmodel_type": "external_id", "user_mtime": "2014-12-06T02:29:53Z", "last_modified_by": "admin", "source": "Archivists Toolkit Database::SUBJECT", "create_time": "2014-12-06T02:29:53Z", "created_by": "admin", "external_id": "109"}], "publish": true}