{"lock_version": 0, "system_mtime": "2015-11-21T05:02:46Z", "extents": [], "jsonmodel_type": "archival_object", "ref_id": "ref2832_jnc", "instances": [{"lock_version": 0, "system_mtime": "2014-12-07T19:35:45Z", "container": {"lock_version": 0, "indicator_1": "218", "indicator_2": "3099", "jsonmodel_type": "container", "user_mtime": "2014-12-06T03:51:11Z", "last_modified_by": "admin", "container_locations": [{"status": "current", "system_mtime": "2014-12-06 03:51:11 UTC", "ref": "/locations/6513", "user_mtime": "2014-12-06 03:51:11 UTC", "start_date": "2014-12-05"}], "type_2": "folder", "type_1": "box", "create_time": "2014-12-06T03:51:11Z", "created_by": "admin", "system_mtime": "2014-12-06T03:51:11Z"}, "jsonmodel_type": "instance", "user_mtime": "2014-12-06T03:51:11Z", "last_modified_by": "admin", "instance_type": "mixed materials", "create_time": "2014-12-06T03:51:11Z", "created_by": "admin"}], "create_time": "2014-12-06T03:51:11Z", "created_by": "admin", "parent": {"ref": "/repositories/2/archival_objects/18494"}, "title": "Albert Einstein College of Medicine - Saul Scheidlinger (648-8189)", "display_string": "Albert Einstein College of Medicine - Saul Scheidlinger (648-8189), 1973-1975", "publish": true, "subjects": [], "external_documents": [], "linked_agents": [], "repository": {"ref": "/repositories/2"}, "has_unpublished_ancestor": false, "user_mtime": "2014-12-06T03:51:11Z", "rights_statements": [], "linked_events": [], "external_ids": [{"system_mtime": "2014-12-06T03:51:11Z", "jsonmodel_type": "external_id", "user_mtime": "2014-12-06T03:51:11Z", "last_modified_by": "admin", "source": "Archivists Toolkit Database::RESOURCE_COMPONENT", "create_time": "2014-12-06T03:51:11Z", "created_by": "admin", "external_id": "71197"}], "suppressed": false, "dates": [{"lock_version": 0, "system_mtime": "2014-12-06T03:51:11Z", "begin": "1973", "end": "1975", "jsonmodel_type": "date", "date_type": "inclusive", "user_mtime": "2014-12-06T03:51:11Z", "last_modified_by": "admin", "label": "creation", "create_time": "2014-12-06T03:51:11Z", "created_by": "admin", "expression": "1973-1975"}], "resource": {"ref": "/repositories/2/resources/94"}, "level": "file", "notes": [{"persistent_id": "31745b4a212106e03b1bf3c8066148c4", "type": "separatedmaterial", "subnotes": [{"content": "See Series 5c, Special Formats (Audiovisual and digital material), reels 7 and 8.", "publish": true, "jsonmodel_type": "note_text"}], "jsonmodel_type": "note_multipart", "publish": true}], "uri": "/repositories/2/archival_objects/18500", "last_modified_by": "admin", "restrictions_apply": false, "position": 5}