{"lock_version": 0, "system_mtime": "2015-11-21T05:12:04Z", "extents": [], "jsonmodel_type": "archival_object", "ref_id": "ref161_aeq", "instances": [{"lock_version": 0, "system_mtime": "2014-12-07T19:35:45Z", "container": {"lock_version": 0, "indicator_1": "17", "indicator_2": "2", "jsonmodel_type": "container", "user_mtime": "2014-12-06T04:04:32Z", "last_modified_by": "admin", "container_locations": [{"status": "current", "system_mtime": "2014-12-06 04:04:32 UTC", "ref": "/locations/1546", "user_mtime": "2014-12-06 04:04:32 UTC", "start_date": "2014-12-05"}], "type_2": "folder", "type_1": "box", "create_time": "2014-12-06T04:04:32Z", "created_by": "admin", "system_mtime": "2014-12-06T04:04:32Z"}, "jsonmodel_type": "instance", "user_mtime": "2014-12-06T04:04:32Z", "last_modified_by": "admin", "instance_type": "mixed materials", "create_time": "2014-12-06T04:04:32Z", "created_by": "admin"}], "create_time": "2014-12-06T04:04:32Z", "created_by": "admin", "parent": {"ref": "/repositories/2/archival_objects/30891"}, "title": "Students' Reports", "display_string": "Students' Reports, 1917-1918", "publish": true, "subjects": [], "external_documents": [], "linked_agents": [], "repository": {"ref": "/repositories/2"}, "has_unpublished_ancestor": false, "user_mtime": "2014-12-06T04:04:32Z", "rights_statements": [], "linked_events": [], "external_ids": [{"system_mtime": "2014-12-06T04:04:32Z", "jsonmodel_type": "external_id", "user_mtime": "2014-12-06T04:04:32Z", "last_modified_by": "admin", "source": "Archivists Toolkit Database::RESOURCE_COMPONENT", "create_time": "2014-12-06T04:04:32Z", "created_by": "admin", "external_id": "22510"}], "suppressed": false, "dates": [{"lock_version": 0, "system_mtime": "2014-12-06T04:04:32Z", "begin": "1917", "end": "1918", "jsonmodel_type": "date", "date_type": "inclusive", "user_mtime": "2014-12-06T04:04:32Z", "last_modified_by": "admin", "label": "creation", "create_time": "2014-12-06T04:04:32Z", "created_by": "admin", "expression": "1917-1918"}], "resource": {"ref": "/repositories/2/resources/100"}, "level": "file", "notes": [], "uri": "/repositories/2/archival_objects/30900", "last_modified_by": "admin", "restrictions_apply": false, "position": 8}