{"lock_version": 0, "system_mtime": "2015-11-21T05:13:15Z", "extents": [], "jsonmodel_type": "archival_object", "ref_id": "ref74_d0r", "instances": [{"lock_version": 0, "system_mtime": "2014-12-07T19:35:45Z", "container": {"lock_version": 0, "indicator_1": "7", "indicator_2": "59", "jsonmodel_type": "container", "user_mtime": "2014-12-06T04:11:53Z", "last_modified_by": "admin", "container_locations": [{"status": "current", "system_mtime": "2014-12-06 04:11:53 UTC", "ref": "/locations/3386", "user_mtime": "2014-12-06 04:11:53 UTC", "start_date": "2014-12-05"}], "type_2": "folder", "type_1": "box", "create_time": "2014-12-06T04:11:53Z", "created_by": "admin", "system_mtime": "2014-12-06T04:11:53Z"}, "jsonmodel_type": "instance", "user_mtime": "2014-12-06T04:11:53Z", "last_modified_by": "admin", "instance_type": "mixed materials", "create_time": "2014-12-06T04:11:53Z", "created_by": "admin"}], "create_time": "2014-12-06T04:11:53Z", "created_by": "admin", "parent": {"ref": "/repositories/2/archival_objects/36441"}, "title": "U. S. Congress - House of Representatives - Ways and Means Committee - Press Releases", "display_string": "U. S. Congress - House of Representatives - Ways and Means Committee - Press Releases, 1969", "publish": true, "subjects": [], "external_documents": [], "linked_agents": [], "repository": {"ref": "/repositories/2"}, "has_unpublished_ancestor": false, "user_mtime": "2014-12-06T04:11:53Z", "rights_statements": [], "linked_events": [], "external_ids": [{"system_mtime": "2014-12-06T04:11:53Z", "jsonmodel_type": "external_id", "user_mtime": "2014-12-06T04:11:53Z", "last_modified_by": "admin", "source": "Archivists Toolkit Database::RESOURCE_COMPONENT", "create_time": "2014-12-06T04:11:53Z", "created_by": "admin", "external_id": "26326"}], "suppressed": false, "dates": [{"lock_version": 0, "system_mtime": "2014-12-06T04:11:53Z", "begin": "1969", "end": "1969", "jsonmodel_type": "date", "date_type": "inclusive", "user_mtime": "2014-12-06T04:11:53Z", "last_modified_by": "admin", "label": "creation", "create_time": "2014-12-06T04:11:53Z", "created_by": "admin", "expression": "1969"}], "resource": {"ref": "/repositories/2/resources/104"}, "level": "file", "notes": [], "uri": "/repositories/2/archival_objects/36500", "last_modified_by": "admin", "restrictions_apply": false, "position": 58}