{"lock_version": 0, "system_mtime": "2015-11-21T05:13:38Z", "extents": [], "jsonmodel_type": "archival_object", "ref_id": "ref1121_bjs", "instances": [{"lock_version": 0, "system_mtime": "2014-12-07T19:35:45Z", "container": {"lock_version": 0, "indicator_1": "51", "indicator_2": "561", "jsonmodel_type": "container", "user_mtime": "2014-12-06T04:13:26Z", "last_modified_by": "admin", "container_locations": [], "type_2": "frame", "type_1": "reel", "create_time": "2014-12-06T04:13:26Z", "created_by": "admin", "system_mtime": "2014-12-06T04:13:26Z"}, "jsonmodel_type": "instance", "user_mtime": "2014-12-06T04:13:26Z", "last_modified_by": "admin", "instance_type": "mixed materials", "create_time": "2014-12-06T04:13:26Z", "created_by": "admin"}], "create_time": "2014-12-06T04:13:26Z", "created_by": "admin", "parent": {"ref": "/repositories/2/archival_objects/36787"}, "title": "Osei, Peter - Application 890160", "display_string": "Osei, Peter - Application 890160", "publish": true, "subjects": [], "external_documents": [], "linked_agents": [], "repository": {"ref": "/repositories/2"}, "has_unpublished_ancestor": false, "user_mtime": "2014-12-06T04:13:26Z", "rights_statements": [], "linked_events": [], "external_ids": [{"system_mtime": "2014-12-06T04:13:26Z", "jsonmodel_type": "external_id", "user_mtime": "2014-12-06T04:13:26Z", "last_modified_by": "admin", "source": "Archivists Toolkit Database::RESOURCE_COMPONENT", "create_time": "2014-12-06T04:13:26Z", "created_by": "admin", "external_id": "27816"}], "suppressed": false, "dates": [], "resource": {"ref": "/repositories/2/resources/105"}, "level": "file", "notes": [], "uri": "/repositories/2/archival_objects/37700", "last_modified_by": "admin", "restrictions_apply": false, "position": 912}