{"lock_version": 0, "system_mtime": "2015-11-21T05:13:47Z", "extents": [], "jsonmodel_type": "archival_object", "ref_id": "ref1738_nuo", "instances": [{"lock_version": 0, "system_mtime": "2014-12-07T19:35:45Z", "container": {"lock_version": 0, "indicator_1": "85", "indicator_2": "345", "jsonmodel_type": "container", "user_mtime": "2014-12-06T04:13:48Z", "last_modified_by": "admin", "container_locations": [], "type_2": "frame", "type_1": "reel", "create_time": "2014-12-06T04:13:48Z", "created_by": "admin", "system_mtime": "2014-12-06T04:13:48Z"}, "jsonmodel_type": "instance", "user_mtime": "2014-12-06T04:13:48Z", "last_modified_by": "admin", "instance_type": "mixed materials", "create_time": "2014-12-06T04:13:48Z", "created_by": "admin"}], "create_time": "2014-12-06T04:13:48Z", "created_by": "admin", "parent": {"ref": "/repositories/2/archival_objects/38092"}, "title": "Harrington Arthritis Research Center - General Correspondence", "display_string": "Harrington Arthritis Research Center - General Correspondence", "publish": true, "subjects": [], "external_documents": [], "linked_agents": [], "repository": {"ref": "/repositories/2"}, "has_unpublished_ancestor": false, "user_mtime": "2014-12-06T04:13:48Z", "rights_statements": [], "linked_events": [], "external_ids": [{"system_mtime": "2014-12-06T04:13:48Z", "jsonmodel_type": "external_id", "user_mtime": "2014-12-06T04:13:48Z", "last_modified_by": "admin", "source": "Archivists Toolkit Database::RESOURCE_COMPONENT", "create_time": "2014-12-06T04:13:48Z", "created_by": "admin", "external_id": "27216"}], "suppressed": false, "dates": [], "resource": {"ref": "/repositories/2/resources/105"}, "level": "file", "notes": [], "uri": "/repositories/2/archival_objects/38300", "last_modified_by": "admin", "restrictions_apply": false, "position": 207}