{"lock_version": 0, "system_mtime": "2015-11-21T05:13:55Z", "extents": [], "jsonmodel_type": "archival_object", "ref_id": "ref2246_wtf", "instances": [{"lock_version": 0, "system_mtime": "2014-12-07T19:35:45Z", "container": {"lock_version": 0, "indicator_1": "124", "indicator_2": "206", "jsonmodel_type": "container", "user_mtime": "2014-12-06T04:14:05Z", "last_modified_by": "admin", "container_locations": [], "type_2": "frame", "type_1": "reel", "create_time": "2014-12-06T04:14:05Z", "created_by": "admin", "system_mtime": "2014-12-06T04:14:05Z"}, "jsonmodel_type": "instance", "user_mtime": "2014-12-06T04:14:05Z", "last_modified_by": "admin", "instance_type": "mixed materials", "create_time": "2014-12-06T04:14:05Z", "created_by": "admin"}], "create_time": "2014-12-06T04:14:05Z", "created_by": "admin", "parent": {"ref": "/repositories/2/archival_objects/38785"}, "title": "Meeting - 24 September 1987 - New York, New York", "display_string": "Meeting - 24 September 1987 - New York, New York, September 24, 1987", "publish": true, "subjects": [], "external_documents": [], "linked_agents": [], "repository": {"ref": "/repositories/2"}, "has_unpublished_ancestor": false, "user_mtime": "2014-12-06T04:14:05Z", "rights_statements": [], "linked_events": [], "external_ids": [{"system_mtime": "2014-12-06T04:14:05Z", "jsonmodel_type": "external_id", "user_mtime": "2014-12-06T04:14:05Z", "last_modified_by": "admin", "source": "Archivists Toolkit Database::RESOURCE_COMPONENT", "create_time": "2014-12-06T04:14:05Z", "created_by": "admin", "external_id": "26716"}], "suppressed": false, "dates": [{"lock_version": 0, "system_mtime": "2014-12-06T04:14:05Z", "begin": "1987", "end": "1987", "jsonmodel_type": "date", "date_type": "inclusive", "user_mtime": "2014-12-06T04:14:05Z", "last_modified_by": "admin", "label": "creation", "create_time": "2014-12-06T04:14:05Z", "created_by": "admin", "expression": "September 24, 1987"}], "resource": {"ref": "/repositories/2/resources/105"}, "level": "file", "notes": [], "uri": "/repositories/2/archival_objects/38800", "last_modified_by": "admin", "restrictions_apply": false, "position": 14}