{"lock_version": 0, "system_mtime": "2015-09-18T18:56:54Z", "extents": [], "jsonmodel_type": "archival_object", "ref_id": "ref2455_re0", "instances": [], "create_time": "2014-12-06T04:14:12Z", "created_by": "admin", "title": "Program Development", "display_string": "Program Development, 1982-1996", "publish": true, "subjects": [], "external_documents": [], "linked_agents": [], "repository": {"ref": "/repositories/2"}, "has_unpublished_ancestor": false, "user_mtime": "2014-12-06T04:14:12Z", "rights_statements": [], "linked_events": [], "external_ids": [{"system_mtime": "2014-12-06T04:14:12Z", "jsonmodel_type": "external_id", "user_mtime": "2014-12-06T04:14:12Z", "last_modified_by": "admin", "source": "Archivists Toolkit Database::RESOURCE_COMPONENT", "create_time": "2014-12-06T04:14:12Z", "created_by": "admin", "external_id": "26491"}], "suppressed": false, "dates": [{"lock_version": 0, "system_mtime": "2014-12-06T04:14:12Z", "begin": "1982", "end": "1996", "jsonmodel_type": "date", "date_type": "inclusive", "user_mtime": "2014-12-06T04:14:12Z", "last_modified_by": "admin", "label": "creation", "create_time": "2014-12-06T04:14:12Z", "created_by": "admin", "expression": "1982-1996"}], "component_id": "4", "resource": {"ref": "/repositories/2/resources/105"}, "level": "series", "notes": [{"subnotes": [{"content": "This series is arranged alphabetically.\n\n", "publish": true, "jsonmodel_type": "note_text"}], "jsonmodel_type": "note_multipart", "persistent_id": "5c0295abd3bc1f7b3f0ce7767398b6eb", "publish": true, "label": "Arrangement note", "type": "arrangement"}, {"subnotes": [{"content": "This series includes the records of the Director for Program Administration, Nancy W. Weber. The material in this series discusses overall program planning and grants administration. Information pertaining to the formation of award categories, think tank meetings, publicity and press releases, overhead policy, and grant planning are detailed.\n\n", "publish": true, "jsonmodel_type": "note_text"}], "jsonmodel_type": "note_multipart", "persistent_id": "37d8af3551819ba975ec619e974a40fe", "publish": true, "label": "Scope and Contents note", "type": "scopecontent"}], "uri": "/repositories/2/archival_objects/39000", "last_modified_by": "admin", "restrictions_apply": false, "position": 3}