{"lock_version": 0, "system_mtime": "2015-11-21T05:14:04Z", "extents": [], "jsonmodel_type": "archival_object", "ref_id": "ref1041_kjk", "instances": [{"lock_version": 0, "system_mtime": "2014-12-06T04:15:32Z", "jsonmodel_type": "instance", "digital_object": {"ref": "/repositories/2/digital_objects/567"}, "user_mtime": "2014-12-06T04:15:32Z", "last_modified_by": "admin", "instance_type": "digital_object", "create_time": "2014-12-06T04:15:32Z", "created_by": "admin"}, {"lock_version": 0, "system_mtime": "2014-12-06T04:15:32Z", "container": {"lock_version": 0, "indicator_1": "39", "indicator_2": "57", "jsonmodel_type": "container", "user_mtime": "2014-12-06T04:15:32Z", "last_modified_by": "admin", "container_locations": [], "type_2": "frame", "type_1": "reel", "create_time": "2014-12-06T04:15:32Z", "created_by": "admin", "system_mtime": "2014-12-06T04:15:32Z"}, "jsonmodel_type": "instance", "user_mtime": "2014-12-06T04:15:32Z", "last_modified_by": "admin", "instance_type": "microform", "create_time": "2014-12-06T04:15:32Z", "created_by": "admin"}], "create_time": "2014-12-06T04:15:32Z", "created_by": "admin", "parent": {"ref": "/repositories/2/archival_objects/39663"}, "display_string": "February 14, 1983", "publish": true, "subjects": [], "external_documents": [], "linked_agents": [], "repository": {"ref": "/repositories/2"}, "has_unpublished_ancestor": false, "user_mtime": "2014-12-06T04:15:32Z", "rights_statements": [], "linked_events": [], "external_ids": [{"system_mtime": "2014-12-06T04:15:32Z", "jsonmodel_type": "external_id", "user_mtime": "2014-12-06T04:15:32Z", "last_modified_by": "admin", "source": "Archivists Toolkit Database::RESOURCE_COMPONENT", "create_time": "2014-12-06T04:15:32Z", "created_by": "admin", "external_id": "62601"}], "suppressed": false, "dates": [{"lock_version": 0, "system_mtime": "2014-12-06T04:15:32Z", "begin": "1983", "end": "1983", "jsonmodel_type": "date", "date_type": "inclusive", "user_mtime": "2014-12-06T04:15:32Z", "last_modified_by": "admin", "label": "creation", "create_time": "2014-12-06T04:15:32Z", "created_by": "admin", "expression": "February 14, 1983"}], "resource": {"ref": "/repositories/2/resources/107"}, "level": "file", "notes": [], "uri": "/repositories/2/archival_objects/39700", "last_modified_by": "admin", "restrictions_apply": false, "position": 36}