{"lock_version": 0, "system_mtime": "2015-11-21T05:14:06Z", "extents": [], "jsonmodel_type": "archival_object", "ref_id": "ref1219_oes", "instances": [{"lock_version": 0, "system_mtime": "2014-12-06T04:15:42Z", "container": {"lock_version": 0, "indicator_1": "53", "indicator_2": "549", "jsonmodel_type": "container", "user_mtime": "2014-12-06T04:15:42Z", "last_modified_by": "admin", "container_locations": [], "type_2": "frame", "type_1": "reel", "create_time": "2014-12-06T04:15:42Z", "created_by": "admin", "system_mtime": "2014-12-06T04:15:42Z"}, "jsonmodel_type": "instance", "user_mtime": "2014-12-06T04:15:42Z", "last_modified_by": "admin", "instance_type": "microform", "create_time": "2014-12-06T04:15:42Z", "created_by": "admin"}, {"lock_version": 0, "system_mtime": "2014-12-06T04:15:42Z", "jsonmodel_type": "instance", "digital_object": {"ref": "/repositories/2/digital_objects/714"}, "user_mtime": "2014-12-06T04:15:42Z", "last_modified_by": "admin", "instance_type": "digital_object", "create_time": "2014-12-06T04:15:42Z", "created_by": "admin"}], "create_time": "2014-12-06T04:15:42Z", "created_by": "admin", "parent": {"ref": "/repositories/2/archival_objects/39885"}, "title": "American Public Welfare Association", "display_string": "American Public Welfare Association, 1988-1989", "publish": true, "subjects": [], "external_documents": [], "linked_agents": [], "repository": {"ref": "/repositories/2"}, "has_unpublished_ancestor": false, "user_mtime": "2014-12-06T04:15:42Z", "rights_statements": [], "linked_events": [], "external_ids": [{"system_mtime": "2014-12-06T04:15:42Z", "jsonmodel_type": "external_id", "user_mtime": "2014-12-06T04:15:42Z", "last_modified_by": "admin", "source": "Archivists Toolkit Database::RESOURCE_COMPONENT", "create_time": "2014-12-06T04:15:42Z", "created_by": "admin", "external_id": "62428"}], "suppressed": false, "dates": [{"lock_version": 0, "system_mtime": "2014-12-06T04:15:42Z", "begin": "1988", "end": "1989", "jsonmodel_type": "date", "date_type": "inclusive", "user_mtime": "2014-12-06T04:15:42Z", "last_modified_by": "admin", "label": "creation", "create_time": "2014-12-06T04:15:42Z", "created_by": "admin", "expression": "1988-1989"}], "resource": {"ref": "/repositories/2/resources/107"}, "level": "file", "notes": [], "uri": "/repositories/2/archival_objects/39900", "last_modified_by": "admin", "restrictions_apply": false, "position": 14}