{"lock_version": 0, "system_mtime": "2015-11-21T05:14:13Z", "extents": [], "jsonmodel_type": "archival_object", "ref_id": "ref168_6v8", "instances": [{"lock_version": 0, "system_mtime": "2014-12-07T19:35:45Z", "container": {"lock_version": 0, "indicator_1": "13", "indicator_2": "139", "jsonmodel_type": "container", "user_mtime": "2014-12-06T04:16:25Z", "last_modified_by": "admin", "container_locations": [{"status": "current", "system_mtime": "2014-12-06 04:16:25 UTC", "ref": "/locations/1474", "user_mtime": "2014-12-06 04:16:25 UTC", "start_date": "2014-12-05"}], "type_2": "folder", "type_1": "box", "create_time": "2014-12-06T04:16:25Z", "created_by": "admin", "system_mtime": "2014-12-06T04:16:25Z"}, "jsonmodel_type": "instance", "user_mtime": "2014-12-06T04:16:25Z", "last_modified_by": "admin", "instance_type": "mixed materials", "create_time": "2014-12-06T04:16:25Z", "created_by": "admin"}], "create_time": "2014-12-06T04:16:25Z", "created_by": "admin", "parent": {"ref": "/repositories/2/archival_objects/40461"}, "title": "Dr. Lisa Steiner", "display_string": "Dr. Lisa Steiner, 1978-1987", "publish": true, "subjects": [], "external_documents": [], "linked_agents": [], "repository": {"ref": "/repositories/2"}, "has_unpublished_ancestor": false, "user_mtime": "2014-12-06T04:16:25Z", "rights_statements": [], "linked_events": [], "external_ids": [{"system_mtime": "2014-12-06T04:16:25Z", "jsonmodel_type": "external_id", "user_mtime": "2014-12-06T04:16:25Z", "last_modified_by": "admin", "source": "Archivists Toolkit Database::RESOURCE_COMPONENT", "create_time": "2014-12-06T04:16:25Z", "created_by": "admin", "external_id": "28983"}], "suppressed": false, "dates": [{"lock_version": 0, "system_mtime": "2014-12-06T04:16:25Z", "begin": "1978", "end": "1987", "jsonmodel_type": "date", "date_type": "inclusive", "user_mtime": "2014-12-06T04:16:25Z", "last_modified_by": "admin", "label": "creation", "create_time": "2014-12-06T04:16:25Z", "created_by": "admin", "expression": "1978-1987"}], "resource": {"ref": "/repositories/2/resources/108"}, "level": "file", "notes": [], "uri": "/repositories/2/archival_objects/40600", "last_modified_by": "admin", "restrictions_apply": false, "position": 138}