{"lock_version": 234, "system_mtime": "2015-11-14T21:23:27Z", "terms": [{"lock_version": 0, "system_mtime": "2014-12-06T02:29:54Z", "term": "World War I", "vocabulary": "/vocabularies/1", "jsonmodel_type": "term", "user_mtime": "2014-12-06T02:29:54Z", "uri": "/terms/107", "last_modified_by": "admin", "create_time": "2014-12-06T02:29:54Z", "created_by": "admin", "term_type": "topical"}], "vocabulary": "/vocabularies/1", "jsonmodel_type": "subject", "title": "World War I", "external_documents": [], "user_mtime": "2014-12-06T02:29:54Z", "uri": "/subjects/105", "last_modified_by": "admin", "source": "lcsh", "create_time": "2014-12-06T02:29:54Z", "created_by": "admin", "is_linked_to_published_record": true, "external_ids": [{"system_mtime": "2014-12-06T02:29:54Z", "jsonmodel_type": "external_id", "user_mtime": "2014-12-06T02:29:54Z", "last_modified_by": "admin", "source": "Archivists Toolkit Database::SUBJECT", "create_time": "2014-12-06T02:29:54Z", "created_by": "admin", "external_id": "122"}], "publish": true}