{"lock_version": 170, "system_mtime": "2015-09-18T19:35:51Z", "terms": [{"lock_version": 0, "system_mtime": "2014-12-06T02:29:55Z", "term": "Prevention and health", "vocabulary": "/vocabularies/1", "jsonmodel_type": "term", "user_mtime": "2014-12-06T02:29:55Z", "uri": "/terms/127", "last_modified_by": "admin", "create_time": "2014-12-06T02:29:55Z", "created_by": "admin", "term_type": "topical"}], "vocabulary": "/vocabularies/1", "jsonmodel_type": "subject", "title": "Prevention and health", "external_documents": [], "user_mtime": "2014-12-06T02:29:55Z", "uri": "/subjects/123", "last_modified_by": "admin", "source": "lcsh", "create_time": "2014-12-06T02:29:55Z", "created_by": "admin", "is_linked_to_published_record": true, "external_ids": [{"system_mtime": "2014-12-06T02:29:55Z", "jsonmodel_type": "external_id", "user_mtime": "2014-12-06T02:29:55Z", "last_modified_by": "admin", "source": "Archivists Toolkit Database::SUBJECT", "create_time": "2014-12-06T02:29:55Z", "created_by": "admin", "external_id": "143"}], "publish": true}