{"lock_version": 252, "system_mtime": "2015-11-25T20:59:59Z", "terms": [{"lock_version": 0, "system_mtime": "2014-12-06T02:29:56Z", "term": "Diseases", "vocabulary": "/vocabularies/1", "jsonmodel_type": "term", "user_mtime": "2014-12-06T02:29:56Z", "uri": "/terms/138", "last_modified_by": "admin", "create_time": "2014-12-06T02:29:56Z", "created_by": "admin", "term_type": "topical"}], "vocabulary": "/vocabularies/1", "jsonmodel_type": "subject", "title": "Diseases", "external_documents": [], "user_mtime": "2014-12-06T02:29:56Z", "uri": "/subjects/134", "last_modified_by": "admin", "source": "lcsh", "create_time": "2014-12-06T02:29:56Z", "created_by": "admin", "is_linked_to_published_record": true, "external_ids": [{"system_mtime": "2014-12-06T02:29:56Z", "jsonmodel_type": "external_id", "user_mtime": "2014-12-06T02:29:56Z", "last_modified_by": "admin", "source": "Archivists Toolkit Database::SUBJECT", "create_time": "2014-12-06T02:29:56Z", "created_by": "admin", "external_id": "154"}], "publish": true}