{"lock_version": 292, "system_mtime": "2015-10-19T14:11:11Z", "terms": [{"lock_version": 0, "system_mtime": "2014-12-06T02:30:00Z", "term": "Law", "vocabulary": "/vocabularies/1", "jsonmodel_type": "term", "user_mtime": "2014-12-06T02:30:00Z", "uri": "/terms/181", "last_modified_by": "admin", "create_time": "2014-12-06T02:30:00Z", "created_by": "admin", "term_type": "topical"}], "vocabulary": "/vocabularies/1", "jsonmodel_type": "subject", "title": "Law", "external_documents": [], "user_mtime": "2014-12-06T02:30:00Z", "uri": "/subjects/175", "last_modified_by": "admin", "source": "lcsh", "create_time": "2014-12-06T02:30:00Z", "created_by": "admin", "is_linked_to_published_record": true, "external_ids": [{"system_mtime": "2014-12-06T02:30:00Z", "jsonmodel_type": "external_id", "user_mtime": "2014-12-06T02:30:00Z", "last_modified_by": "admin", "source": "Archivists Toolkit Database::SUBJECT", "create_time": "2014-12-06T02:30:00Z", "created_by": "admin", "external_id": "210"}], "publish": true}