{"lock_version": 22, "system_mtime": "2015-09-18T18:59:23Z", "terms": [{"lock_version": 0, "system_mtime": "2014-12-06T02:29:44Z", "term": "Taxation", "vocabulary": "/vocabularies/1", "jsonmodel_type": "term", "user_mtime": "2014-12-06T02:29:44Z", "uri": "/terms/20", "last_modified_by": "admin", "create_time": "2014-12-06T02:29:44Z", "created_by": "admin", "term_type": "topical"}, {"lock_version": 0, "system_mtime": "2014-12-06T02:29:44Z", "term": "Law and legislation", "vocabulary": "/vocabularies/1", "jsonmodel_type": "term", "user_mtime": "2014-12-06T02:29:44Z", "uri": "/terms/21", "last_modified_by": "admin", "create_time": "2014-12-06T02:29:44Z", "created_by": "admin", "term_type": "topical"}, {"lock_version": 0, "system_mtime": "2014-12-06T02:29:45Z", "term": "United States", "vocabulary": "/vocabularies/1", "jsonmodel_type": "term", "user_mtime": "2014-12-06T02:29:45Z", "uri": "/terms/22", "last_modified_by": "admin", "create_time": "2014-12-06T02:29:45Z", "created_by": "admin", "term_type": "topical"}], "vocabulary": "/vocabularies/1", "jsonmodel_type": "subject", "title": "Taxation -- Law and legislation -- United States", "external_documents": [], "user_mtime": "2014-12-06T02:29:44Z", "uri": "/subjects/19", "last_modified_by": "admin", "source": "lcsh", "create_time": "2014-12-06T02:29:44Z", "created_by": "admin", "is_linked_to_published_record": true, "external_ids": [{"system_mtime": "2014-12-06T02:29:44Z", "jsonmodel_type": "external_id", "user_mtime": "2014-12-06T02:29:44Z", "last_modified_by": "admin", "source": "Archivists Toolkit Database::SUBJECT", "create_time": "2014-12-06T02:29:44Z", "created_by": "admin", "external_id": "23"}], "publish": true}