{"lock_version": 74, "system_mtime": "2015-12-04T18:08:37Z", "terms": [{"lock_version": 0, "system_mtime": "2014-12-06T02:30:04Z", "term": "Race and society", "vocabulary": "/vocabularies/1", "jsonmodel_type": "term", "user_mtime": "2014-12-06T02:30:04Z", "uri": "/terms/225", "last_modified_by": "admin", "create_time": "2014-12-06T02:30:04Z", "created_by": "admin", "term_type": "topical"}], "vocabulary": "/vocabularies/1", "jsonmodel_type": "subject", "title": "Race and society", "external_documents": [], "user_mtime": "2014-12-06T02:30:04Z", "uri": "/subjects/219", "last_modified_by": "admin", "source": "lcsh", "create_time": "2014-12-06T02:30:04Z", "created_by": "admin", "is_linked_to_published_record": true, "external_ids": [{"system_mtime": "2014-12-06T02:30:04Z", "jsonmodel_type": "external_id", "user_mtime": "2014-12-06T02:30:04Z", "last_modified_by": "admin", "source": "Archivists Toolkit Database::SUBJECT", "create_time": "2014-12-06T02:30:04Z", "created_by": "admin", "external_id": "267"}], "publish": true}