{"lock_version": 492, "system_mtime": "2015-12-16T19:31:29Z", "terms": [{"lock_version": 0, "system_mtime": "2014-12-06T02:29:54Z", "term": "Philanthropy", "vocabulary": "/vocabularies/1", "jsonmodel_type": "term", "user_mtime": "2014-12-06T02:29:54Z", "uri": "/terms/105", "last_modified_by": "admin", "create_time": "2014-12-06T02:29:54Z", "created_by": "admin", "term_type": "topical"}, {"lock_version": 0, "system_mtime": "2014-12-06T02:29:45Z", "term": "United States", "vocabulary": "/vocabularies/1", "jsonmodel_type": "term", "user_mtime": "2014-12-06T02:29:45Z", "uri": "/terms/22", "last_modified_by": "admin", "create_time": "2014-12-06T02:29:45Z", "created_by": "admin", "term_type": "topical"}], "vocabulary": "/vocabularies/1", "jsonmodel_type": "subject", "title": "Philanthropy -- United States", "external_documents": [], "user_mtime": "2014-12-06T02:30:06Z", "uri": "/subjects/237", "last_modified_by": "admin", "source": "local", "create_time": "2014-12-06T02:30:06Z", "created_by": "admin", "is_linked_to_published_record": true, "external_ids": [{"system_mtime": "2014-12-06T02:30:06Z", "jsonmodel_type": "external_id", "user_mtime": "2014-12-06T02:30:06Z", "last_modified_by": "admin", "source": "Archivists Toolkit Database::SUBJECT", "create_time": "2014-12-06T02:30:06Z", "created_by": "admin", "external_id": "292"}], "publish": true}