{"lock_version": 247, "system_mtime": "2015-10-19T14:11:11Z", "terms": [{"lock_version": 0, "system_mtime": "2014-12-06T02:30:07Z", "term": "Child psychology", "vocabulary": "/vocabularies/1", "jsonmodel_type": "term", "user_mtime": "2014-12-06T02:30:07Z", "uri": "/terms/250", "last_modified_by": "admin", "create_time": "2014-12-06T02:30:07Z", "created_by": "admin", "term_type": "topical"}], "vocabulary": "/vocabularies/1", "jsonmodel_type": "subject", "title": "Child psychology", "external_documents": [], "user_mtime": "2014-12-06T02:30:07Z", "uri": "/subjects/246", "last_modified_by": "admin", "source": "lcsh", "create_time": "2014-12-06T02:30:07Z", "created_by": "admin", "is_linked_to_published_record": true, "external_ids": [{"system_mtime": "2014-12-06T02:30:07Z", "jsonmodel_type": "external_id", "user_mtime": "2014-12-06T02:30:07Z", "last_modified_by": "admin", "source": "Archivists Toolkit Database::SUBJECT", "create_time": "2014-12-06T02:30:07Z", "created_by": "admin", "external_id": "303"}], "publish": true}