{"lock_version": 76, "system_mtime": "2016-01-05T19:26:50Z", "terms": [{"lock_version": 0, "system_mtime": "2014-12-06T02:30:07Z", "term": "Plant diseases", "vocabulary": "/vocabularies/1", "jsonmodel_type": "term", "user_mtime": "2014-12-06T02:30:07Z", "uri": "/terms/260", "last_modified_by": "admin", "create_time": "2014-12-06T02:30:07Z", "created_by": "admin", "term_type": "topical"}], "vocabulary": "/vocabularies/1", "jsonmodel_type": "subject", "title": "Plant diseases", "external_documents": [], "user_mtime": "2014-12-06T02:30:07Z", "uri": "/subjects/255", "last_modified_by": "admin", "source": "lcsh", "create_time": "2014-12-06T02:30:07Z", "created_by": "admin", "is_linked_to_published_record": true, "external_ids": [{"system_mtime": "2014-12-06T02:30:07Z", "jsonmodel_type": "external_id", "user_mtime": "2014-12-06T02:30:07Z", "last_modified_by": "admin", "source": "Archivists Toolkit Database::SUBJECT", "create_time": "2014-12-06T02:30:07Z", "created_by": "admin", "external_id": "313"}], "publish": true}