{"lock_version": 253, "system_mtime": "2015-11-13T18:17:36Z", "terms": [{"lock_version": 0, "system_mtime": "2014-12-06T02:30:08Z", "term": "War relief", "vocabulary": "/vocabularies/1", "jsonmodel_type": "term", "user_mtime": "2014-12-06T02:30:08Z", "uri": "/terms/263", "last_modified_by": "admin", "create_time": "2014-12-06T02:30:08Z", "created_by": "admin", "term_type": "topical"}], "vocabulary": "/vocabularies/1", "jsonmodel_type": "subject", "title": "War relief", "external_documents": [], "user_mtime": "2014-12-06T02:30:08Z", "uri": "/subjects/258", "last_modified_by": "admin", "source": "lcsh", "create_time": "2014-12-06T02:30:08Z", "created_by": "admin", "is_linked_to_published_record": true, "external_ids": [{"system_mtime": "2014-12-06T02:30:08Z", "jsonmodel_type": "external_id", "user_mtime": "2014-12-06T02:30:08Z", "last_modified_by": "admin", "source": "Archivists Toolkit Database::SUBJECT", "create_time": "2014-12-06T02:30:08Z", "created_by": "admin", "external_id": "316"}], "publish": true}