{"lock_version": 224, "system_mtime": "2015-10-19T14:11:11Z", "terms": [{"lock_version": 0, "system_mtime": "2014-12-06T02:30:08Z", "term": "Medicine", "vocabulary": "/vocabularies/1", "jsonmodel_type": "term", "user_mtime": "2014-12-06T02:30:08Z", "uri": "/terms/264", "last_modified_by": "admin", "create_time": "2014-12-06T02:30:08Z", "created_by": "admin", "term_type": "topical"}, {"lock_version": 0, "system_mtime": "2014-12-06T02:30:08Z", "term": "Scholarships, fellowships, etc.", "vocabulary": "/vocabularies/1", "jsonmodel_type": "term", "user_mtime": "2014-12-06T02:30:08Z", "uri": "/terms/265", "last_modified_by": "admin", "create_time": "2014-12-06T02:30:08Z", "created_by": "admin", "term_type": "topical"}], "vocabulary": "/vocabularies/1", "jsonmodel_type": "subject", "title": "Medicine -- Scholarships, fellowships, etc.", "external_documents": [], "user_mtime": "2014-12-06T02:30:08Z", "uri": "/subjects/259", "last_modified_by": "admin", "source": "lcsh", "create_time": "2014-12-06T02:30:08Z", "created_by": "admin", "is_linked_to_published_record": true, "external_ids": [{"system_mtime": "2014-12-06T02:30:08Z", "jsonmodel_type": "external_id", "user_mtime": "2014-12-06T02:30:08Z", "last_modified_by": "admin", "source": "Archivists Toolkit Database::SUBJECT", "create_time": "2014-12-06T02:30:08Z", "created_by": "admin", "external_id": "317"}], "publish": true}