{"lock_version": 1446, "system_mtime": "2016-02-15T00:55:55Z", "terms": [{"lock_version": 0, "system_mtime": "2014-12-06T02:30:08Z", "term": "New York (State)", "vocabulary": "/vocabularies/1", "jsonmodel_type": "term", "user_mtime": "2014-12-06T02:30:08Z", "uri": "/terms/266", "last_modified_by": "admin", "create_time": "2014-12-06T02:30:08Z", "created_by": "admin", "term_type": "geographic"}], "vocabulary": "/vocabularies/1", "jsonmodel_type": "subject", "title": "New York (State)", "external_documents": [], "user_mtime": "2014-12-06T02:30:08Z", "uri": "/subjects/260", "last_modified_by": "admin", "source": "lcsh", "create_time": "2014-12-06T02:30:08Z", "created_by": "admin", "is_linked_to_published_record": true, "external_ids": [{"system_mtime": "2014-12-06T02:30:08Z", "jsonmodel_type": "external_id", "user_mtime": "2014-12-06T02:30:08Z", "last_modified_by": "admin", "source": "Archivists Toolkit Database::SUBJECT", "create_time": "2014-12-06T02:30:08Z", "created_by": "admin", "external_id": "318"}], "publish": true}