{"lock_version": 239, "system_mtime": "2016-02-14T22:54:07Z", "terms": [{"lock_version": 0, "system_mtime": "2014-12-06T02:30:08Z", "term": "Education, Rural", "vocabulary": "/vocabularies/1", "jsonmodel_type": "term", "user_mtime": "2014-12-06T02:30:08Z", "uri": "/terms/267", "last_modified_by": "admin", "create_time": "2014-12-06T02:30:08Z", "created_by": "admin", "term_type": "topical"}], "vocabulary": "/vocabularies/1", "jsonmodel_type": "subject", "title": "Education, Rural", "external_documents": [], "user_mtime": "2014-12-06T02:30:08Z", "uri": "/subjects/261", "last_modified_by": "admin", "source": "lcsh", "create_time": "2014-12-06T02:30:08Z", "created_by": "admin", "is_linked_to_published_record": true, "external_ids": [{"system_mtime": "2014-12-06T02:30:08Z", "jsonmodel_type": "external_id", "user_mtime": "2014-12-06T02:30:08Z", "last_modified_by": "admin", "source": "Archivists Toolkit Database::SUBJECT", "create_time": "2014-12-06T02:30:08Z", "created_by": "admin", "external_id": "319"}], "publish": true}