{"lock_version": 456, "system_mtime": "2015-11-17T19:16:50Z", "terms": [{"lock_version": 0, "system_mtime": "2014-12-06T02:29:43Z", "term": "Biochemistry", "vocabulary": "/vocabularies/1", "jsonmodel_type": "term", "user_mtime": "2014-12-06T02:29:43Z", "uri": "/terms/3", "last_modified_by": "admin", "create_time": "2014-12-06T02:29:43Z", "created_by": "admin", "term_type": "topical"}], "vocabulary": "/vocabularies/1", "jsonmodel_type": "subject", "title": "Biochemistry", "external_documents": [], "user_mtime": "2014-12-06T02:29:43Z", "uri": "/subjects/3", "last_modified_by": "admin", "source": "lcsh", "create_time": "2014-12-06T02:29:43Z", "created_by": "admin", "is_linked_to_published_record": true, "external_ids": [{"system_mtime": "2014-12-06T02:29:43Z", "jsonmodel_type": "external_id", "user_mtime": "2014-12-06T02:29:43Z", "last_modified_by": "admin", "source": "Archivists Toolkit Database::SUBJECT", "create_time": "2014-12-06T02:29:43Z", "created_by": "admin", "external_id": "4"}], "publish": true}