{"lock_version": 663, "system_mtime": "2016-01-05T21:35:52Z", "terms": [{"lock_version": 0, "system_mtime": "2014-12-06T02:29:46Z", "term": "Charitable uses, trusts, and foundations", "vocabulary": "/vocabularies/1", "jsonmodel_type": "term", "user_mtime": "2014-12-06T02:29:46Z", "uri": "/terms/40", "last_modified_by": "admin", "create_time": "2014-12-06T02:29:46Z", "created_by": "admin", "term_type": "topical"}], "vocabulary": "/vocabularies/1", "jsonmodel_type": "subject", "title": "Charitable uses, trusts, and foundations", "external_documents": [], "user_mtime": "2014-12-06T02:29:46Z", "uri": "/subjects/33", "last_modified_by": "admin", "source": "lcsh", "create_time": "2014-12-06T02:29:46Z", "created_by": "admin", "is_linked_to_published_record": true, "external_ids": [{"system_mtime": "2014-12-06T02:29:46Z", "jsonmodel_type": "external_id", "user_mtime": "2014-12-06T02:29:46Z", "last_modified_by": "admin", "source": "Archivists Toolkit Database::SUBJECT", "create_time": "2014-12-06T02:29:46Z", "created_by": "admin", "external_id": "42"}], "publish": true}