{"lock_version": 32, "system_mtime": "2015-11-17T19:16:50Z", "terms": [{"lock_version": 0, "system_mtime": "2014-12-06T02:29:43Z", "term": "Chemical warfare", "vocabulary": "/vocabularies/1", "jsonmodel_type": "term", "user_mtime": "2014-12-06T02:29:43Z", "uri": "/terms/4", "last_modified_by": "admin", "create_time": "2014-12-06T02:29:43Z", "created_by": "admin", "term_type": "topical"}], "vocabulary": "/vocabularies/1", "jsonmodel_type": "subject", "title": "Chemical warfare", "external_documents": [], "user_mtime": "2014-12-06T02:29:43Z", "uri": "/subjects/4", "last_modified_by": "admin", "source": "lcsh", "create_time": "2014-12-06T02:29:43Z", "created_by": "admin", "is_linked_to_published_record": true, "external_ids": [{"system_mtime": "2014-12-06T02:29:43Z", "jsonmodel_type": "external_id", "user_mtime": "2014-12-06T02:29:43Z", "last_modified_by": "admin", "source": "Archivists Toolkit Database::SUBJECT", "create_time": "2014-12-06T02:29:43Z", "created_by": "admin", "external_id": "6"}], "publish": true}