{"lock_version": 58, "system_mtime": "2015-10-19T17:24:01Z", "terms": [{"lock_version": 0, "system_mtime": "2014-12-06T02:30:24Z", "term": "Immunology", "vocabulary": "/vocabularies/1", "jsonmodel_type": "term", "user_mtime": "2014-12-06T02:30:24Z", "uri": "/terms/427", "last_modified_by": "admin", "create_time": "2014-12-06T02:30:24Z", "created_by": "admin", "term_type": "topical"}], "vocabulary": "/vocabularies/1", "jsonmodel_type": "subject", "title": "Immunology", "external_documents": [], "user_mtime": "2014-12-06T02:30:24Z", "uri": "/subjects/424", "last_modified_by": "admin", "source": "lcsh", "create_time": "2014-12-06T02:30:24Z", "created_by": "admin", "is_linked_to_published_record": true, "external_ids": [{"system_mtime": "2014-12-06T02:30:24Z", "jsonmodel_type": "external_id", "user_mtime": "2014-12-06T02:30:24Z", "last_modified_by": "admin", "source": "Archivists Toolkit Database::SUBJECT", "create_time": "2014-12-06T02:30:24Z", "created_by": "admin", "external_id": "507"}], "publish": true}