{"lock_version": 1714, "system_mtime": "2016-01-29T15:56:14Z", "terms": [{"lock_version": 0, "system_mtime": "2014-12-06T02:29:48Z", "term": "Medical education", "vocabulary": "/vocabularies/1", "jsonmodel_type": "term", "user_mtime": "2014-12-06T02:29:48Z", "uri": "/terms/51", "last_modified_by": "admin", "create_time": "2014-12-06T02:29:48Z", "created_by": "admin", "term_type": "topical"}], "vocabulary": "/vocabularies/1", "jsonmodel_type": "subject", "title": "Medical education", "external_documents": [], "user_mtime": "2014-12-06T02:29:48Z", "uri": "/subjects/45", "last_modified_by": "admin", "source": "lcsh", "create_time": "2014-12-06T02:29:48Z", "created_by": "admin", "is_linked_to_published_record": true, "external_ids": [{"system_mtime": "2014-12-06T02:29:48Z", "jsonmodel_type": "external_id", "user_mtime": "2014-12-06T02:29:48Z", "last_modified_by": "admin", "source": "Archivists Toolkit Database::SUBJECT", "create_time": "2014-12-06T02:29:48Z", "created_by": "admin", "external_id": "56"}], "publish": true}