{"lock_version": 1058, "system_mtime": "2016-01-06T13:52:57Z", "terms": [{"lock_version": 0, "system_mtime": "2014-12-06T02:29:52Z", "term": "Education", "vocabulary": "/vocabularies/1", "jsonmodel_type": "term", "user_mtime": "2014-12-06T02:29:52Z", "uri": "/terms/83", "last_modified_by": "admin", "create_time": "2014-12-06T02:29:52Z", "created_by": "admin", "term_type": "topical"}], "vocabulary": "/vocabularies/1", "jsonmodel_type": "subject", "title": "Education", "external_documents": [], "user_mtime": "2014-12-06T02:29:52Z", "uri": "/subjects/80", "last_modified_by": "admin", "source": "lcsh", "create_time": "2014-12-06T02:29:52Z", "created_by": "admin", "is_linked_to_published_record": true, "external_ids": [{"system_mtime": "2014-12-06T02:29:52Z", "jsonmodel_type": "external_id", "user_mtime": "2014-12-06T02:29:52Z", "last_modified_by": "admin", "source": "Archivists Toolkit Database::SUBJECT", "create_time": "2014-12-06T02:29:52Z", "created_by": "admin", "external_id": "92"}], "publish": true}