{"lock_version": 22, "system_mtime": "2015-09-18T18:57:28Z", "terms": [{"lock_version": 0, "system_mtime": "2014-12-06T02:29:53Z", "term": "Radiation", "vocabulary": "/vocabularies/1", "jsonmodel_type": "term", "user_mtime": "2014-12-06T02:29:53Z", "uri": "/terms/99", "last_modified_by": "admin", "create_time": "2014-12-06T02:29:53Z", "created_by": "admin", "term_type": "topical"}], "vocabulary": "/vocabularies/1", "jsonmodel_type": "subject", "title": "Radiation", "external_documents": [], "user_mtime": "2014-12-06T02:29:53Z", "uri": "/subjects/97", "last_modified_by": "admin", "source": "lcsh", "create_time": "2014-12-06T02:29:53Z", "created_by": "admin", "is_linked_to_published_record": true, "external_ids": [{"system_mtime": "2014-12-06T02:29:53Z", "jsonmodel_type": "external_id", "user_mtime": "2014-12-06T02:29:53Z", "last_modified_by": "admin", "source": "Archivists Toolkit Database::SUBJECT", "create_time": "2014-12-06T02:29:53Z", "created_by": "admin", "external_id": "113"}], "publish": true}