{"lock_version": 0, "system_mtime": "2015-11-21T05:02:08Z", "extents": [], "jsonmodel_type": "archival_object", "ref_id": "ref1279_egb", "instances": [{"lock_version": 0, "system_mtime": "2014-12-07T19:35:45Z", "container": {"lock_version": 0, "indicator_1": "124", "indicator_2": "1471", "jsonmodel_type": "container", "user_mtime": "2014-12-06T03:49:56Z", "last_modified_by": "admin", "container_locations": [{"status": "current", "system_mtime": "2014-12-06 03:49:56 UTC", "ref": "/locations/6506", "user_mtime": "2014-12-06 03:49:56 UTC", "start_date": "2014-12-05"}], "type_2": "folder", "type_1": "box", "create_time": "2014-12-06T03:49:56Z", "created_by": "admin", "system_mtime": "2014-12-06T03:49:56Z"}, "jsonmodel_type": "instance", "user_mtime": "2014-12-06T03:49:56Z", "last_modified_by": "admin", "instance_type": "mixed materials", "create_time": "2014-12-06T03:49:56Z", "created_by": "admin"}], "create_time": "2014-12-06T03:49:56Z", "created_by": "admin", "parent": {"ref": "/repositories/2/archival_objects/15864"}, "title": "Society for Research in Child Development - Application - Dorothy Eichorn, Ph.D. (78-0628-78) (80-0628-78) (82-0628-02) (83-0628-02) (84-0628-78)", "display_string": "Society for Research in Child Development - Application - Dorothy Eichorn, Ph.D. (78-0628-78) (80-0628-78) (82-0628-02) (83-0628-02) (84-0628-78), 1980-1984", "publish": true, "subjects": [], "external_documents": [], "linked_agents": [], "repository": {"ref": "/repositories/2"}, "has_unpublished_ancestor": false, "user_mtime": "2014-12-06T03:49:56Z", "rights_statements": [], "linked_events": [], "external_ids": [{"system_mtime": "2014-12-06T03:49:56Z", "jsonmodel_type": "external_id", "user_mtime": "2014-12-06T03:49:56Z", "last_modified_by": "admin", "source": "Archivists Toolkit Database::RESOURCE_COMPONENT", "create_time": "2014-12-06T03:49:56Z", "created_by": "admin", "external_id": "29177"}], "suppressed": false, "dates": [{"lock_version": 0, "system_mtime": "2014-12-06T03:49:56Z", "begin": "1980", "end": "1984", "jsonmodel_type": "date", "date_type": "inclusive", "user_mtime": "2014-12-06T03:49:56Z", "last_modified_by": "admin", "label": "creation", "create_time": "2014-12-06T03:49:56Z", "created_by": "admin", "expression": "1980-1984"}], "resource": {"ref": "/repositories/2/resources/94"}, "level": "file", "notes": [], "uri": "/repositories/2/archival_objects/17000", "last_modified_by": "admin", "restrictions_apply": false, "position": 1135}