{"lock_version": 0, "system_mtime": "2015-11-21T05:12:01Z", "extents": [], "jsonmodel_type": "archival_object", "ref_id": "ref336_d7c", "instances": [{"lock_version": 0, "system_mtime": "2014-12-07T19:35:45Z", "container": {"lock_version": 0, "indicator_1": "33", "indicator_2": "3", "jsonmodel_type": "container", "user_mtime": "2014-12-06T04:03:57Z", "last_modified_by": "admin", "container_locations": [{"status": "current", "system_mtime": "2014-12-06 04:03:57 UTC", "ref": "/locations/4219", "user_mtime": "2014-12-06 04:03:57 UTC", "start_date": "2014-12-05"}], "type_2": "folder", "type_1": "box", "create_time": "2014-12-06T04:03:57Z", "created_by": "admin", "system_mtime": "2014-12-06T04:03:57Z"}, "jsonmodel_type": "instance", "user_mtime": "2014-12-06T04:03:57Z", "last_modified_by": "admin", "instance_type": "mixed materials", "create_time": "2014-12-06T04:03:57Z", "created_by": "admin"}], "create_time": "2014-12-06T04:03:57Z", "created_by": "admin", "parent": {"ref": "/repositories/2/archival_objects/30411"}, "title": "METPAK, Ltd.", "display_string": "METPAK, Ltd.", "publish": true, "subjects": [], "external_documents": [], "linked_agents": [], "repository": {"ref": "/repositories/2"}, "has_unpublished_ancestor": false, "user_mtime": "2014-12-06T04:03:57Z", "rights_statements": [], "linked_events": [], "external_ids": [{"system_mtime": "2014-12-06T04:03:57Z", "jsonmodel_type": "external_id", "user_mtime": "2014-12-06T04:03:57Z", "last_modified_by": "admin", "source": "Archivists Toolkit Database::RESOURCE_COMPONENT", "create_time": "2014-12-06T04:03:57Z", "created_by": "admin", "external_id": "1729853"}], "suppressed": false, "dates": [], "resource": {"ref": "/repositories/2/resources/96"}, "level": "file", "notes": [], "uri": "/repositories/2/archival_objects/30500", "last_modified_by": "admin", "restrictions_apply": false, "position": 88}