{"lock_version": 0, "system_mtime": "2015-11-21T05:12:02Z", "extents": [], "jsonmodel_type": "archival_object", "ref_id": "ref44_qum", "instances": [{"lock_version": 0, "system_mtime": "2014-12-07T19:35:45Z", "container": {"lock_version": 0, "indicator_1": "1", "indicator_2": "4", "jsonmodel_type": "container", "user_mtime": "2014-12-06T04:04:07Z", "last_modified_by": "admin", "container_locations": [{"status": "current", "system_mtime": "2014-12-06 04:04:07 UTC", "ref": "/locations/1705", "user_mtime": "2014-12-06 04:04:07 UTC", "start_date": "2014-12-05"}], "type_2": "folder", "type_1": "box", "create_time": "2014-12-06T04:04:07Z", "created_by": "admin", "system_mtime": "2014-12-06T04:04:07Z"}, "jsonmodel_type": "instance", "user_mtime": "2014-12-06T04:04:07Z", "last_modified_by": "admin", "instance_type": "mixed materials", "create_time": "2014-12-06T04:04:07Z", "created_by": "admin"}], "create_time": "2014-12-06T04:04:07Z", "created_by": "admin", "parent": {"ref": "/repositories/2/archival_objects/30582"}, "display_string": "1949-1962", "publish": true, "subjects": [], "external_documents": [], "linked_agents": [], "repository": {"ref": "/repositories/2"}, "has_unpublished_ancestor": false, "user_mtime": "2014-12-06T04:04:07Z", "rights_statements": [], "linked_events": [], "external_ids": [{"system_mtime": "2014-12-06T04:04:07Z", "jsonmodel_type": "external_id", "user_mtime": "2014-12-06T04:04:07Z", "last_modified_by": "admin", "source": "Archivists Toolkit Database::RESOURCE_COMPONENT", "create_time": "2014-12-06T04:04:07Z", "created_by": "admin", "external_id": "1289708"}], "suppressed": false, "dates": [{"lock_version": 0, "system_mtime": "2014-12-06T04:04:07Z", "begin": "1949", "end": "1962", "jsonmodel_type": "date", "date_type": "inclusive", "user_mtime": "2014-12-06T04:04:07Z", "last_modified_by": "admin", "label": "creation", "create_time": "2014-12-06T04:04:07Z", "created_by": "admin", "expression": "1949-1962"}], "resource": {"ref": "/repositories/2/resources/97"}, "level": "file", "notes": [{"persistent_id": "00c96e8ad2ab692814c004e2d50bab84", "type": "scopecontent", "subnotes": [{"content": "Brookhaven National Laboratory; ca. 1 in administrative correspondence; serving as consultant.", "publish": true, "jsonmodel_type": "note_text"}], "jsonmodel_type": "note_multipart", "publish": true}], "uri": "/repositories/2/archival_objects/30600", "last_modified_by": "admin", "restrictions_apply": false, "position": 2}