{"lock_version": 0, "system_mtime": "2015-11-21T05:12:07Z", "extents": [], "jsonmodel_type": "archival_object", "ref_id": "ref13_zxn", "instances": [{"lock_version": 0, "system_mtime": "2014-12-07T19:35:45Z", "container": {"lock_version": 0, "indicator_1": "1", "indicator_2": "5", "jsonmodel_type": "container", "user_mtime": "2014-12-06T04:05:29Z", "last_modified_by": "admin", "container_locations": [{"status": "current", "system_mtime": "2014-12-06 04:05:29 UTC", "ref": "/locations/1515", "user_mtime": "2014-12-06 04:05:29 UTC", "start_date": "2014-12-05"}], "type_2": "folder", "type_1": "box", "create_time": "2014-12-06T04:05:29Z", "created_by": "admin", "system_mtime": "2014-12-06T04:05:29Z"}, "jsonmodel_type": "instance", "user_mtime": "2014-12-06T04:05:29Z", "last_modified_by": "admin", "instance_type": "mixed materials", "create_time": "2014-12-06T04:05:29Z", "created_by": "admin"}], "create_time": "2014-12-06T04:05:29Z", "created_by": "admin", "parent": {"ref": "/repositories/2/archival_objects/31195"}, "title": "Ida Nicolaisen", "display_string": "Ida Nicolaisen, 1991-1997", "publish": true, "subjects": [], "external_documents": [], "linked_agents": [], "repository": {"ref": "/repositories/2"}, "has_unpublished_ancestor": false, "user_mtime": "2014-12-06T04:05:29Z", "rights_statements": [], "linked_events": [], "external_ids": [{"system_mtime": "2014-12-06T04:05:29Z", "jsonmodel_type": "external_id", "user_mtime": "2014-12-06T04:05:29Z", "last_modified_by": "admin", "source": "Archivists Toolkit Database::RESOURCE_COMPONENT", "create_time": "2014-12-06T04:05:29Z", "created_by": "admin", "external_id": "24305"}], "suppressed": false, "dates": [{"lock_version": 0, "system_mtime": "2014-12-06T04:05:29Z", "begin": "1991", "end": "1997", "jsonmodel_type": "date", "date_type": "inclusive", "user_mtime": "2014-12-06T04:05:29Z", "last_modified_by": "admin", "label": "creation", "create_time": "2014-12-06T04:05:29Z", "created_by": "admin", "expression": "1991-1997"}], "resource": {"ref": "/repositories/2/resources/102"}, "level": "file", "notes": [{"jsonmodel_type": "note_singlepart", "persistent_id": "3f733446b7463f96ae7a03891045ccc9", "publish": true, "label": "Container Summary", "content": ["Folder 2 of 2"], "type": "physdesc"}], "uri": "/repositories/2/archival_objects/31200", "last_modified_by": "admin", "restrictions_apply": false, "position": 4}