{"lock_version": 0, "system_mtime": "2015-11-21T05:12:12Z", "extents": [], "jsonmodel_type": "archival_object", "ref_id": "ref1056_406", "instances": [{"lock_version": 0, "system_mtime": "2014-12-07T19:35:45Z", "container": {"lock_version": 0, "indicator_1": "50", "indicator_2": "4", "jsonmodel_type": "container", "user_mtime": "2014-12-06T04:05:56Z", "last_modified_by": "admin", "container_locations": [{"status": "current", "system_mtime": "2014-12-06 04:05:56 UTC", "ref": "/locations/1518", "user_mtime": "2014-12-06 04:05:56 UTC", "start_date": "2014-12-05"}], "type_2": "folder", "type_1": "box", "create_time": "2014-12-06T04:05:56Z", "created_by": "admin", "system_mtime": "2014-12-06T04:05:56Z"}, "jsonmodel_type": "instance", "user_mtime": "2014-12-06T04:05:56Z", "last_modified_by": "admin", "instance_type": "mixed materials", "create_time": "2014-12-06T04:05:56Z", "created_by": "admin"}], "create_time": "2014-12-06T04:05:56Z", "created_by": "admin", "parent": {"ref": "/repositories/2/archival_objects/31699"}, "title": "Advanced Quantum Mechanics (Field Theory) - Columbia University, Winter 1955-1956", "display_string": "Advanced Quantum Mechanics (Field Theory) - Columbia University, Winter 1955-1956, 1955-1956", "publish": true, "subjects": [], "external_documents": [], "linked_agents": [], "repository": {"ref": "/repositories/2"}, "has_unpublished_ancestor": false, "user_mtime": "2014-12-06T04:05:56Z", "rights_statements": [], "linked_events": [], "external_ids": [{"system_mtime": "2014-12-06T04:05:56Z", "jsonmodel_type": "external_id", "user_mtime": "2014-12-06T04:05:56Z", "last_modified_by": "admin", "source": "Archivists Toolkit Database::RESOURCE_COMPONENT", "create_time": "2014-12-06T04:05:56Z", "created_by": "admin", "external_id": "23491"}], "suppressed": false, "dates": [{"lock_version": 0, "system_mtime": "2014-12-06T04:05:56Z", "begin": "1955", "end": "1956", "jsonmodel_type": "date", "date_type": "inclusive", "user_mtime": "2014-12-06T04:05:56Z", "last_modified_by": "admin", "label": "creation", "create_time": "2014-12-06T04:05:56Z", "created_by": "admin", "expression": "1955-1956"}], "resource": {"ref": "/repositories/2/resources/102"}, "level": "file", "notes": [], "uri": "/repositories/2/archival_objects/31700", "last_modified_by": "admin", "restrictions_apply": false, "position": 0}