{"lock_version": 0, "system_mtime": "2015-11-21T05:12:14Z", "extents": [], "jsonmodel_type": "archival_object", "ref_id": "ref1270_7g1", "instances": [{"lock_version": 0, "system_mtime": "2014-12-07T19:35:45Z", "container": {"lock_version": 0, "indicator_1": "68", "indicator_2": "4", "jsonmodel_type": "container", "user_mtime": "2014-12-06T04:06:06Z", "last_modified_by": "admin", "container_locations": [{"status": "current", "system_mtime": "2014-12-06 04:06:06 UTC", "ref": "/locations/1519", "user_mtime": "2014-12-06 04:06:06 UTC", "start_date": "2014-12-05"}], "type_2": "folder", "type_1": "box", "create_time": "2014-12-06T04:06:06Z", "created_by": "admin", "system_mtime": "2014-12-06T04:06:06Z"}, "jsonmodel_type": "instance", "user_mtime": "2014-12-06T04:06:06Z", "last_modified_by": "admin", "instance_type": "mixed materials", "create_time": "2014-12-06T04:06:06Z", "created_by": "admin"}], "create_time": "2014-12-06T04:06:06Z", "created_by": "admin", "parent": {"ref": "/repositories/2/archival_objects/31828"}, "title": "Structure Problems I - Institute for Advanced Study", "display_string": "Structure Problems I - Institute for Advanced Study, n.d.", "publish": true, "subjects": [], "external_documents": [], "linked_agents": [], "repository": {"ref": "/repositories/2"}, "has_unpublished_ancestor": false, "user_mtime": "2014-12-06T04:06:06Z", "rights_statements": [], "linked_events": [], "external_ids": [{"system_mtime": "2014-12-06T04:06:06Z", "jsonmodel_type": "external_id", "user_mtime": "2014-12-06T04:06:06Z", "last_modified_by": "admin", "source": "Archivists Toolkit Database::RESOURCE_COMPONENT", "create_time": "2014-12-06T04:06:06Z", "created_by": "admin", "external_id": "23291"}], "suppressed": false, "dates": [{"lock_version": 0, "system_mtime": "2014-12-06T04:06:06Z", "jsonmodel_type": "date", "date_type": "single", "user_mtime": "2014-12-06T04:06:06Z", "last_modified_by": "admin", "label": "creation", "create_time": "2014-12-06T04:06:06Z", "created_by": "admin", "expression": "n.d."}], "resource": {"ref": "/repositories/2/resources/102"}, "level": "file", "notes": [], "uri": "/repositories/2/archival_objects/31900", "last_modified_by": "admin", "restrictions_apply": false, "position": 71}