{"lock_version": 0, "system_mtime": "2015-11-21T05:12:16Z", "extents": [], "jsonmodel_type": "archival_object", "ref_id": "ref1488_422", "instances": [{"lock_version": 0, "system_mtime": "2014-12-07T19:35:45Z", "container": {"lock_version": 0, "indicator_1": "87", "indicator_2": "10", "jsonmodel_type": "container", "user_mtime": "2014-12-06T04:06:16Z", "last_modified_by": "admin", "container_locations": [{"status": "current", "system_mtime": "2014-12-06 04:06:16 UTC", "ref": "/locations/1521", "user_mtime": "2014-12-06 04:06:16 UTC", "start_date": "2014-12-05"}], "type_2": "folder", "type_1": "box", "create_time": "2014-12-06T04:06:16Z", "created_by": "admin", "system_mtime": "2014-12-06T04:06:16Z"}, "jsonmodel_type": "instance", "user_mtime": "2014-12-06T04:06:16Z", "last_modified_by": "admin", "instance_type": "mixed materials", "create_time": "2014-12-06T04:06:16Z", "created_by": "admin"}], "create_time": "2014-12-06T04:06:16Z", "created_by": "admin", "parent": {"ref": "/repositories/2/archival_objects/32090"}, "title": "Colliding Electron Versus Colliding Photon Beams - Comments on Nuclear and Particle Physics - 119", "display_string": "Colliding Electron Versus Colliding Photon Beams - Comments on Nuclear and Particle Physics - 119, 1972", "publish": true, "subjects": [], "external_documents": [], "linked_agents": [], "repository": {"ref": "/repositories/2"}, "has_unpublished_ancestor": false, "user_mtime": "2014-12-06T04:06:16Z", "rights_statements": [], "linked_events": [], "external_ids": [{"system_mtime": "2014-12-06T04:06:16Z", "jsonmodel_type": "external_id", "user_mtime": "2014-12-06T04:06:16Z", "last_modified_by": "admin", "source": "Archivists Toolkit Database::RESOURCE_COMPONENT", "create_time": "2014-12-06T04:06:16Z", "created_by": "admin", "external_id": "23091"}], "suppressed": false, "dates": [{"lock_version": 0, "system_mtime": "2014-12-06T04:06:16Z", "begin": "1972", "end": "1972", "jsonmodel_type": "date", "date_type": "inclusive", "user_mtime": "2014-12-06T04:06:16Z", "last_modified_by": "admin", "label": "creation", "create_time": "2014-12-06T04:06:16Z", "created_by": "admin", "expression": "1972"}], "resource": {"ref": "/repositories/2/resources/102"}, "level": "file", "notes": [], "uri": "/repositories/2/archival_objects/32100", "last_modified_by": "admin", "restrictions_apply": false, "position": 9}