{"lock_version": 1, "system_mtime": "2015-09-18T19:21:08Z", "extents": [], "jsonmodel_type": "archival_object", "ref_id": "ref377_qyp", "instances": [], "create_time": "2014-12-06T10:58:59Z", "created_by": "admin", "title": "Cole, Patricia", "display_string": "Cole, Patricia", "publish": true, "subjects": [], "other_level": "Officer", "external_documents": [], "linked_agents": [], "repository": {"ref": "/repositories/2"}, "has_unpublished_ancestor": false, "user_mtime": "2015-01-23T14:36:29Z", "rights_statements": [], "linked_events": [], "external_ids": [{"system_mtime": "2015-01-23T14:36:29Z", "jsonmodel_type": "external_id", "user_mtime": "2015-01-23T14:36:29Z", "last_modified_by": "battalb", "source": "Archivists Toolkit Database::RESOURCE_COMPONENT", "create_time": "2015-01-23T14:36:29Z", "created_by": "battalb", "external_id": "985873"}], "suppressed": false, "dates": [], "resource": {"ref": "/repositories/2/resources/590"}, "level": "otherlevel", "notes": [{"subnotes": [{"content": "Restricted - RF Officer Diaries.\n\n", "publish": true, "jsonmodel_type": "note_text"}], "jsonmodel_type": "note_multipart", "persistent_id": "ec00c1e83b941492ae16d146768cdaa1", "publish": true, "label": "Conditions Governing Access note", "type": "accessrestrict"}, {"subnotes": [{"content": "Restricted - Living RF Officer.\n\n", "publish": false, "jsonmodel_type": "note_text"}], "jsonmodel_type": "note_multipart", "persistent_id": "71e91079fa1cbd76116bd11403b33fdd", "publish": false, "label": "Conditions Governing Access note", "type": "accessrestrict"}], "uri": "/repositories/2/archival_objects/361700", "last_modified_by": "battalb", "restrictions_apply": false, "position": 48}