{"lock_version": 0, "system_mtime": "2015-11-21T06:17:16Z", "extents": [], "jsonmodel_type": "archival_object", "ref_id": "ref838_e7c", "instances": [{"lock_version": 0, "system_mtime": "2014-12-07T19:35:45Z", "container": {"lock_version": 0, "indicator_1": "133", "jsonmodel_type": "container", "user_mtime": "2014-12-06T10:59:28Z", "last_modified_by": "admin", "container_locations": [{"status": "current", "system_mtime": "2014-12-06 10:59:28 UTC", "ref": "/locations/1230", "user_mtime": "2014-12-06 10:59:28 UTC", "start_date": "2014-12-06"}], "type_1": "box", "create_time": "2014-12-06T10:59:28Z", "created_by": "admin", "system_mtime": "2014-12-06T10:59:28Z"}, "jsonmodel_type": "instance", "user_mtime": "2014-12-06T10:59:28Z", "last_modified_by": "admin", "instance_type": "mixed materials", "create_time": "2014-12-06T10:59:28Z", "created_by": "admin"}], "create_time": "2014-12-06T10:59:28Z", "created_by": "admin", "parent": {"ref": "/repositories/2/archival_objects/361995"}, "display_string": "1955 January-June", "publish": true, "subjects": [], "external_documents": [], "linked_agents": [], "repository": {"ref": "/repositories/2"}, "has_unpublished_ancestor": false, "user_mtime": "2014-12-06T10:59:28Z", "rights_statements": [], "linked_events": [], "external_ids": [{"system_mtime": "2014-12-06T10:59:28Z", "jsonmodel_type": "external_id", "user_mtime": "2014-12-06T10:59:28Z", "last_modified_by": "admin", "source": "Archivists Toolkit Database::RESOURCE_COMPONENT", "create_time": "2014-12-06T10:59:28Z", "created_by": "admin", "external_id": "985574"}], "suppressed": false, "dates": [{"lock_version": 0, "system_mtime": "2014-12-06T10:59:28Z", "begin": "1955", "end": "1955", "jsonmodel_type": "date", "date_type": "inclusive", "user_mtime": "2014-12-06T10:59:28Z", "last_modified_by": "admin", "label": "creation", "create_time": "2014-12-06T10:59:28Z", "created_by": "admin", "expression": "1955 January-June"}], "resource": {"ref": "/repositories/2/resources/590"}, "level": "file", "notes": [], "uri": "/repositories/2/archival_objects/362000", "last_modified_by": "admin", "restrictions_apply": false, "position": 4}