{"lock_version": 0, "system_mtime": "2015-11-21T05:13:43Z", "extents": [], "jsonmodel_type": "archival_object", "ref_id": "ref1429_mlx", "instances": [{"lock_version": 0, "system_mtime": "2014-12-07T19:35:45Z", "container": {"lock_version": 0, "indicator_1": "62", "jsonmodel_type": "container", "user_mtime": "2014-12-06T04:13:37Z", "last_modified_by": "admin", "container_locations": [], "type_2": "frame", "type_1": "reel", "create_time": "2014-12-06T04:13:37Z", "created_by": "admin", "system_mtime": "2014-12-06T04:13:37Z"}, "jsonmodel_type": "instance", "user_mtime": "2014-12-06T04:13:37Z", "last_modified_by": "admin", "instance_type": "mixed materials", "create_time": "2014-12-06T04:13:37Z", "created_by": "admin"}], "create_time": "2014-12-06T04:13:37Z", "created_by": "admin", "parent": {"ref": "/repositories/2/archival_objects/37927"}, "title": "Denied Applicants, 1991", "display_string": "Denied Applicants, 1991, 1991", "publish": true, "subjects": [], "external_documents": [], "linked_agents": [], "repository": {"ref": "/repositories/2"}, "has_unpublished_ancestor": false, "user_mtime": "2014-12-06T04:13:37Z", "rights_statements": [], "linked_events": [], "external_ids": [{"system_mtime": "2014-12-06T04:13:37Z", "jsonmodel_type": "external_id", "user_mtime": "2014-12-06T04:13:37Z", "last_modified_by": "admin", "source": "Archivists Toolkit Database::RESOURCE_COMPONENT", "create_time": "2014-12-06T04:13:37Z", "created_by": "admin", "external_id": "27516"}], "suppressed": false, "dates": [{"lock_version": 0, "system_mtime": "2014-12-06T04:13:37Z", "begin": "1991", "end": "1991", "jsonmodel_type": "date", "date_type": "inclusive", "user_mtime": "2014-12-06T04:13:37Z", "last_modified_by": "admin", "label": "creation", "create_time": "2014-12-06T04:13:37Z", "created_by": "admin", "expression": "1991"}], "resource": {"ref": "/repositories/2/resources/105"}, "level": "file", "notes": [{"subnotes": [{"content": "This target precedes Frame 0001 on Reel 62. It was not assigned a frame number during microfilming.\n\n", "publish": true, "jsonmodel_type": "note_text"}], "jsonmodel_type": "note_multipart", "persistent_id": "c62fb766c38d7405c380da011275767a", "publish": true, "label": "General note", "type": "odd"}], "uri": "/repositories/2/archival_objects/38000", "last_modified_by": "admin", "restrictions_apply": false, "position": 72}