{"lock_version": 0, "system_mtime": "2015-11-21T05:13:56Z", "extents": [], "jsonmodel_type": "archival_object", "ref_id": "ref2347_zs1", "instances": [{"lock_version": 0, "system_mtime": "2014-12-07T19:35:45Z", "container": {"lock_version": 0, "indicator_1": "134", "indicator_2": "193", "jsonmodel_type": "container", "user_mtime": "2014-12-06T04:14:09Z", "last_modified_by": "admin", "container_locations": [], "type_2": "frame", "type_1": "reel", "create_time": "2014-12-06T04:14:09Z", "created_by": "admin", "system_mtime": "2014-12-06T04:14:09Z"}, "jsonmodel_type": "instance", "user_mtime": "2014-12-06T04:14:09Z", "last_modified_by": "admin", "instance_type": "mixed materials", "create_time": "2014-12-06T04:14:09Z", "created_by": "admin"}], "create_time": "2014-12-06T04:14:09Z", "created_by": "admin", "parent": {"ref": "/repositories/2/archival_objects/38867"}, "title": "Combined Trustees and Finance Committee - 20 February 1992 - Miami, Florida", "display_string": "Combined Trustees and Finance Committee - 20 February 1992 - Miami, Florida, February 20, 1992", "publish": true, "subjects": [], "external_documents": [], "linked_agents": [], "repository": {"ref": "/repositories/2"}, "has_unpublished_ancestor": false, "user_mtime": "2014-12-06T04:14:09Z", "rights_statements": [], "linked_events": [], "external_ids": [{"system_mtime": "2014-12-06T04:14:09Z", "jsonmodel_type": "external_id", "user_mtime": "2014-12-06T04:14:09Z", "last_modified_by": "admin", "source": "Archivists Toolkit Database::RESOURCE_COMPONENT", "create_time": "2014-12-06T04:14:09Z", "created_by": "admin", "external_id": "26616"}], "suppressed": false, "dates": [{"lock_version": 0, "system_mtime": "2014-12-06T04:14:09Z", "begin": "1992", "end": "1992", "jsonmodel_type": "date", "date_type": "inclusive", "user_mtime": "2014-12-06T04:14:09Z", "last_modified_by": "admin", "label": "creation", "create_time": "2014-12-06T04:14:09Z", "created_by": "admin", "expression": "February 20, 1992"}], "resource": {"ref": "/repositories/2/resources/105"}, "level": "file", "notes": [], "uri": "/repositories/2/archival_objects/38900", "last_modified_by": "admin", "restrictions_apply": false, "position": 32}