{"lock_version": 0, "system_mtime": "2015-11-21T05:13:58Z", "extents": [], "jsonmodel_type": "archival_object", "ref_id": "ref173_se3", "instances": [{"lock_version": 0, "system_mtime": "2014-12-06T04:14:57Z", "jsonmodel_type": "instance", "digital_object": {"ref": "/repositories/2/digital_objects/17"}, "user_mtime": "2014-12-06T04:14:57Z", "last_modified_by": "admin", "instance_type": "digital_object", "create_time": "2014-12-06T04:14:57Z", "created_by": "admin"}, {"lock_version": 0, "system_mtime": "2014-12-06T04:14:57Z", "container": {"lock_version": 0, "indicator_1": "2", "indicator_2": "1", "jsonmodel_type": "container", "user_mtime": "2014-12-06T04:14:57Z", "last_modified_by": "admin", "container_locations": [], "type_2": "frame", "type_1": "reel", "create_time": "2014-12-06T04:14:57Z", "created_by": "admin", "system_mtime": "2014-12-06T04:14:57Z"}, "jsonmodel_type": "instance", "user_mtime": "2014-12-06T04:14:57Z", "last_modified_by": "admin", "instance_type": "microform", "create_time": "2014-12-06T04:14:57Z", "created_by": "admin"}], "create_time": "2014-12-06T04:14:57Z", "created_by": "admin", "parent": {"ref": "/repositories/2/archival_objects/39099"}, "display_string": "May 16, 1951", "publish": true, "subjects": [], "external_documents": [], "linked_agents": [], "repository": {"ref": "/repositories/2"}, "has_unpublished_ancestor": false, "user_mtime": "2014-12-06T04:14:57Z", "rights_statements": [], "linked_events": [], "external_ids": [{"system_mtime": "2014-12-06T04:14:57Z", "jsonmodel_type": "external_id", "user_mtime": "2014-12-06T04:14:57Z", "last_modified_by": "admin", "source": "Archivists Toolkit Database::RESOURCE_COMPONENT", "create_time": "2014-12-06T04:14:57Z", "created_by": "admin", "external_id": "63295"}], "suppressed": false, "dates": [{"lock_version": 0, "system_mtime": "2014-12-06T04:14:57Z", "begin": "1951", "end": "1951", "jsonmodel_type": "date", "date_type": "inclusive", "user_mtime": "2014-12-06T04:14:57Z", "last_modified_by": "admin", "label": "creation", "create_time": "2014-12-06T04:14:57Z", "created_by": "admin", "expression": "May 16, 1951"}], "resource": {"ref": "/repositories/2/resources/107"}, "level": "file", "notes": [], "uri": "/repositories/2/archival_objects/39100", "last_modified_by": "admin", "restrictions_apply": false, "position": 0}