{"lock_version": 0, "system_mtime": "2015-11-21T05:14:02Z", "extents": [], "jsonmodel_type": "archival_object", "ref_id": "ref617_e2w", "instances": [{"lock_version": 0, "system_mtime": "2014-12-06T04:15:20Z", "container": {"lock_version": 0, "indicator_1": "28", "indicator_2": "534", "jsonmodel_type": "container", "user_mtime": "2014-12-06T04:15:20Z", "last_modified_by": "admin", "container_locations": [], "type_2": "frame", "type_1": "reel", "create_time": "2014-12-06T04:15:20Z", "created_by": "admin", "system_mtime": "2014-12-06T04:15:20Z"}, "jsonmodel_type": "instance", "user_mtime": "2014-12-06T04:15:20Z", "last_modified_by": "admin", "instance_type": "microform", "create_time": "2014-12-06T04:15:20Z", "created_by": "admin"}], "create_time": "2014-12-06T04:15:20Z", "created_by": "admin", "parent": {"ref": "/repositories/2/archival_objects/39499"}, "title": "Interview with Orville Brim", "display_string": "Interview with Orville Brim, February 12, 1973", "publish": true, "subjects": [], "external_documents": [], "linked_agents": [], "repository": {"ref": "/repositories/2"}, "has_unpublished_ancestor": false, "user_mtime": "2014-12-06T04:15:20Z", "rights_statements": [], "linked_events": [], "external_ids": [{"system_mtime": "2014-12-06T04:15:20Z", "jsonmodel_type": "external_id", "user_mtime": "2014-12-06T04:15:20Z", "last_modified_by": "admin", "source": "Archivists Toolkit Database::RESOURCE_COMPONENT", "create_time": "2014-12-06T04:15:20Z", "created_by": "admin", "external_id": "62874"}], "suppressed": false, "dates": [{"lock_version": 0, "system_mtime": "2014-12-06T04:15:20Z", "begin": "1973", "end": "1973", "jsonmodel_type": "date", "date_type": "inclusive", "user_mtime": "2014-12-06T04:15:20Z", "last_modified_by": "admin", "label": "creation", "create_time": "2014-12-06T04:15:20Z", "created_by": "admin", "expression": "February 12, 1973"}], "resource": {"ref": "/repositories/2/resources/107"}, "level": "file", "notes": [], "uri": "/repositories/2/archival_objects/39500", "last_modified_by": "admin", "restrictions_apply": false, "position": 0}