{"lock_version": 0, "system_mtime": "2015-11-21T05:14:03Z", "extents": [], "jsonmodel_type": "archival_object", "ref_id": "ref780_cu1", "instances": [{"lock_version": 0, "system_mtime": "2014-12-07T19:35:45Z", "container": {"lock_version": 0, "indicator_1": "3", "indicator_2": "59", "jsonmodel_type": "container", "user_mtime": "2014-12-06T04:15:27Z", "last_modified_by": "admin", "container_locations": [], "type_2": "folder", "type_1": "box", "create_time": "2014-12-06T04:15:27Z", "created_by": "admin", "system_mtime": "2014-12-06T04:15:27Z"}, "jsonmodel_type": "instance", "user_mtime": "2014-12-06T04:15:27Z", "last_modified_by": "admin", "instance_type": "mixed materials", "create_time": "2014-12-06T04:15:27Z", "created_by": "admin"}, {"lock_version": 0, "system_mtime": "2014-12-06T04:15:27Z", "jsonmodel_type": "instance", "digital_object": {"ref": "/repositories/2/digital_objects/465"}, "user_mtime": "2014-12-06T04:15:27Z", "last_modified_by": "admin", "instance_type": "digital_object", "create_time": "2014-12-06T04:15:27Z", "created_by": "admin"}, {"lock_version": 0, "system_mtime": "2014-12-06T04:15:27Z", "container": {"lock_version": 0, "indicator_1": "33", "indicator_2": "909", "jsonmodel_type": "container", "user_mtime": "2014-12-06T04:15:27Z", "last_modified_by": "admin", "container_locations": [], "type_2": "frame", "type_1": "reel", "create_time": "2014-12-06T04:15:27Z", "created_by": "admin", "system_mtime": "2014-12-06T04:15:27Z"}, "jsonmodel_type": "instance", "user_mtime": "2014-12-06T04:15:27Z", "last_modified_by": "admin", "instance_type": "microform", "create_time": "2014-12-06T04:15:27Z", "created_by": "admin"}], "create_time": "2014-12-06T04:15:27Z", "created_by": "admin", "parent": {"ref": "/repositories/2/archival_objects/39540"}, "title": "Foundation for Child Development - Annual Report", "display_string": "Foundation for Child Development - Annual Report, 1982-1983", "publish": true, "subjects": [], "external_documents": [], "linked_agents": [], "repository": {"ref": "/repositories/2"}, "has_unpublished_ancestor": false, "user_mtime": "2014-12-06T04:15:27Z", "rights_statements": [], "linked_events": [], "external_ids": [{"system_mtime": "2014-12-06T04:15:27Z", "jsonmodel_type": "external_id", "user_mtime": "2014-12-06T04:15:27Z", "last_modified_by": "admin", "source": "Archivists Toolkit Database::RESOURCE_COMPONENT", "create_time": "2014-12-06T04:15:27Z", "created_by": "admin", "external_id": "62773"}], "suppressed": false, "dates": [{"lock_version": 0, "system_mtime": "2014-12-06T04:15:27Z", "begin": "1982", "end": "1983", "jsonmodel_type": "date", "date_type": "inclusive", "user_mtime": "2014-12-06T04:15:27Z", "last_modified_by": "admin", "label": "creation", "create_time": "2014-12-06T04:15:27Z", "created_by": "admin", "expression": "1982-1983"}], "resource": {"ref": "/repositories/2/resources/107"}, "level": "file", "notes": [{"persistent_id": "2d99743de893ca1d44c1f6b27b69dcd7", "type": "accessrestrict", "subnotes": [{"content": "Access to the original archival material is restricted.  User copies of the microfilm are available for scholarly access.", "publish": true, "jsonmodel_type": "note_text"}], "jsonmodel_type": "note_multipart", "publish": true}], "uri": "/repositories/2/archival_objects/39600", "last_modified_by": "admin", "restrictions_apply": false, "position": 59}