{"lock_version": 0, "system_mtime": "2015-11-21T05:14:05Z", "extents": [], "jsonmodel_type": "archival_object", "ref_id": "ref1117_q0a", "instances": [{"lock_version": 0, "system_mtime": "2014-12-06T04:15:37Z", "container": {"lock_version": 0, "indicator_1": "44", "indicator_2": "310", "jsonmodel_type": "container", "user_mtime": "2014-12-06T04:15:37Z", "last_modified_by": "admin", "container_locations": [], "type_2": "frame", "type_1": "reel", "create_time": "2014-12-06T04:15:37Z", "created_by": "admin", "system_mtime": "2014-12-06T04:15:37Z"}, "jsonmodel_type": "instance", "user_mtime": "2014-12-06T04:15:37Z", "last_modified_by": "admin", "instance_type": "microform", "create_time": "2014-12-06T04:15:37Z", "created_by": "admin"}, {"lock_version": 0, "system_mtime": "2014-12-06T04:15:37Z", "jsonmodel_type": "instance", "digital_object": {"ref": "/repositories/2/digital_objects/624"}, "user_mtime": "2014-12-06T04:15:37Z", "last_modified_by": "admin", "instance_type": "digital_object", "create_time": "2014-12-06T04:15:37Z", "created_by": "admin"}], "create_time": "2014-12-06T04:15:37Z", "created_by": "admin", "parent": {"ref": "/repositories/2/archival_objects/39787"}, "title": "Board of Directors", "display_string": "Board of Directors, November 5, 1982", "publish": true, "subjects": [], "external_documents": [], "linked_agents": [], "repository": {"ref": "/repositories/2"}, "has_unpublished_ancestor": false, "user_mtime": "2014-12-06T04:15:37Z", "rights_statements": [], "linked_events": [], "external_ids": [{"system_mtime": "2014-12-06T04:15:37Z", "jsonmodel_type": "external_id", "user_mtime": "2014-12-06T04:15:37Z", "last_modified_by": "admin", "source": "Archivists Toolkit Database::RESOURCE_COMPONENT", "create_time": "2014-12-06T04:15:37Z", "created_by": "admin", "external_id": "62528"}], "suppressed": false, "dates": [{"lock_version": 0, "system_mtime": "2014-12-06T04:15:37Z", "begin": "1982", "end": "1982", "jsonmodel_type": "date", "date_type": "inclusive", "user_mtime": "2014-12-06T04:15:37Z", "last_modified_by": "admin", "label": "creation", "create_time": "2014-12-06T04:15:37Z", "created_by": "admin", "expression": "November 5, 1982"}], "resource": {"ref": "/repositories/2/resources/107"}, "level": "file", "notes": [], "uri": "/repositories/2/archival_objects/39800", "last_modified_by": "admin", "restrictions_apply": false, "position": 12}