{"lock_version": 0, "system_mtime": "2015-11-21T05:14:09Z", "extents": [], "jsonmodel_type": "archival_object", "ref_id": "ref1521_zje", "instances": [{"lock_version": 0, "system_mtime": "2014-12-06T04:15:58Z", "container": {"lock_version": 0, "indicator_1": "95", "indicator_2": "439", "jsonmodel_type": "container", "user_mtime": "2014-12-06T04:15:58Z", "last_modified_by": "admin", "container_locations": [], "type_2": "frame", "type_1": "reel", "create_time": "2014-12-06T04:15:58Z", "created_by": "admin", "system_mtime": "2014-12-06T04:15:58Z"}, "jsonmodel_type": "instance", "user_mtime": "2014-12-06T04:15:58Z", "last_modified_by": "admin", "instance_type": "microform", "create_time": "2014-12-06T04:15:58Z", "created_by": "admin"}, {"lock_version": 0, "system_mtime": "2014-12-06T04:15:58Z", "jsonmodel_type": "instance", "digital_object": {"ref": "/repositories/2/digital_objects/1015"}, "user_mtime": "2014-12-06T04:15:58Z", "last_modified_by": "admin", "instance_type": "digital_object", "create_time": "2014-12-06T04:15:58Z", "created_by": "admin"}], "create_time": "2014-12-06T04:15:58Z", "created_by": "admin", "parent": {"ref": "/repositories/2/archival_objects/39885"}, "title": "Youth Law Center", "display_string": "Youth Law Center, 1990", "publish": true, "subjects": [], "external_documents": [], "linked_agents": [], "repository": {"ref": "/repositories/2"}, "has_unpublished_ancestor": false, "user_mtime": "2014-12-06T04:15:58Z", "rights_statements": [], "linked_events": [], "external_ids": [{"system_mtime": "2014-12-06T04:15:58Z", "jsonmodel_type": "external_id", "user_mtime": "2014-12-06T04:15:58Z", "last_modified_by": "admin", "source": "Archivists Toolkit Database::RESOURCE_COMPONENT", "create_time": "2014-12-06T04:15:58Z", "created_by": "admin", "external_id": "62127"}], "suppressed": false, "dates": [{"lock_version": 0, "system_mtime": "2014-12-06T04:15:58Z", "begin": "1990", "end": "1990", "jsonmodel_type": "date", "date_type": "inclusive", "user_mtime": "2014-12-06T04:15:58Z", "last_modified_by": "admin", "label": "creation", "create_time": "2014-12-06T04:15:58Z", "created_by": "admin", "expression": "1990"}], "resource": {"ref": "/repositories/2/resources/107"}, "level": "file", "notes": [], "uri": "/repositories/2/archival_objects/40200", "last_modified_by": "admin", "restrictions_apply": false, "position": 313}