{"lock_version": 0, "system_mtime": "2015-11-21T05:14:10Z", "extents": [], "jsonmodel_type": "archival_object", "ref_id": "ref1625_xt1", "instances": [{"lock_version": 0, "system_mtime": "2014-12-06T04:16:03Z", "container": {"lock_version": 0, "indicator_1": "102", "indicator_2": "591", "jsonmodel_type": "container", "user_mtime": "2014-12-06T04:16:03Z", "last_modified_by": "admin", "container_locations": [], "type_2": "frame", "type_1": "reel", "create_time": "2014-12-06T04:16:03Z", "created_by": "admin", "system_mtime": "2014-12-06T04:16:03Z"}, "jsonmodel_type": "instance", "user_mtime": "2014-12-06T04:16:03Z", "last_modified_by": "admin", "instance_type": "microform", "create_time": "2014-12-06T04:16:03Z", "created_by": "admin"}, {"lock_version": 0, "system_mtime": "2014-12-06T04:16:03Z", "jsonmodel_type": "instance", "digital_object": {"ref": "/repositories/2/digital_objects/1099"}, "user_mtime": "2014-12-06T04:16:03Z", "last_modified_by": "admin", "instance_type": "digital_object", "create_time": "2014-12-06T04:16:03Z", "created_by": "admin"}], "create_time": "2014-12-06T04:16:03Z", "created_by": "admin", "parent": {"ref": "/repositories/2/archival_objects/40266"}, "title": "Mary Dozier", "display_string": "Mary Dozier, 1983-1984", "publish": true, "subjects": [], "external_documents": [], "linked_agents": [], "repository": {"ref": "/repositories/2"}, "has_unpublished_ancestor": false, "user_mtime": "2014-12-06T04:16:03Z", "rights_statements": [], "linked_events": [], "external_ids": [{"system_mtime": "2014-12-06T04:16:03Z", "jsonmodel_type": "external_id", "user_mtime": "2014-12-06T04:16:03Z", "last_modified_by": "admin", "source": "Archivists Toolkit Database::RESOURCE_COMPONENT", "create_time": "2014-12-06T04:16:03Z", "created_by": "admin", "external_id": "62027"}], "suppressed": false, "dates": [{"lock_version": 0, "system_mtime": "2014-12-06T04:16:03Z", "begin": "1983", "end": "1984", "jsonmodel_type": "date", "date_type": "inclusive", "user_mtime": "2014-12-06T04:16:03Z", "last_modified_by": "admin", "label": "creation", "create_time": "2014-12-06T04:16:03Z", "created_by": "admin", "expression": "1983-1984"}], "resource": {"ref": "/repositories/2/resources/107"}, "level": "file", "notes": [], "uri": "/repositories/2/archival_objects/40300", "last_modified_by": "admin", "restrictions_apply": false, "position": 33}