{"lock_version": 0, "system_mtime": "2015-11-21T05:01:40Z", "extents": [], "jsonmodel_type": "archival_object", "ref_id": "ref57_79i", "instances": [{"lock_version": 0, "system_mtime": "2014-12-07T19:35:45Z", "container": {"lock_version": 0, "indicator_1": "6A", "indicator_2": "44-45", "jsonmodel_type": "container", "user_mtime": "2014-12-06T03:48:52Z", "last_modified_by": "admin", "container_locations": [{"status": "current", "system_mtime": "2014-12-06 03:48:53 UTC", "ref": "/locations/6498", "user_mtime": "2014-12-06 03:48:53 UTC", "start_date": "2014-12-05"}], "type_2": "folder", "type_1": "box", "create_time": "2014-12-06T03:48:52Z", "created_by": "admin", "system_mtime": "2014-12-06T03:48:52Z"}, "jsonmodel_type": "instance", "user_mtime": "2014-12-06T03:48:52Z", "last_modified_by": "admin", "instance_type": "mixed materials", "create_time": "2014-12-06T03:48:52Z", "created_by": "admin"}], "create_time": "2014-12-06T03:48:52Z", "created_by": "admin", "parent": {"ref": "/repositories/2/archival_objects/15817"}, "title": "History of Harvard Grant Study. Milofsky, \"A Panoramic View...\"", "display_string": "History of Harvard Grant Study. Milofsky, \"A Panoramic View...\"", "publish": true, "subjects": [], "external_documents": [], "linked_agents": [], "repository": {"ref": "/repositories/2"}, "has_unpublished_ancestor": false, "user_mtime": "2014-12-06T03:48:52Z", "rights_statements": [], "linked_events": [], "external_ids": [{"system_mtime": "2014-12-06T03:48:53Z", "jsonmodel_type": "external_id", "user_mtime": "2014-12-06T03:48:53Z", "last_modified_by": "admin", "source": "Archivists Toolkit Database::RESOURCE_COMPONENT", "create_time": "2014-12-06T03:48:53Z", "created_by": "admin", "external_id": "21651"}], "suppressed": false, "dates": [], "resource": {"ref": "/repositories/2/resources/94"}, "level": "file", "notes": [], "uri": "/repositories/2/archival_objects/15818", "last_modified_by": "admin", "restrictions_apply": false, "position": 0}