{"lock_version": 0, "system_mtime": "2015-11-21T05:01:40Z", "extents": [], "jsonmodel_type": "archival_object", "ref_id": "ref81_g1v", "instances": [{"lock_version": 0, "system_mtime": "2014-12-07T19:35:45Z", "container": {"lock_version": 0, "indicator_1": "7A", "indicator_2": "67", "jsonmodel_type": "container", "user_mtime": "2014-12-06T03:48:54Z", "last_modified_by": "admin", "container_locations": [], "type_2": "folder", "type_1": "box", "create_time": "2014-12-06T03:48:54Z", "created_by": "admin", "system_mtime": "2014-12-06T03:48:54Z"}, "jsonmodel_type": "instance", "user_mtime": "2014-12-06T03:48:54Z", "last_modified_by": "admin", "instance_type": "mixed materials", "create_time": "2014-12-06T03:48:54Z", "created_by": "admin"}], "create_time": "2014-12-06T03:48:54Z", "created_by": "admin", "parent": {"ref": "/repositories/2/archival_objects/15837"}, "title": "Publications #31-40", "display_string": "Publications #31-40, 1944", "publish": true, "subjects": [], "external_documents": [], "linked_agents": [], "repository": {"ref": "/repositories/2"}, "has_unpublished_ancestor": false, "user_mtime": "2014-12-06T03:48:54Z", "rights_statements": [], "linked_events": [], "external_ids": [{"system_mtime": "2014-12-06T03:48:54Z", "jsonmodel_type": "external_id", "user_mtime": "2014-12-06T03:48:54Z", "last_modified_by": "admin", "source": "Archivists Toolkit Database::RESOURCE_COMPONENT", "create_time": "2014-12-06T03:48:54Z", "created_by": "admin", "external_id": "21681"}], "suppressed": false, "dates": [{"lock_version": 0, "system_mtime": "2014-12-06T03:48:54Z", "begin": "1944", "end": "1944", "jsonmodel_type": "date", "date_type": "inclusive", "user_mtime": "2014-12-06T03:48:54Z", "last_modified_by": "admin", "label": "creation", "create_time": "2014-12-06T03:48:54Z", "created_by": "admin", "expression": "1944"}], "resource": {"ref": "/repositories/2/resources/94"}, "level": "file", "notes": [], "uri": "/repositories/2/archival_objects/15842", "last_modified_by": "admin", "restrictions_apply": false, "position": 4}