{"lock_version": 0, "system_mtime": "2015-11-21T05:01:43Z", "extents": [], "jsonmodel_type": "archival_object", "ref_id": "ref244_jgf", "instances": [{"lock_version": 0, "system_mtime": "2014-12-07T19:35:45Z", "container": {"lock_version": 0, "indicator_1": "16", "indicator_2": "232", "jsonmodel_type": "container", "user_mtime": "2014-12-06T03:49:05Z", "last_modified_by": "admin", "container_locations": [{"status": "current", "system_mtime": "2014-12-06 03:49:05 UTC", "ref": "/locations/6499", "user_mtime": "2014-12-06 03:49:05 UTC", "start_date": "2014-12-05"}], "type_2": "folder", "type_1": "box", "create_time": "2014-12-06T03:49:05Z", "created_by": "admin", "system_mtime": "2014-12-06T03:49:05Z"}, "jsonmodel_type": "instance", "user_mtime": "2014-12-06T03:49:05Z", "last_modified_by": "admin", "instance_type": "mixed materials", "create_time": "2014-12-06T03:49:05Z", "created_by": "admin"}], "create_time": "2014-12-06T03:49:05Z", "created_by": "admin", "parent": {"ref": "/repositories/2/archival_objects/15864"}, "title": "Brown University Child Study Center - Reports, Publications (#26-30) (79-0254-70)", "display_string": "Brown University Child Study Center - Reports, Publications (#26-30) (79-0254-70), 1980-1983", "publish": true, "subjects": [], "external_documents": [], "linked_agents": [], "repository": {"ref": "/repositories/2"}, "has_unpublished_ancestor": false, "user_mtime": "2014-12-06T03:49:05Z", "rights_statements": [], "linked_events": [], "external_ids": [{"system_mtime": "2014-12-06T03:49:05Z", "jsonmodel_type": "external_id", "user_mtime": "2014-12-06T03:49:05Z", "last_modified_by": "admin", "source": "Archivists Toolkit Database::RESOURCE_COMPONENT", "create_time": "2014-12-06T03:49:05Z", "created_by": "admin", "external_id": "21837"}], "suppressed": false, "dates": [{"lock_version": 0, "system_mtime": "2014-12-06T03:49:05Z", "begin": "1980", "end": "1983", "jsonmodel_type": "date", "date_type": "inclusive", "user_mtime": "2014-12-06T03:49:05Z", "last_modified_by": "admin", "label": "creation", "create_time": "2014-12-06T03:49:05Z", "created_by": "admin", "expression": "1980-1983"}], "resource": {"ref": "/repositories/2/resources/94"}, "level": "file", "notes": [], "uri": "/repositories/2/archival_objects/15990", "last_modified_by": "admin", "restrictions_apply": false, "position": 125}