{"lock_version": 0, "system_mtime": "2015-11-21T05:01:45Z", "extents": [], "jsonmodel_type": "archival_object", "ref_id": "ref344_fsq", "instances": [{"lock_version": 0, "system_mtime": "2014-12-07T19:35:45Z", "container": {"lock_version": 0, "indicator_1": "27", "indicator_2": "348", "jsonmodel_type": "container", "user_mtime": "2014-12-06T03:49:10Z", "last_modified_by": "admin", "container_locations": [{"status": "current", "system_mtime": "2014-12-06 03:49:10 UTC", "ref": "/locations/6500", "user_mtime": "2014-12-06 03:49:10 UTC", "start_date": "2014-12-05"}], "type_2": "folder", "type_1": "box", "create_time": "2014-12-06T03:49:10Z", "created_by": "admin", "system_mtime": "2014-12-06T03:49:10Z"}, "jsonmodel_type": "instance", "user_mtime": "2014-12-06T03:49:10Z", "last_modified_by": "admin", "instance_type": "mixed materials", "create_time": "2014-12-06T03:49:10Z", "created_by": "admin"}], "create_time": "2014-12-06T03:49:10Z", "created_by": "admin", "parent": {"ref": "/repositories/2/archival_objects/15864"}, "title": "University of California, San Diego - General Correspondence - Philip R. Nader, M.D. (81-0729-79)", "display_string": "University of California, San Diego - General Correspondence - Philip R. Nader, M.D. (81-0729-79), 1982-1987", "publish": true, "subjects": [], "external_documents": [], "linked_agents": [], "repository": {"ref": "/repositories/2"}, "has_unpublished_ancestor": false, "user_mtime": "2014-12-06T03:49:10Z", "rights_statements": [], "linked_events": [], "external_ids": [{"system_mtime": "2014-12-06T03:49:10Z", "jsonmodel_type": "external_id", "user_mtime": "2014-12-06T03:49:10Z", "last_modified_by": "admin", "source": "Archivists Toolkit Database::RESOURCE_COMPONENT", "create_time": "2014-12-06T03:49:10Z", "created_by": "admin", "external_id": "21937"}], "suppressed": false, "dates": [{"lock_version": 0, "system_mtime": "2014-12-06T03:49:10Z", "begin": "1982", "end": "1987", "jsonmodel_type": "date", "date_type": "inclusive", "user_mtime": "2014-12-06T03:49:10Z", "last_modified_by": "admin", "label": "creation", "create_time": "2014-12-06T03:49:10Z", "created_by": "admin", "expression": "1982-1987"}], "resource": {"ref": "/repositories/2/resources/94"}, "level": "file", "notes": [], "uri": "/repositories/2/archival_objects/16087", "last_modified_by": "admin", "restrictions_apply": false, "position": 222}