{"lock_version": 0, "system_mtime": "2015-11-21T05:01:46Z", "extents": [], "jsonmodel_type": "archival_object", "ref_id": "ref388_m2u", "instances": [{"lock_version": 0, "system_mtime": "2014-12-07T19:35:45Z", "container": {"lock_version": 0, "indicator_1": "31", "indicator_2": "406", "jsonmodel_type": "container", "user_mtime": "2014-12-06T03:49:12Z", "last_modified_by": "admin", "container_locations": [{"status": "current", "system_mtime": "2014-12-06 03:49:12 UTC", "ref": "/locations/6500", "user_mtime": "2014-12-06 03:49:12 UTC", "start_date": "2014-12-05"}], "type_2": "folder", "type_1": "box", "create_time": "2014-12-06T03:49:12Z", "created_by": "admin", "system_mtime": "2014-12-06T03:49:12Z"}, "jsonmodel_type": "instance", "user_mtime": "2014-12-06T03:49:12Z", "last_modified_by": "admin", "instance_type": "mixed materials", "create_time": "2014-12-06T03:49:12Z", "created_by": "admin"}], "create_time": "2014-12-06T03:49:12Z", "created_by": "admin", "parent": {"ref": "/repositories/2/archival_objects/15864"}, "title": "Case Western Reserve University School of Medicine - Site Visit - Richard E. Behrman, M.D. (82-0660-79)", "display_string": "Case Western Reserve University School of Medicine - Site Visit - Richard E. Behrman, M.D. (82-0660-79), 1978", "publish": true, "subjects": [], "external_documents": [], "linked_agents": [], "repository": {"ref": "/repositories/2"}, "has_unpublished_ancestor": false, "user_mtime": "2014-12-06T03:49:12Z", "rights_statements": [], "linked_events": [], "external_ids": [{"system_mtime": "2014-12-06T03:49:12Z", "jsonmodel_type": "external_id", "user_mtime": "2014-12-06T03:49:12Z", "last_modified_by": "admin", "source": "Archivists Toolkit Database::RESOURCE_COMPONENT", "create_time": "2014-12-06T03:49:12Z", "created_by": "admin", "external_id": "21981"}], "suppressed": false, "dates": [{"lock_version": 0, "system_mtime": "2014-12-06T03:49:12Z", "begin": "1978", "end": "1981", "jsonmodel_type": "date", "date_type": "inclusive", "user_mtime": "2014-12-06T03:49:12Z", "last_modified_by": "admin", "label": "creation", "create_time": "2014-12-06T03:49:12Z", "created_by": "admin", "expression": "1978"}], "resource": {"ref": "/repositories/2/resources/94"}, "level": "file", "notes": [], "uri": "/repositories/2/archival_objects/16131", "last_modified_by": "admin", "restrictions_apply": false, "position": 266}