{"lock_version": 0, "system_mtime": "2015-11-21T05:01:49Z", "extents": [], "jsonmodel_type": "archival_object", "ref_id": "ref508_1hw", "instances": [{"lock_version": 0, "system_mtime": "2014-12-07T19:35:45Z", "container": {"lock_version": 0, "indicator_1": "44", "indicator_2": "568", "jsonmodel_type": "container", "user_mtime": "2014-12-06T03:49:18Z", "last_modified_by": "admin", "container_locations": [{"status": "current", "system_mtime": "2014-12-06 03:49:18 UTC", "ref": "/locations/6501", "user_mtime": "2014-12-06 03:49:18 UTC", "start_date": "2014-12-05"}], "type_2": "folder", "type_1": "box", "create_time": "2014-12-06T03:49:18Z", "created_by": "admin", "system_mtime": "2014-12-06T03:49:18Z"}, "jsonmodel_type": "instance", "user_mtime": "2014-12-06T03:49:18Z", "last_modified_by": "admin", "instance_type": "mixed materials", "create_time": "2014-12-06T03:49:18Z", "created_by": "admin"}], "create_time": "2014-12-06T03:49:18Z", "created_by": "admin", "parent": {"ref": "/repositories/2/archival_objects/15864"}, "title": "Citizen's Committee for Children of New York - Administration - Bernard C. Fisher  (74-0260-70)", "display_string": "Citizen's Committee for Children of New York - Administration - Bernard C. Fisher  (74-0260-70), 1974-1978", "publish": true, "subjects": [], "external_documents": [], "linked_agents": [], "repository": {"ref": "/repositories/2"}, "has_unpublished_ancestor": false, "user_mtime": "2014-12-06T03:49:18Z", "rights_statements": [], "linked_events": [], "external_ids": [{"system_mtime": "2014-12-06T03:49:18Z", "jsonmodel_type": "external_id", "user_mtime": "2014-12-06T03:49:18Z", "last_modified_by": "admin", "source": "Archivists Toolkit Database::RESOURCE_COMPONENT", "create_time": "2014-12-06T03:49:18Z", "created_by": "admin", "external_id": "22103"}], "suppressed": false, "dates": [{"lock_version": 0, "system_mtime": "2014-12-06T03:49:18Z", "begin": "1974", "end": "1978", "jsonmodel_type": "date", "date_type": "inclusive", "user_mtime": "2014-12-06T03:49:18Z", "last_modified_by": "admin", "label": "creation", "create_time": "2014-12-06T03:49:18Z", "created_by": "admin", "expression": "1974-1978"}], "resource": {"ref": "/repositories/2/resources/94"}, "level": "file", "notes": [], "uri": "/repositories/2/archival_objects/16241", "last_modified_by": "admin", "restrictions_apply": false, "position": 376}