{"lock_version": 0, "system_mtime": "2015-11-21T05:01:49Z", "extents": [], "jsonmodel_type": "archival_object", "ref_id": "ref524_rjt", "instances": [{"lock_version": 0, "system_mtime": "2014-12-07T19:35:45Z", "container": {"lock_version": 0, "indicator_1": "45", "indicator_2": "587", "jsonmodel_type": "container", "user_mtime": "2014-12-06T03:49:19Z", "last_modified_by": "admin", "container_locations": [{"status": "current", "system_mtime": "2014-12-06 03:49:19 UTC", "ref": "/locations/6501", "user_mtime": "2014-12-06 03:49:19 UTC", "start_date": "2014-12-05"}], "type_2": "folder", "type_1": "box", "create_time": "2014-12-06T03:49:19Z", "created_by": "admin", "system_mtime": "2014-12-06T03:49:19Z"}, "jsonmodel_type": "instance", "user_mtime": "2014-12-06T03:49:19Z", "last_modified_by": "admin", "instance_type": "mixed materials", "create_time": "2014-12-06T03:49:19Z", "created_by": "admin"}], "create_time": "2014-12-06T03:49:19Z", "created_by": "admin", "parent": {"ref": "/repositories/2/archival_objects/15864"}, "title": "Cleveland Metropolitan General Hospital - Reports, Publications/Manuscripts - Laille Gabinet, Ph.D. (unassigned grant number)", "display_string": "Cleveland Metropolitan General Hospital - Reports, Publications/Manuscripts - Laille Gabinet, Ph.D. (unassigned grant number), 1975", "publish": true, "subjects": [], "external_documents": [], "linked_agents": [], "repository": {"ref": "/repositories/2"}, "has_unpublished_ancestor": false, "user_mtime": "2014-12-06T03:49:19Z", "rights_statements": [], "linked_events": [], "external_ids": [{"system_mtime": "2014-12-06T03:49:19Z", "jsonmodel_type": "external_id", "user_mtime": "2014-12-06T03:49:19Z", "last_modified_by": "admin", "source": "Archivists Toolkit Database::RESOURCE_COMPONENT", "create_time": "2014-12-06T03:49:19Z", "created_by": "admin", "external_id": "22119"}], "suppressed": false, "dates": [{"lock_version": 0, "system_mtime": "2014-12-06T03:49:19Z", "begin": "1975", "end": "1975", "jsonmodel_type": "date", "date_type": "inclusive", "user_mtime": "2014-12-06T03:49:19Z", "last_modified_by": "admin", "label": "creation", "create_time": "2014-12-06T03:49:19Z", "created_by": "admin", "expression": "1975"}], "resource": {"ref": "/repositories/2/resources/94"}, "level": "file", "notes": [], "uri": "/repositories/2/archival_objects/16257", "last_modified_by": "admin", "restrictions_apply": false, "position": 392}