{"lock_version": 0, "system_mtime": "2015-11-21T05:01:50Z", "extents": [], "jsonmodel_type": "archival_object", "ref_id": "ref576_zdx", "instances": [{"lock_version": 0, "system_mtime": "2014-12-07T19:35:45Z", "container": {"lock_version": 0, "indicator_1": "49", "indicator_2": "642", "jsonmodel_type": "container", "user_mtime": "2014-12-06T03:49:21Z", "last_modified_by": "admin", "container_locations": [{"status": "current", "system_mtime": "2014-12-06 03:49:21 UTC", "ref": "/locations/6501", "user_mtime": "2014-12-06 03:49:21 UTC", "start_date": "2014-12-05"}], "type_2": "folder", "type_1": "box", "create_time": "2014-12-06T03:49:21Z", "created_by": "admin", "system_mtime": "2014-12-06T03:49:21Z"}, "jsonmodel_type": "instance", "user_mtime": "2014-12-06T03:49:21Z", "last_modified_by": "admin", "instance_type": "mixed materials", "create_time": "2014-12-06T03:49:21Z", "created_by": "admin"}], "create_time": "2014-12-06T03:49:21Z", "created_by": "admin", "parent": {"ref": "/repositories/2/archival_objects/15864"}, "title": "Columbia University College of Physicians and Surgeons - Publications - Myron Winick, M.D. (72-0381-72)", "display_string": "Columbia University College of Physicians and Surgeons - Publications - Myron Winick, M.D. (72-0381-72), 1975-1978", "publish": true, "subjects": [], "external_documents": [], "linked_agents": [], "repository": {"ref": "/repositories/2"}, "has_unpublished_ancestor": false, "user_mtime": "2014-12-06T03:49:21Z", "rights_statements": [], "linked_events": [], "external_ids": [{"system_mtime": "2014-12-06T03:49:21Z", "jsonmodel_type": "external_id", "user_mtime": "2014-12-06T03:49:21Z", "last_modified_by": "admin", "source": "Archivists Toolkit Database::RESOURCE_COMPONENT", "create_time": "2014-12-06T03:49:21Z", "created_by": "admin", "external_id": "22171"}], "suppressed": false, "dates": [{"lock_version": 0, "system_mtime": "2014-12-06T03:49:21Z", "begin": "1975", "end": "1978", "jsonmodel_type": "date", "date_type": "inclusive", "user_mtime": "2014-12-06T03:49:21Z", "last_modified_by": "admin", "label": "creation", "create_time": "2014-12-06T03:49:21Z", "created_by": "admin", "expression": "1975-1978"}], "resource": {"ref": "/repositories/2/resources/94"}, "level": "file", "notes": [], "uri": "/repositories/2/archival_objects/16306", "last_modified_by": "admin", "restrictions_apply": false, "position": 441}