{"lock_version": 0, "system_mtime": "2015-11-21T05:01:51Z", "extents": [], "jsonmodel_type": "archival_object", "ref_id": "ref604_ubv", "instances": [{"lock_version": 0, "system_mtime": "2014-12-07T19:35:45Z", "container": {"lock_version": 0, "indicator_1": "55", "indicator_2": "695", "jsonmodel_type": "container", "user_mtime": "2014-12-06T03:49:22Z", "last_modified_by": "admin", "container_locations": [{"status": "current", "system_mtime": "2014-12-06 03:49:22 UTC", "ref": "/locations/6502", "user_mtime": "2014-12-06 03:49:22 UTC", "start_date": "2014-12-05"}], "type_2": "folder", "type_1": "box", "create_time": "2014-12-06T03:49:22Z", "created_by": "admin", "system_mtime": "2014-12-06T03:49:22Z"}, "jsonmodel_type": "instance", "user_mtime": "2014-12-06T03:49:22Z", "last_modified_by": "admin", "instance_type": "mixed materials", "create_time": "2014-12-06T03:49:22Z", "created_by": "admin"}], "create_time": "2014-12-06T03:49:22Z", "created_by": "admin", "parent": {"ref": "/repositories/2/archival_objects/15864"}, "title": "Cornell University - Reports, Publications/Manuscripts - Sayles & Strauss (50-0048-50)", "display_string": "Cornell University - Reports, Publications/Manuscripts - Sayles & Strauss (50-0048-50), 1952-1953", "publish": true, "subjects": [], "external_documents": [], "linked_agents": [], "repository": {"ref": "/repositories/2"}, "has_unpublished_ancestor": false, "user_mtime": "2014-12-06T03:49:22Z", "rights_statements": [], "linked_events": [], "external_ids": [{"system_mtime": "2014-12-06T03:49:22Z", "jsonmodel_type": "external_id", "user_mtime": "2014-12-06T03:49:22Z", "last_modified_by": "admin", "source": "Archivists Toolkit Database::RESOURCE_COMPONENT", "create_time": "2014-12-06T03:49:22Z", "created_by": "admin", "external_id": "22220"}], "suppressed": false, "dates": [{"lock_version": 0, "system_mtime": "2014-12-06T03:49:22Z", "begin": "1952", "end": "1953", "jsonmodel_type": "date", "date_type": "inclusive", "user_mtime": "2014-12-06T03:49:22Z", "last_modified_by": "admin", "label": "creation", "create_time": "2014-12-06T03:49:22Z", "created_by": "admin", "expression": "1952-1953"}], "resource": {"ref": "/repositories/2/resources/94"}, "level": "file", "notes": [], "uri": "/repositories/2/archival_objects/16333", "last_modified_by": "admin", "restrictions_apply": false, "position": 468}