{"lock_version": 0, "system_mtime": "2015-11-21T05:01:51Z", "extents": [], "jsonmodel_type": "archival_object", "ref_id": "ref613_ush", "instances": [{"lock_version": 0, "system_mtime": "2014-12-07T19:35:45Z", "container": {"lock_version": 0, "indicator_1": "56", "indicator_2": "705", "jsonmodel_type": "container", "user_mtime": "2014-12-06T03:49:23Z", "last_modified_by": "admin", "container_locations": [{"status": "current", "system_mtime": "2014-12-06 03:49:23 UTC", "ref": "/locations/6502", "user_mtime": "2014-12-06 03:49:23 UTC", "start_date": "2014-12-05"}], "type_2": "folder", "type_1": "box", "create_time": "2014-12-06T03:49:23Z", "created_by": "admin", "system_mtime": "2014-12-06T03:49:23Z"}, "jsonmodel_type": "instance", "user_mtime": "2014-12-06T03:49:23Z", "last_modified_by": "admin", "instance_type": "mixed materials", "create_time": "2014-12-06T03:49:23Z", "created_by": "admin"}], "create_time": "2014-12-06T03:49:23Z", "created_by": "admin", "parent": {"ref": "/repositories/2/archival_objects/15864"}, "title": "Cornell University Medical College N.Y. Hospital - Administration - Daniel M. Stern, M.D. (81-0754-81) (82-0754-01: ODF Supplement)", "display_string": "Cornell University Medical College N.Y. Hospital - Administration - Daniel M. Stern, M.D. (81-0754-81) (82-0754-01: ODF Supplement), 1981-1989", "publish": true, "subjects": [], "external_documents": [], "linked_agents": [], "repository": {"ref": "/repositories/2"}, "has_unpublished_ancestor": false, "user_mtime": "2014-12-06T03:49:23Z", "rights_statements": [], "linked_events": [], "external_ids": [{"system_mtime": "2014-12-06T03:49:23Z", "jsonmodel_type": "external_id", "user_mtime": "2014-12-06T03:49:23Z", "last_modified_by": "admin", "source": "Archivists Toolkit Database::RESOURCE_COMPONENT", "create_time": "2014-12-06T03:49:23Z", "created_by": "admin", "external_id": "22229"}], "suppressed": false, "dates": [{"lock_version": 0, "system_mtime": "2014-12-06T03:49:23Z", "begin": "1981", "end": "1989", "jsonmodel_type": "date", "date_type": "inclusive", "user_mtime": "2014-12-06T03:49:23Z", "last_modified_by": "admin", "label": "creation", "create_time": "2014-12-06T03:49:23Z", "created_by": "admin", "expression": "1981-1989"}], "resource": {"ref": "/repositories/2/resources/94"}, "level": "file", "notes": [], "uri": "/repositories/2/archival_objects/16342", "last_modified_by": "admin", "restrictions_apply": false, "position": 477}