{"lock_version": 0, "system_mtime": "2015-11-21T05:01:55Z", "extents": [], "jsonmodel_type": "archival_object", "ref_id": "ref764_txv", "instances": [{"lock_version": 0, "system_mtime": "2014-12-07T19:35:45Z", "container": {"lock_version": 0, "indicator_1": "67", "indicator_2": "864", "jsonmodel_type": "container", "user_mtime": "2014-12-06T03:49:30Z", "last_modified_by": "admin", "container_locations": [{"status": "current", "system_mtime": "2014-12-06 03:49:30 UTC", "ref": "/locations/6502", "user_mtime": "2014-12-06 03:49:30 UTC", "start_date": "2014-12-05"}], "type_2": "folder", "type_1": "box", "create_time": "2014-12-06T03:49:30Z", "created_by": "admin", "system_mtime": "2014-12-06T03:49:30Z"}, "jsonmodel_type": "instance", "user_mtime": "2014-12-06T03:49:30Z", "last_modified_by": "admin", "instance_type": "mixed materials", "create_time": "2014-12-06T03:49:30Z", "created_by": "admin"}], "create_time": "2014-12-06T03:49:30Z", "created_by": "admin", "parent": {"ref": "/repositories/2/archival_objects/15864"}, "title": "University of Illinois, Urbana-Champaign - Reports, Publication/Manuscript - David Balk, Ph.D. (80-0739-80)", "display_string": "University of Illinois, Urbana-Champaign - Reports, Publication/Manuscript - David Balk, Ph.D. (80-0739-80), 1981-1983", "publish": true, "subjects": [], "external_documents": [], "linked_agents": [], "repository": {"ref": "/repositories/2"}, "has_unpublished_ancestor": false, "user_mtime": "2014-12-06T03:49:30Z", "rights_statements": [], "linked_events": [], "external_ids": [{"system_mtime": "2014-12-06T03:49:30Z", "jsonmodel_type": "external_id", "user_mtime": "2014-12-06T03:49:30Z", "last_modified_by": "admin", "source": "Archivists Toolkit Database::RESOURCE_COMPONENT", "create_time": "2014-12-06T03:49:30Z", "created_by": "admin", "external_id": "22381"}], "suppressed": false, "dates": [{"lock_version": 0, "system_mtime": "2014-12-06T03:49:30Z", "begin": "1981", "end": "1983", "jsonmodel_type": "date", "date_type": "inclusive", "user_mtime": "2014-12-06T03:49:30Z", "last_modified_by": "admin", "label": "creation", "create_time": "2014-12-06T03:49:30Z", "created_by": "admin", "expression": "1981-1983"}], "resource": {"ref": "/repositories/2/resources/94"}, "level": "file", "notes": [], "uri": "/repositories/2/archival_objects/16491", "last_modified_by": "admin", "restrictions_apply": false, "position": 626}