{"lock_version": 0, "system_mtime": "2015-11-21T05:02:02Z", "extents": [], "jsonmodel_type": "archival_object", "ref_id": "ref1029_nyj", "instances": [{"lock_version": 0, "system_mtime": "2014-12-07T19:35:45Z", "container": {"lock_version": 0, "indicator_1": "104", "indicator_2": "1224", "jsonmodel_type": "container", "user_mtime": "2014-12-06T03:49:43Z", "last_modified_by": "admin", "container_locations": [{"status": "current", "system_mtime": "2014-12-06 03:49:43 UTC", "ref": "/locations/6505", "user_mtime": "2014-12-06 03:49:43 UTC", "start_date": "2014-12-05"}], "type_2": "folder", "type_1": "box", "create_time": "2014-12-06T03:49:43Z", "created_by": "admin", "system_mtime": "2014-12-06T03:49:43Z"}, "jsonmodel_type": "instance", "user_mtime": "2014-12-06T03:49:43Z", "last_modified_by": "admin", "instance_type": "mixed materials", "create_time": "2014-12-06T03:49:43Z", "created_by": "admin"}], "create_time": "2014-12-06T03:49:43Z", "created_by": "admin", "parent": {"ref": "/repositories/2/archival_objects/15864"}, "title": "National Medical Fellowships - Application - Leon Johnson (81-0279-70)", "display_string": "National Medical Fellowships - Application - Leon Johnson (81-0279-70), 1971-1986", "publish": true, "subjects": [], "external_documents": [], "linked_agents": [], "repository": {"ref": "/repositories/2"}, "has_unpublished_ancestor": false, "user_mtime": "2014-12-06T03:49:43Z", "rights_statements": [], "linked_events": [], "external_ids": [{"system_mtime": "2014-12-06T03:49:43Z", "jsonmodel_type": "external_id", "user_mtime": "2014-12-06T03:49:43Z", "last_modified_by": "admin", "source": "Archivists Toolkit Database::RESOURCE_COMPONENT", "create_time": "2014-12-06T03:49:43Z", "created_by": "admin", "external_id": "24577"}], "suppressed": false, "dates": [{"lock_version": 0, "system_mtime": "2014-12-06T03:49:43Z", "begin": "1971", "end": "1986", "jsonmodel_type": "date", "date_type": "inclusive", "user_mtime": "2014-12-06T03:49:43Z", "last_modified_by": "admin", "label": "creation", "create_time": "2014-12-06T03:49:43Z", "created_by": "admin", "expression": "1971-1986"}], "resource": {"ref": "/repositories/2/resources/94"}, "level": "file", "notes": [], "uri": "/repositories/2/archival_objects/16753", "last_modified_by": "admin", "restrictions_apply": false, "position": 888}