{"lock_version": 0, "system_mtime": "2015-11-21T05:02:02Z", "extents": [], "jsonmodel_type": "archival_object", "ref_id": "ref1051_fys", "instances": [{"lock_version": 0, "system_mtime": "2014-12-07T19:35:45Z", "container": {"lock_version": 0, "indicator_1": "105", "indicator_2": "1246", "jsonmodel_type": "container", "user_mtime": "2014-12-06T03:49:44Z", "last_modified_by": "admin", "container_locations": [{"status": "current", "system_mtime": "2014-12-06 03:49:44 UTC", "ref": "/locations/6505", "user_mtime": "2014-12-06 03:49:44 UTC", "start_date": "2014-12-05"}], "type_2": "folder", "type_1": "box", "create_time": "2014-12-06T03:49:44Z", "created_by": "admin", "system_mtime": "2014-12-06T03:49:44Z"}, "jsonmodel_type": "instance", "user_mtime": "2014-12-06T03:49:44Z", "last_modified_by": "admin", "instance_type": "mixed materials", "create_time": "2014-12-06T03:49:44Z", "created_by": "admin"}], "create_time": "2014-12-06T03:49:44Z", "created_by": "admin", "parent": {"ref": "/repositories/2/archival_objects/15864"}, "title": "National Sudden Infant Death Syndrome Foundation - Finance - Carolyn Szbist (80-0703-79)", "display_string": "National Sudden Infant Death Syndrome Foundation - Finance - Carolyn Szbist (80-0703-79), 1981", "publish": true, "subjects": [], "external_documents": [], "linked_agents": [], "repository": {"ref": "/repositories/2"}, "has_unpublished_ancestor": false, "user_mtime": "2014-12-06T03:49:44Z", "rights_statements": [], "linked_events": [], "external_ids": [{"system_mtime": "2014-12-06T03:49:44Z", "jsonmodel_type": "external_id", "user_mtime": "2014-12-06T03:49:44Z", "last_modified_by": "admin", "source": "Archivists Toolkit Database::RESOURCE_COMPONENT", "create_time": "2014-12-06T03:49:44Z", "created_by": "admin", "external_id": "24599"}], "suppressed": false, "dates": [{"lock_version": 0, "system_mtime": "2014-12-06T03:49:44Z", "begin": "1981", "end": "1981", "jsonmodel_type": "date", "date_type": "inclusive", "user_mtime": "2014-12-06T03:49:44Z", "last_modified_by": "admin", "label": "creation", "create_time": "2014-12-06T03:49:44Z", "created_by": "admin", "expression": "1981"}], "resource": {"ref": "/repositories/2/resources/94"}, "level": "file", "notes": [], "uri": "/repositories/2/archival_objects/16775", "last_modified_by": "admin", "restrictions_apply": false, "position": 910}