{"lock_version": 0, "system_mtime": "2015-11-21T05:02:04Z", "extents": [], "jsonmodel_type": "archival_object", "ref_id": "ref1105_yvn", "instances": [{"lock_version": 0, "system_mtime": "2014-12-07T19:35:45Z", "container": {"lock_version": 0, "indicator_1": "108", "indicator_2": "1290", "jsonmodel_type": "container", "user_mtime": "2014-12-06T03:49:47Z", "last_modified_by": "admin", "container_locations": [{"status": "current", "system_mtime": "2014-12-06 03:49:47 UTC", "ref": "/locations/6505", "user_mtime": "2014-12-06 03:49:47 UTC", "start_date": "2014-12-05"}], "type_2": "folder", "type_1": "box", "create_time": "2014-12-06T03:49:47Z", "created_by": "admin", "system_mtime": "2014-12-06T03:49:47Z"}, "jsonmodel_type": "instance", "user_mtime": "2014-12-06T03:49:47Z", "last_modified_by": "admin", "instance_type": "mixed materials", "create_time": "2014-12-06T03:49:47Z", "created_by": "admin"}], "create_time": "2014-12-06T03:49:47Z", "created_by": "admin", "parent": {"ref": "/repositories/2/archival_objects/15864"}, "title": "New York State Bar Association - Howard Schwartz (84-0795-81)", "display_string": "New York State Bar Association - Howard Schwartz (84-0795-81), 1981-1983", "publish": true, "subjects": [], "external_documents": [], "linked_agents": [], "repository": {"ref": "/repositories/2"}, "has_unpublished_ancestor": false, "user_mtime": "2014-12-06T03:49:47Z", "rights_statements": [], "linked_events": [], "external_ids": [{"system_mtime": "2014-12-06T03:49:47Z", "jsonmodel_type": "external_id", "user_mtime": "2014-12-06T03:49:47Z", "last_modified_by": "admin", "source": "Archivists Toolkit Database::RESOURCE_COMPONENT", "create_time": "2014-12-06T03:49:47Z", "created_by": "admin", "external_id": "26162"}], "suppressed": false, "dates": [{"lock_version": 0, "system_mtime": "2014-12-06T03:49:47Z", "begin": "1981", "end": "1983", "jsonmodel_type": "date", "date_type": "inclusive", "user_mtime": "2014-12-06T03:49:47Z", "last_modified_by": "admin", "label": "creation", "create_time": "2014-12-06T03:49:47Z", "created_by": "admin", "expression": "1981-1983"}], "resource": {"ref": "/repositories/2/resources/94"}, "level": "file", "notes": [], "uri": "/repositories/2/archival_objects/16829", "last_modified_by": "admin", "restrictions_apply": true, "position": 964}