{"lock_version": 0, "system_mtime": "2015-11-21T05:02:04Z", "extents": [], "jsonmodel_type": "archival_object", "ref_id": "ref1106_78h", "instances": [{"lock_version": 0, "system_mtime": "2014-12-07T19:35:45Z", "container": {"lock_version": 0, "indicator_1": "109", "indicator_2": "1291", "jsonmodel_type": "container", "user_mtime": "2014-12-06T03:49:47Z", "last_modified_by": "admin", "container_locations": [{"status": "current", "system_mtime": "2014-12-06 03:49:47 UTC", "ref": "/locations/6505", "user_mtime": "2014-12-06 03:49:47 UTC", "start_date": "2014-12-05"}], "type_2": "folder", "type_1": "box", "create_time": "2014-12-06T03:49:47Z", "created_by": "admin", "system_mtime": "2014-12-06T03:49:47Z"}, "jsonmodel_type": "instance", "user_mtime": "2014-12-06T03:49:47Z", "last_modified_by": "admin", "instance_type": "mixed materials", "create_time": "2014-12-06T03:49:47Z", "created_by": "admin"}], "create_time": "2014-12-06T03:49:47Z", "created_by": "admin", "parent": {"ref": "/repositories/2/archival_objects/15864"}, "title": "New York Hospital - Cornell Medical Center - Report, Publications/Manuscripts - Elaine Heffner; Elizabeth Balliett (73-0423-72)", "display_string": "New York Hospital - Cornell Medical Center - Report, Publications/Manuscripts - Elaine Heffner; Elizabeth Balliett (73-0423-72), 1976", "publish": true, "subjects": [], "external_documents": [], "linked_agents": [], "repository": {"ref": "/repositories/2"}, "has_unpublished_ancestor": false, "user_mtime": "2014-12-06T03:49:47Z", "rights_statements": [], "linked_events": [], "external_ids": [{"system_mtime": "2014-12-06T03:49:47Z", "jsonmodel_type": "external_id", "user_mtime": "2014-12-06T03:49:47Z", "last_modified_by": "admin", "source": "Archivists Toolkit Database::RESOURCE_COMPONENT", "create_time": "2014-12-06T03:49:47Z", "created_by": "admin", "external_id": "26163"}], "suppressed": false, "dates": [{"lock_version": 0, "system_mtime": "2014-12-06T03:49:47Z", "begin": "1976", "end": "1976", "jsonmodel_type": "date", "date_type": "inclusive", "user_mtime": "2014-12-06T03:49:47Z", "last_modified_by": "admin", "label": "creation", "create_time": "2014-12-06T03:49:47Z", "created_by": "admin", "expression": "1976"}], "resource": {"ref": "/repositories/2/resources/94"}, "level": "file", "notes": [], "uri": "/repositories/2/archival_objects/16830", "last_modified_by": "admin", "restrictions_apply": false, "position": 965}