{"lock_version": 0, "system_mtime": "2015-11-21T05:02:04Z", "extents": [], "jsonmodel_type": "archival_object", "ref_id": "ref1124_4qr", "instances": [{"lock_version": 0, "system_mtime": "2014-12-07T19:35:45Z", "container": {"lock_version": 0, "indicator_1": "110", "indicator_2": "1,308-1309", "jsonmodel_type": "container", "user_mtime": "2014-12-06T03:49:48Z", "last_modified_by": "admin", "container_locations": [{"status": "current", "system_mtime": "2014-12-06 03:49:48 UTC", "ref": "/locations/6505", "user_mtime": "2014-12-06 03:49:48 UTC", "start_date": "2014-12-05"}], "type_2": "folder", "type_1": "box", "create_time": "2014-12-06T03:49:48Z", "created_by": "admin", "system_mtime": "2014-12-06T03:49:48Z"}, "jsonmodel_type": "instance", "user_mtime": "2014-12-06T03:49:48Z", "last_modified_by": "admin", "instance_type": "mixed materials", "create_time": "2014-12-06T03:49:48Z", "created_by": "admin"}], "create_time": "2014-12-06T03:49:48Z", "created_by": "admin", "parent": {"ref": "/repositories/2/archival_objects/15864"}, "title": "University of North Carolina, Chapel Hill - Report, Publications/Manuscripts - Lewis Margolis, M.D. (81-0778-81)", "display_string": "University of North Carolina, Chapel Hill - Report, Publications/Manuscripts - Lewis Margolis, M.D. (81-0778-81), 1982-1987", "publish": true, "subjects": [], "external_documents": [], "linked_agents": [], "repository": {"ref": "/repositories/2"}, "has_unpublished_ancestor": false, "user_mtime": "2014-12-06T03:49:48Z", "rights_statements": [], "linked_events": [], "external_ids": [{"system_mtime": "2014-12-06T03:49:48Z", "jsonmodel_type": "external_id", "user_mtime": "2014-12-06T03:49:48Z", "last_modified_by": "admin", "source": "Archivists Toolkit Database::RESOURCE_COMPONENT", "create_time": "2014-12-06T03:49:48Z", "created_by": "admin", "external_id": "26181"}], "suppressed": false, "dates": [{"lock_version": 0, "system_mtime": "2014-12-06T03:49:48Z", "begin": "1982", "end": "1987", "jsonmodel_type": "date", "date_type": "inclusive", "user_mtime": "2014-12-06T03:49:48Z", "last_modified_by": "admin", "label": "creation", "create_time": "2014-12-06T03:49:48Z", "created_by": "admin", "expression": "1982-1987"}], "resource": {"ref": "/repositories/2/resources/94"}, "level": "file", "notes": [], "uri": "/repositories/2/archival_objects/16847", "last_modified_by": "admin", "restrictions_apply": false, "position": 982}