{"lock_version": 0, "system_mtime": "2015-11-21T05:02:05Z", "extents": [], "jsonmodel_type": "archival_object", "ref_id": "ref1145_yz9", "instances": [{"lock_version": 0, "system_mtime": "2014-12-07T19:35:45Z", "container": {"lock_version": 0, "indicator_1": "113", "indicator_2": "1333-1336", "jsonmodel_type": "container", "user_mtime": "2014-12-06T03:49:49Z", "last_modified_by": "admin", "container_locations": [{"status": "current", "system_mtime": "2014-12-06 03:49:49 UTC", "ref": "/locations/6506", "user_mtime": "2014-12-06 03:49:49 UTC", "start_date": "2014-12-05"}], "type_2": "folder", "type_1": "box", "create_time": "2014-12-06T03:49:49Z", "created_by": "admin", "system_mtime": "2014-12-06T03:49:49Z"}, "jsonmodel_type": "instance", "user_mtime": "2014-12-06T03:49:49Z", "last_modified_by": "admin", "instance_type": "mixed materials", "create_time": "2014-12-06T03:49:49Z", "created_by": "admin"}], "create_time": "2014-12-06T03:49:49Z", "created_by": "admin", "parent": {"ref": "/repositories/2/archival_objects/15864"}, "title": "Oregon Research Institute - Report, Publications/Manuscripts - Lita Furby, Ph.D. (74-0424-72)", "display_string": "Oregon Research Institute - Report, Publications/Manuscripts - Lita Furby, Ph.D. (74-0424-72), 1974", "publish": true, "subjects": [], "external_documents": [], "linked_agents": [], "repository": {"ref": "/repositories/2"}, "has_unpublished_ancestor": false, "user_mtime": "2014-12-06T03:49:49Z", "rights_statements": [], "linked_events": [], "external_ids": [{"system_mtime": "2014-12-06T03:49:49Z", "jsonmodel_type": "external_id", "user_mtime": "2014-12-06T03:49:49Z", "last_modified_by": "admin", "source": "Archivists Toolkit Database::RESOURCE_COMPONENT", "create_time": "2014-12-06T03:49:49Z", "created_by": "admin", "external_id": "26202"}], "suppressed": false, "dates": [{"lock_version": 0, "system_mtime": "2014-12-06T03:49:49Z", "begin": "1974", "end": "1974", "jsonmodel_type": "date", "date_type": "inclusive", "user_mtime": "2014-12-06T03:49:49Z", "last_modified_by": "admin", "label": "creation", "create_time": "2014-12-06T03:49:49Z", "created_by": "admin", "expression": "1974"}], "resource": {"ref": "/repositories/2/resources/94"}, "level": "file", "notes": [], "uri": "/repositories/2/archival_objects/16867", "last_modified_by": "admin", "restrictions_apply": false, "position": 1002}