{"lock_version": 0, "system_mtime": "2015-11-21T05:02:08Z", "extents": [], "jsonmodel_type": "archival_object", "ref_id": "ref1258_ns4", "instances": [{"lock_version": 0, "system_mtime": "2014-12-07T19:35:45Z", "container": {"lock_version": 0, "indicator_1": "122", "indicator_2": "1457", "jsonmodel_type": "container", "user_mtime": "2014-12-06T03:49:55Z", "last_modified_by": "admin", "container_locations": [{"status": "current", "system_mtime": "2014-12-06 03:49:55 UTC", "ref": "/locations/6506", "user_mtime": "2014-12-06 03:49:55 UTC", "start_date": "2014-12-05"}], "type_2": "folder", "type_1": "box", "create_time": "2014-12-06T03:49:55Z", "created_by": "admin", "system_mtime": "2014-12-06T03:49:55Z"}, "jsonmodel_type": "instance", "user_mtime": "2014-12-06T03:49:55Z", "last_modified_by": "admin", "instance_type": "mixed materials", "create_time": "2014-12-06T03:49:55Z", "created_by": "admin"}], "create_time": "2014-12-06T03:49:55Z", "created_by": "admin", "parent": {"ref": "/repositories/2/archival_objects/15864"}, "title": "University of Rochester Medical Center - Report, Final - George Engel, M.D. (82-0728-80)", "display_string": "University of Rochester Medical Center - Report, Final - George Engel, M.D. (82-0728-80), 1983", "publish": true, "subjects": [], "external_documents": [], "linked_agents": [], "repository": {"ref": "/repositories/2"}, "has_unpublished_ancestor": false, "user_mtime": "2014-12-06T03:49:55Z", "rights_statements": [], "linked_events": [], "external_ids": [{"system_mtime": "2014-12-06T03:49:55Z", "jsonmodel_type": "external_id", "user_mtime": "2014-12-06T03:49:55Z", "last_modified_by": "admin", "source": "Archivists Toolkit Database::RESOURCE_COMPONENT", "create_time": "2014-12-06T03:49:55Z", "created_by": "admin", "external_id": "29156"}], "suppressed": false, "dates": [{"lock_version": 0, "system_mtime": "2014-12-06T03:49:55Z", "begin": "1983", "end": "1983", "jsonmodel_type": "date", "date_type": "inclusive", "user_mtime": "2014-12-06T03:49:55Z", "last_modified_by": "admin", "label": "creation", "create_time": "2014-12-06T03:49:55Z", "created_by": "admin", "expression": "1983"}], "resource": {"ref": "/repositories/2/resources/94"}, "level": "file", "notes": [], "uri": "/repositories/2/archival_objects/16979", "last_modified_by": "admin", "restrictions_apply": false, "position": 1114}