{"lock_version": 0, "system_mtime": "2015-11-21T05:02:09Z", "extents": [], "jsonmodel_type": "archival_object", "ref_id": "ref1313_ph9", "instances": [{"lock_version": 0, "system_mtime": "2014-12-07T19:35:45Z", "container": {"lock_version": 0, "indicator_1": "129", "indicator_2": "1514", "jsonmodel_type": "container", "user_mtime": "2014-12-06T03:49:57Z", "last_modified_by": "admin", "container_locations": [{"status": "current", "system_mtime": "2014-12-06 03:49:57 UTC", "ref": "/locations/6507", "user_mtime": "2014-12-06 03:49:57 UTC", "start_date": "2014-12-05"}], "type_2": "folder", "type_1": "box", "create_time": "2014-12-06T03:49:57Z", "created_by": "admin", "system_mtime": "2014-12-06T03:49:57Z"}, "jsonmodel_type": "instance", "user_mtime": "2014-12-06T03:49:57Z", "last_modified_by": "admin", "instance_type": "mixed materials", "create_time": "2014-12-06T03:49:57Z", "created_by": "admin"}], "create_time": "2014-12-06T03:49:57Z", "created_by": "admin", "parent": {"ref": "/repositories/2/archival_objects/15864"}, "title": "Stanford University School of Medicine - Administration - Anneliese Korner, Ph.D. (80-0565-01) (74-0565-74)", "display_string": "Stanford University School of Medicine - Administration - Anneliese Korner, Ph.D. (80-0565-01) (74-0565-74), 1974-1982", "publish": true, "subjects": [], "external_documents": [], "linked_agents": [], "repository": {"ref": "/repositories/2"}, "has_unpublished_ancestor": false, "user_mtime": "2014-12-06T03:49:57Z", "rights_statements": [], "linked_events": [], "external_ids": [{"system_mtime": "2014-12-06T03:49:57Z", "jsonmodel_type": "external_id", "user_mtime": "2014-12-06T03:49:57Z", "last_modified_by": "admin", "source": "Archivists Toolkit Database::RESOURCE_COMPONENT", "create_time": "2014-12-06T03:49:57Z", "created_by": "admin", "external_id": "29210"}], "suppressed": false, "dates": [{"lock_version": 0, "system_mtime": "2014-12-06T03:49:57Z", "begin": "1974", "end": "1982", "jsonmodel_type": "date", "date_type": "inclusive", "user_mtime": "2014-12-06T03:49:57Z", "last_modified_by": "admin", "label": "creation", "create_time": "2014-12-06T03:49:57Z", "created_by": "admin", "expression": "1974-1982"}], "resource": {"ref": "/repositories/2/resources/94"}, "level": "file", "notes": [], "uri": "/repositories/2/archival_objects/17033", "last_modified_by": "admin", "restrictions_apply": false, "position": 1168}