{"lock_version": 0, "system_mtime": "2015-11-21T05:02:11Z", "extents": [], "jsonmodel_type": "archival_object", "ref_id": "ref1352_x28", "instances": [{"lock_version": 0, "system_mtime": "2014-12-07T19:35:45Z", "container": {"lock_version": 0, "indicator_1": "133", "indicator_2": "1556", "jsonmodel_type": "container", "user_mtime": "2014-12-06T03:49:59Z", "last_modified_by": "admin", "container_locations": [{"status": "current", "system_mtime": "2014-12-06 03:49:59 UTC", "ref": "/locations/6507", "user_mtime": "2014-12-06 03:49:59 UTC", "start_date": "2014-12-05"}], "type_2": "folder", "type_1": "box", "create_time": "2014-12-06T03:49:59Z", "created_by": "admin", "system_mtime": "2014-12-06T03:49:59Z"}, "jsonmodel_type": "instance", "user_mtime": "2014-12-06T03:49:59Z", "last_modified_by": "admin", "instance_type": "mixed materials", "create_time": "2014-12-06T03:49:59Z", "created_by": "admin"}], "create_time": "2014-12-06T03:49:59Z", "created_by": "admin", "parent": {"ref": "/repositories/2/archival_objects/15864"}, "title": "Tavistock Institute of Human Relations - Administration - John Bowlby, M.D. (74-0163-65)", "display_string": "Tavistock Institute of Human Relations - Administration - John Bowlby, M.D. (74-0163-65), 1965-1972", "publish": true, "subjects": [], "external_documents": [], "linked_agents": [], "repository": {"ref": "/repositories/2"}, "has_unpublished_ancestor": false, "user_mtime": "2014-12-06T03:49:59Z", "rights_statements": [], "linked_events": [], "external_ids": [{"system_mtime": "2014-12-06T03:49:59Z", "jsonmodel_type": "external_id", "user_mtime": "2014-12-06T03:49:59Z", "last_modified_by": "admin", "source": "Archivists Toolkit Database::RESOURCE_COMPONENT", "create_time": "2014-12-06T03:49:59Z", "created_by": "admin", "external_id": "29249"}], "suppressed": false, "dates": [{"lock_version": 0, "system_mtime": "2014-12-06T03:49:59Z", "begin": "1965", "end": "1972", "jsonmodel_type": "date", "date_type": "inclusive", "user_mtime": "2014-12-06T03:49:59Z", "last_modified_by": "admin", "label": "creation", "create_time": "2014-12-06T03:49:59Z", "created_by": "admin", "expression": "1965-1972"}], "resource": {"ref": "/repositories/2/resources/94"}, "level": "file", "notes": [{"persistent_id": "9de2cc4ea98dc27ce872a55fc0ef96a8", "type": "separatedmaterial", "subnotes": [{"content": "See Series 5a, Special Formats (Scrapbooks and Photographs), box 280, folders 3566-3569; box 281 folders 3570-3571; and box 282.", "publish": true, "jsonmodel_type": "note_text"}], "jsonmodel_type": "note_multipart", "publish": true}], "uri": "/repositories/2/archival_objects/17072", "last_modified_by": "admin", "restrictions_apply": false, "position": 1207}