{"lock_version": 0, "system_mtime": "2015-11-21T05:02:15Z", "extents": [], "jsonmodel_type": "archival_object", "ref_id": "ref1489_ige", "instances": [{"lock_version": 0, "system_mtime": "2014-12-07T19:35:45Z", "container": {"lock_version": 0, "indicator_1": "154", "indicator_2": "1738", "jsonmodel_type": "container", "user_mtime": "2014-12-06T03:50:06Z", "last_modified_by": "admin", "container_locations": [{"status": "current", "system_mtime": "2014-12-06 03:50:06 UTC", "ref": "/locations/6509", "user_mtime": "2014-12-06 03:50:06 UTC", "start_date": "2014-12-05"}], "type_2": "folder", "type_1": "box", "create_time": "2014-12-06T03:50:06Z", "created_by": "admin", "system_mtime": "2014-12-06T03:50:06Z"}, "jsonmodel_type": "instance", "user_mtime": "2014-12-06T03:50:06Z", "last_modified_by": "admin", "instance_type": "mixed materials", "create_time": "2014-12-06T03:50:06Z", "created_by": "admin"}], "create_time": "2014-12-06T03:50:06Z", "created_by": "admin", "parent": {"ref": "/repositories/2/archival_objects/15864"}, "title": "Yale University - Reports, Publications - Donald J. Cohen (80-0509-74)", "display_string": "Yale University - Reports, Publications - Donald J. Cohen (80-0509-74), 1977", "publish": true, "subjects": [], "external_documents": [], "linked_agents": [], "repository": {"ref": "/repositories/2"}, "has_unpublished_ancestor": false, "user_mtime": "2014-12-06T03:50:06Z", "rights_statements": [], "linked_events": [], "external_ids": [{"system_mtime": "2014-12-06T03:50:06Z", "jsonmodel_type": "external_id", "user_mtime": "2014-12-06T03:50:06Z", "last_modified_by": "admin", "source": "Archivists Toolkit Database::RESOURCE_COMPONENT", "create_time": "2014-12-06T03:50:06Z", "created_by": "admin", "external_id": "40796"}], "suppressed": false, "dates": [{"lock_version": 0, "system_mtime": "2014-12-06T03:50:06Z", "begin": "1977", "end": "1977", "jsonmodel_type": "date", "date_type": "inclusive", "user_mtime": "2014-12-06T03:50:06Z", "last_modified_by": "admin", "label": "creation", "create_time": "2014-12-06T03:50:06Z", "created_by": "admin", "expression": "1977"}], "resource": {"ref": "/repositories/2/resources/94"}, "level": "file", "notes": [], "uri": "/repositories/2/archival_objects/17203", "last_modified_by": "admin", "restrictions_apply": true, "position": 1338}