{"lock_version": 0, "system_mtime": "2015-11-21T05:02:19Z", "extents": [], "jsonmodel_type": "archival_object", "ref_id": "ref1691_lx2", "instances": [{"lock_version": 0, "system_mtime": "2014-12-07T19:35:45Z", "container": {"lock_version": 0, "indicator_1": "167", "indicator_2": "1936", "jsonmodel_type": "container", "user_mtime": "2014-12-06T03:50:15Z", "last_modified_by": "admin", "container_locations": [{"status": "current", "system_mtime": "2014-12-06 03:50:15 UTC", "ref": "/locations/6510", "user_mtime": "2014-12-06 03:50:15 UTC", "start_date": "2014-12-05"}], "type_2": "folder", "type_1": "box", "create_time": "2014-12-06T03:50:15Z", "created_by": "admin", "system_mtime": "2014-12-06T03:50:15Z"}, "jsonmodel_type": "instance", "user_mtime": "2014-12-06T03:50:15Z", "last_modified_by": "admin", "instance_type": "mixed materials", "create_time": "2014-12-06T03:50:15Z", "created_by": "admin"}], "create_time": "2014-12-06T03:50:15Z", "created_by": "admin", "parent": {"ref": "/repositories/2/archival_objects/17261"}, "title": "Bronx River Neighborhood Centers - James Canellas - Applications (85-1039-85)", "display_string": "Bronx River Neighborhood Centers - James Canellas - Applications (85-1039-85), 1983-1988", "publish": true, "subjects": [], "external_documents": [], "linked_agents": [], "repository": {"ref": "/repositories/2"}, "has_unpublished_ancestor": false, "user_mtime": "2014-12-06T03:50:15Z", "rights_statements": [], "linked_events": [], "external_ids": [{"system_mtime": "2014-12-06T03:50:15Z", "jsonmodel_type": "external_id", "user_mtime": "2014-12-06T03:50:15Z", "last_modified_by": "admin", "source": "Archivists Toolkit Database::RESOURCE_COMPONENT", "create_time": "2014-12-06T03:50:15Z", "created_by": "admin", "external_id": "61059"}], "suppressed": false, "dates": [{"lock_version": 0, "system_mtime": "2014-12-06T03:50:15Z", "begin": "1983", "end": "1988", "jsonmodel_type": "date", "date_type": "inclusive", "user_mtime": "2014-12-06T03:50:15Z", "last_modified_by": "admin", "label": "creation", "create_time": "2014-12-06T03:50:15Z", "created_by": "admin", "expression": "1983-1988"}], "resource": {"ref": "/repositories/2/resources/94"}, "level": "file", "notes": [], "uri": "/repositories/2/archival_objects/17394", "last_modified_by": "admin", "restrictions_apply": false, "position": 132}