{"lock_version": 0, "system_mtime": "2015-11-21T05:02:19Z", "extents": [], "jsonmodel_type": "archival_object", "ref_id": "ref1708_sbl", "instances": [{"lock_version": 0, "system_mtime": "2014-12-07T19:35:45Z", "container": {"lock_version": 0, "indicator_1": "167", "indicator_2": "1952", "jsonmodel_type": "container", "user_mtime": "2014-12-06T03:50:16Z", "last_modified_by": "admin", "container_locations": [{"status": "current", "system_mtime": "2014-12-06 03:50:16 UTC", "ref": "/locations/6510", "user_mtime": "2014-12-06 03:50:16 UTC", "start_date": "2014-12-05"}], "type_2": "folder", "type_1": "box", "create_time": "2014-12-06T03:50:16Z", "created_by": "admin", "system_mtime": "2014-12-06T03:50:16Z"}, "jsonmodel_type": "instance", "user_mtime": "2014-12-06T03:50:16Z", "last_modified_by": "admin", "instance_type": "mixed materials", "create_time": "2014-12-06T03:50:16Z", "created_by": "admin"}], "create_time": "2014-12-06T03:50:16Z", "created_by": "admin", "parent": {"ref": "/repositories/2/archival_objects/17261"}, "title": "University of California, San Francisco - Administration - Leonard I. Pearlin, Ph.D. (83-0939-00)", "display_string": "University of California, San Francisco - Administration - Leonard I. Pearlin, Ph.D. (83-0939-00), 1984-1986", "publish": true, "subjects": [], "external_documents": [], "linked_agents": [], "repository": {"ref": "/repositories/2"}, "has_unpublished_ancestor": false, "user_mtime": "2014-12-06T03:50:16Z", "rights_statements": [], "linked_events": [], "external_ids": [{"system_mtime": "2014-12-06T03:50:16Z", "jsonmodel_type": "external_id", "user_mtime": "2014-12-06T03:50:16Z", "last_modified_by": "admin", "source": "Archivists Toolkit Database::RESOURCE_COMPONENT", "create_time": "2014-12-06T03:50:16Z", "created_by": "admin", "external_id": "61076"}], "suppressed": false, "dates": [{"lock_version": 0, "system_mtime": "2014-12-06T03:50:16Z", "begin": "1984", "end": "1986", "jsonmodel_type": "date", "date_type": "inclusive", "user_mtime": "2014-12-06T03:50:16Z", "last_modified_by": "admin", "label": "creation", "create_time": "2014-12-06T03:50:16Z", "created_by": "admin", "expression": "1984-1986"}], "resource": {"ref": "/repositories/2/resources/94"}, "level": "file", "notes": [], "uri": "/repositories/2/archival_objects/17411", "last_modified_by": "admin", "restrictions_apply": false, "position": 149}