{"lock_version": 0, "system_mtime": "2015-11-21T05:02:20Z", "extents": [], "jsonmodel_type": "archival_object", "ref_id": "ref1717_z6d", "instances": [{"lock_version": 0, "system_mtime": "2014-12-07T19:35:45Z", "container": {"lock_version": 0, "indicator_1": "168", "indicator_2": "1961", "jsonmodel_type": "container", "user_mtime": "2014-12-06T03:50:17Z", "last_modified_by": "admin", "container_locations": [{"status": "current", "system_mtime": "2014-12-06 03:50:17 UTC", "ref": "/locations/6510", "user_mtime": "2014-12-06 03:50:17 UTC", "start_date": "2014-12-05"}], "type_2": "folder", "type_1": "box", "create_time": "2014-12-06T03:50:17Z", "created_by": "admin", "system_mtime": "2014-12-06T03:50:17Z"}, "jsonmodel_type": "instance", "user_mtime": "2014-12-06T03:50:17Z", "last_modified_by": "admin", "instance_type": "mixed materials", "create_time": "2014-12-06T03:50:17Z", "created_by": "admin"}], "create_time": "2014-12-06T03:50:17Z", "created_by": "admin", "parent": {"ref": "/repositories/2/archival_objects/17261"}, "title": "University of California, San Francisco - Finance - Lenore C. Terr, M.D. (86-1071-01)", "display_string": "University of California, San Francisco - Finance - Lenore C. Terr, M.D. (86-1071-01), 1987-1990", "publish": true, "subjects": [], "external_documents": [], "linked_agents": [], "repository": {"ref": "/repositories/2"}, "has_unpublished_ancestor": false, "user_mtime": "2014-12-06T03:50:17Z", "rights_statements": [], "linked_events": [], "external_ids": [{"system_mtime": "2014-12-06T03:50:17Z", "jsonmodel_type": "external_id", "user_mtime": "2014-12-06T03:50:17Z", "last_modified_by": "admin", "source": "Archivists Toolkit Database::RESOURCE_COMPONENT", "create_time": "2014-12-06T03:50:17Z", "created_by": "admin", "external_id": "61202"}], "suppressed": false, "dates": [{"lock_version": 0, "system_mtime": "2014-12-06T03:50:17Z", "begin": "1987", "end": "1990", "jsonmodel_type": "date", "date_type": "inclusive", "user_mtime": "2014-12-06T03:50:17Z", "last_modified_by": "admin", "label": "creation", "create_time": "2014-12-06T03:50:17Z", "created_by": "admin", "expression": "1987-1990"}], "resource": {"ref": "/repositories/2/resources/94"}, "level": "file", "notes": [], "uri": "/repositories/2/archival_objects/17420", "last_modified_by": "admin", "restrictions_apply": false, "position": 158}