{"lock_version": 0, "system_mtime": "2015-11-21T05:02:22Z", "extents": [], "jsonmodel_type": "archival_object", "ref_id": "ref3905_0cl", "instances": [{"lock_version": 0, "system_mtime": "2014-12-07T19:35:45Z", "container": {"lock_version": 0, "indicator_1": "172", "indicator_2": "2082", "jsonmodel_type": "container", "user_mtime": "2014-12-06T03:50:23Z", "last_modified_by": "admin", "container_locations": [{"status": "current", "system_mtime": "2014-12-06 03:50:23 UTC", "ref": "/locations/6510", "user_mtime": "2014-12-06 03:50:23 UTC", "start_date": "2014-12-05"}], "type_2": "folder", "type_1": "box", "create_time": "2014-12-06T03:50:23Z", "created_by": "admin", "system_mtime": "2014-12-06T03:50:23Z"}, "jsonmodel_type": "instance", "user_mtime": "2014-12-06T03:50:23Z", "last_modified_by": "admin", "instance_type": "mixed materials", "create_time": "2014-12-06T03:50:23Z", "created_by": "admin"}], "create_time": "2014-12-06T03:50:23Z", "created_by": "admin", "parent": {"ref": "/repositories/2/archival_objects/17261"}, "title": "Church of Saint Katherine of Alexandria - Reports - Reverend Peter W.D. Bramble; Vivian E. Washington (84-0986-84)", "display_string": "Church of Saint Katherine of Alexandria - Reports - Reverend Peter W.D. Bramble; Vivian E. Washington (84-0986-84)", "publish": true, "subjects": [], "external_documents": [], "linked_agents": [], "repository": {"ref": "/repositories/2"}, "has_unpublished_ancestor": false, "user_mtime": "2014-12-06T03:50:23Z", "rights_statements": [], "linked_events": [], "external_ids": [{"system_mtime": "2014-12-06T03:50:23Z", "jsonmodel_type": "external_id", "user_mtime": "2014-12-06T03:50:23Z", "last_modified_by": "admin", "source": "Archivists Toolkit Database::RESOURCE_COMPONENT", "create_time": "2014-12-06T03:50:23Z", "created_by": "admin", "external_id": "77984"}], "suppressed": false, "dates": [], "resource": {"ref": "/repositories/2/resources/94"}, "level": "file", "notes": [{"persistent_id": "183cb62a39e6eb721bc7209f35c4e272", "type": "scopecontent", "subnotes": [{"content": "Photographs have been moved to Series 5a, Special Formats (Scrapbooks and Photographs), box 283, folder 3572a.", "publish": true, "jsonmodel_type": "note_text"}], "jsonmodel_type": "note_multipart", "publish": true}], "uri": "/repositories/2/archival_objects/17539", "last_modified_by": "admin", "restrictions_apply": false, "position": 277}