{"lock_version": 0, "system_mtime": "2015-11-21T05:02:24Z", "extents": [], "jsonmodel_type": "archival_object", "ref_id": "ref1912_16w", "instances": [{"lock_version": 0, "system_mtime": "2014-12-07T19:35:45Z", "container": {"lock_version": 0, "indicator_1": "176", "indicator_2": "2157b", "jsonmodel_type": "container", "user_mtime": "2014-12-06T03:50:26Z", "last_modified_by": "admin", "container_locations": [{"status": "current", "system_mtime": "2014-12-06 03:50:26 UTC", "ref": "/locations/6510", "user_mtime": "2014-12-06 03:50:26 UTC", "start_date": "2014-12-05"}], "type_2": "folder", "type_1": "box", "create_time": "2014-12-06T03:50:26Z", "created_by": "admin", "system_mtime": "2014-12-06T03:50:26Z"}, "jsonmodel_type": "instance", "user_mtime": "2014-12-06T03:50:26Z", "last_modified_by": "admin", "instance_type": "mixed materials", "create_time": "2014-12-06T03:50:26Z", "created_by": "admin"}], "create_time": "2014-12-06T03:50:26Z", "created_by": "admin", "parent": {"ref": "/repositories/2/archival_objects/17261"}, "title": "University of Delaware - Administration - Ann Mari Cauce (85-1206-59)", "display_string": "University of Delaware - Administration - Ann Mari Cauce (85-1206-59), 1986", "publish": true, "subjects": [], "external_documents": [], "linked_agents": [], "repository": {"ref": "/repositories/2"}, "has_unpublished_ancestor": false, "user_mtime": "2014-12-06T03:50:26Z", "rights_statements": [], "linked_events": [], "external_ids": [{"system_mtime": "2014-12-06T03:50:26Z", "jsonmodel_type": "external_id", "user_mtime": "2014-12-06T03:50:26Z", "last_modified_by": "admin", "source": "Archivists Toolkit Database::RESOURCE_COMPONENT", "create_time": "2014-12-06T03:50:26Z", "created_by": "admin", "external_id": "67279"}], "suppressed": false, "dates": [{"lock_version": 0, "system_mtime": "2014-12-06T03:50:26Z", "begin": "1986", "end": "1986", "jsonmodel_type": "date", "date_type": "inclusive", "user_mtime": "2014-12-06T03:50:26Z", "last_modified_by": "admin", "label": "creation", "create_time": "2014-12-06T03:50:26Z", "created_by": "admin", "expression": "1986"}], "resource": {"ref": "/repositories/2/resources/94"}, "level": "file", "notes": [], "uri": "/repositories/2/archival_objects/17615", "last_modified_by": "admin", "restrictions_apply": false, "position": 353}