{"lock_version": 0, "system_mtime": "2015-11-21T05:02:28Z", "extents": [], "jsonmodel_type": "archival_object", "ref_id": "ref2138_8fx", "instances": [{"lock_version": 0, "system_mtime": "2014-12-07T19:35:45Z", "container": {"lock_version": 0, "indicator_1": "185", "indicator_2": "2382", "jsonmodel_type": "container", "user_mtime": "2014-12-06T03:50:38Z", "last_modified_by": "admin", "container_locations": [{"status": "current", "system_mtime": "2014-12-06 03:50:38 UTC", "ref": "/locations/6511", "user_mtime": "2014-12-06 03:50:38 UTC", "start_date": "2014-12-05"}], "type_2": "folder", "type_1": "box", "create_time": "2014-12-06T03:50:38Z", "created_by": "admin", "system_mtime": "2014-12-06T03:50:38Z"}, "jsonmodel_type": "instance", "user_mtime": "2014-12-06T03:50:38Z", "last_modified_by": "admin", "instance_type": "mixed materials", "create_time": "2014-12-06T03:50:38Z", "created_by": "admin"}], "create_time": "2014-12-06T03:50:38Z", "created_by": "admin", "parent": {"ref": "/repositories/2/archival_objects/17261"}, "title": "Human Resources Center of St. Albans - Application - George C. Allen (85-1019-85)", "display_string": "Human Resources Center of St. Albans - Application - George C. Allen (85-1019-85), 1984-1986", "publish": true, "subjects": [], "external_documents": [], "linked_agents": [], "repository": {"ref": "/repositories/2"}, "has_unpublished_ancestor": false, "user_mtime": "2014-12-06T03:50:38Z", "rights_statements": [], "linked_events": [], "external_ids": [{"system_mtime": "2014-12-06T03:50:38Z", "jsonmodel_type": "external_id", "user_mtime": "2014-12-06T03:50:38Z", "last_modified_by": "admin", "source": "Archivists Toolkit Database::RESOURCE_COMPONENT", "create_time": "2014-12-06T03:50:38Z", "created_by": "admin", "external_id": "67503"}], "suppressed": false, "dates": [{"lock_version": 0, "system_mtime": "2014-12-06T03:50:38Z", "begin": "1984", "end": "1986", "jsonmodel_type": "date", "date_type": "inclusive", "user_mtime": "2014-12-06T03:50:38Z", "last_modified_by": "admin", "label": "creation", "create_time": "2014-12-06T03:50:38Z", "created_by": "admin", "expression": "1984-1986"}], "resource": {"ref": "/repositories/2/resources/94"}, "level": "file", "notes": [], "uri": "/repositories/2/archival_objects/17833", "last_modified_by": "admin", "restrictions_apply": false, "position": 571}