{"lock_version": 0, "system_mtime": "2015-11-21T05:02:31Z", "extents": [], "jsonmodel_type": "archival_object", "ref_id": "ref2247_rxv", "instances": [{"lock_version": 0, "system_mtime": "2014-12-06T03:50:42Z", "container": {"lock_version": 0, "indicator_1": "191", "indicator_2": "2495", "jsonmodel_type": "container", "user_mtime": "2014-12-06T03:50:42Z", "last_modified_by": "admin", "container_locations": [{"status": "current", "system_mtime": "2014-12-06 03:50:42 UTC", "ref": "/locations/6511", "user_mtime": "2014-12-06 03:50:42 UTC", "start_date": "2014-12-05"}], "type_2": "folder", "type_1": "box", "create_time": "2014-12-06T03:50:42Z", "created_by": "admin", "system_mtime": "2014-12-06T03:50:42Z"}, "jsonmodel_type": "instance", "user_mtime": "2014-12-06T03:50:42Z", "last_modified_by": "admin", "instance_type": "microform", "create_time": "2014-12-06T03:50:42Z", "created_by": "admin"}], "create_time": "2014-12-06T03:50:42Z", "created_by": "admin", "parent": {"ref": "/repositories/2/archival_objects/17261"}, "title": "Mental Health Association in New York State - Administration - Joseph H. Hodgson, Jr. (84-0963-84)", "display_string": "Mental Health Association in New York State - Administration - Joseph H. Hodgson, Jr. (84-0963-84), 1984-1985", "publish": true, "subjects": [], "external_documents": [], "linked_agents": [], "repository": {"ref": "/repositories/2"}, "has_unpublished_ancestor": false, "user_mtime": "2014-12-06T03:50:42Z", "rights_statements": [], "linked_events": [], "external_ids": [{"system_mtime": "2014-12-06T03:50:42Z", "jsonmodel_type": "external_id", "user_mtime": "2014-12-06T03:50:42Z", "last_modified_by": "admin", "source": "Archivists Toolkit Database::RESOURCE_COMPONENT", "create_time": "2014-12-06T03:50:42Z", "created_by": "admin", "external_id": "67611"}], "suppressed": false, "dates": [{"lock_version": 0, "system_mtime": "2014-12-06T03:50:42Z", "begin": "1984", "end": "1985", "jsonmodel_type": "date", "date_type": "inclusive", "user_mtime": "2014-12-06T03:50:42Z", "last_modified_by": "admin", "label": "creation", "create_time": "2014-12-06T03:50:42Z", "created_by": "admin", "expression": "1984-1985"}], "resource": {"ref": "/repositories/2/resources/94"}, "level": "file", "notes": [], "uri": "/repositories/2/archival_objects/17938", "last_modified_by": "admin", "restrictions_apply": false, "position": 676}