{"lock_version": 0, "system_mtime": "2015-11-21T05:02:31Z", "extents": [], "jsonmodel_type": "archival_object", "ref_id": "ref2269_sa5", "instances": [{"lock_version": 0, "system_mtime": "2014-12-07T19:35:45Z", "container": {"lock_version": 0, "indicator_1": "192", "indicator_2": "2518", "jsonmodel_type": "container", "user_mtime": "2014-12-06T03:50:43Z", "last_modified_by": "admin", "container_locations": [{"status": "current", "system_mtime": "2014-12-06 03:50:43 UTC", "ref": "/locations/6511", "user_mtime": "2014-12-06 03:50:43 UTC", "start_date": "2014-12-05"}], "type_2": "folder", "type_1": "box", "create_time": "2014-12-06T03:50:43Z", "created_by": "admin", "system_mtime": "2014-12-06T03:50:43Z"}, "jsonmodel_type": "instance", "user_mtime": "2014-12-06T03:50:43Z", "last_modified_by": "admin", "instance_type": "mixed materials", "create_time": "2014-12-06T03:50:43Z", "created_by": "admin"}], "create_time": "2014-12-06T03:50:43Z", "created_by": "admin", "parent": {"ref": "/repositories/2/archival_objects/17261"}, "title": "University of Michigan - Report - William Stapp (88-1238-88)", "display_string": "University of Michigan - Report - William Stapp (88-1238-88), 1990", "publish": true, "subjects": [], "external_documents": [], "linked_agents": [], "repository": {"ref": "/repositories/2"}, "has_unpublished_ancestor": false, "user_mtime": "2014-12-06T03:50:43Z", "rights_statements": [], "linked_events": [], "external_ids": [{"system_mtime": "2014-12-06T03:50:43Z", "jsonmodel_type": "external_id", "user_mtime": "2014-12-06T03:50:43Z", "last_modified_by": "admin", "source": "Archivists Toolkit Database::RESOURCE_COMPONENT", "create_time": "2014-12-06T03:50:43Z", "created_by": "admin", "external_id": "67633"}], "suppressed": false, "dates": [{"lock_version": 0, "system_mtime": "2014-12-06T03:50:43Z", "begin": "1990", "end": "1990", "jsonmodel_type": "date", "date_type": "inclusive", "user_mtime": "2014-12-06T03:50:43Z", "last_modified_by": "admin", "label": "creation", "create_time": "2014-12-06T03:50:43Z", "created_by": "admin", "expression": "1990"}], "resource": {"ref": "/repositories/2/resources/94"}, "level": "file", "notes": [], "uri": "/repositories/2/archival_objects/17959", "last_modified_by": "admin", "restrictions_apply": false, "position": 697}