{"lock_version": 0, "system_mtime": "2015-11-21T05:02:33Z", "extents": [], "jsonmodel_type": "archival_object", "ref_id": "ref2344_53p", "instances": [{"lock_version": 0, "system_mtime": "2014-12-07T19:35:45Z", "container": {"lock_version": 0, "indicator_1": "195", "indicator_2": "2621", "jsonmodel_type": "container", "user_mtime": "2014-12-06T03:50:47Z", "last_modified_by": "admin", "container_locations": [{"status": "current", "system_mtime": "2014-12-06 03:50:47 UTC", "ref": "/locations/6512", "user_mtime": "2014-12-06 03:50:47 UTC", "start_date": "2014-12-05"}], "type_2": "folder", "type_1": "box", "create_time": "2014-12-06T03:50:47Z", "created_by": "admin", "system_mtime": "2014-12-06T03:50:47Z"}, "jsonmodel_type": "instance", "user_mtime": "2014-12-06T03:50:47Z", "last_modified_by": "admin", "instance_type": "mixed materials", "create_time": "2014-12-06T03:50:47Z", "created_by": "admin"}], "create_time": "2014-12-06T03:50:47Z", "created_by": "admin", "parent": {"ref": "/repositories/2/archival_objects/17261"}, "title": "National Council on Alcoholism - Final Report - Thomas V. Seessel (87-1160-87)", "display_string": "National Council on Alcoholism - Final Report - Thomas V. Seessel (87-1160-87), 1988", "publish": true, "subjects": [], "external_documents": [], "linked_agents": [], "repository": {"ref": "/repositories/2"}, "has_unpublished_ancestor": false, "user_mtime": "2014-12-06T03:50:47Z", "rights_statements": [], "linked_events": [], "external_ids": [{"system_mtime": "2014-12-06T03:50:47Z", "jsonmodel_type": "external_id", "user_mtime": "2014-12-06T03:50:47Z", "last_modified_by": "admin", "source": "Archivists Toolkit Database::RESOURCE_COMPONENT", "create_time": "2014-12-06T03:50:47Z", "created_by": "admin", "external_id": "67706"}], "suppressed": false, "dates": [{"lock_version": 0, "system_mtime": "2014-12-06T03:50:47Z", "begin": "1988", "end": "1988", "jsonmodel_type": "date", "date_type": "inclusive", "user_mtime": "2014-12-06T03:50:47Z", "last_modified_by": "admin", "label": "creation", "create_time": "2014-12-06T03:50:47Z", "created_by": "admin", "expression": "1988"}], "resource": {"ref": "/repositories/2/resources/94"}, "level": "file", "notes": [], "uri": "/repositories/2/archival_objects/18031", "last_modified_by": "admin", "restrictions_apply": false, "position": 769}