{"lock_version": 0, "system_mtime": "2015-11-21T05:02:39Z", "extents": [], "jsonmodel_type": "archival_object", "ref_id": "ref2817_76t", "instances": [{"lock_version": 0, "system_mtime": "2014-12-07T19:35:45Z", "container": {"lock_version": 0, "indicator_1": "207", "indicator_2": "2867", "jsonmodel_type": "container", "user_mtime": "2014-12-06T03:50:58Z", "last_modified_by": "admin", "container_locations": [{"status": "current", "system_mtime": "2014-12-06 03:50:58 UTC", "ref": "/locations/6512", "user_mtime": "2014-12-06 03:50:58 UTC", "start_date": "2014-12-05"}], "type_2": "folder", "type_1": "box", "create_time": "2014-12-06T03:50:58Z", "created_by": "admin", "system_mtime": "2014-12-06T03:50:58Z"}, "jsonmodel_type": "instance", "user_mtime": "2014-12-06T03:50:58Z", "last_modified_by": "admin", "instance_type": "mixed materials", "create_time": "2014-12-06T03:50:58Z", "created_by": "admin"}], "create_time": "2014-12-06T03:50:58Z", "created_by": "admin", "parent": {"ref": "/repositories/2/archival_objects/17261"}, "title": "Research Foundation for Mental Hygiene - Administration - L. Erlenmeyer-Kimling, Ph.D. (83-0918-00)", "display_string": "Research Foundation for Mental Hygiene - Administration - L. Erlenmeyer-Kimling, Ph.D. (83-0918-00), 1983-1984", "publish": true, "subjects": [], "external_documents": [], "linked_agents": [], "repository": {"ref": "/repositories/2"}, "has_unpublished_ancestor": false, "user_mtime": "2014-12-06T03:50:58Z", "rights_statements": [], "linked_events": [], "external_ids": [{"system_mtime": "2014-12-06T03:50:58Z", "jsonmodel_type": "external_id", "user_mtime": "2014-12-06T03:50:58Z", "last_modified_by": "admin", "source": "Archivists Toolkit Database::RESOURCE_COMPONENT", "create_time": "2014-12-06T03:50:58Z", "created_by": "admin", "external_id": "71179"}], "suppressed": false, "dates": [{"lock_version": 0, "system_mtime": "2014-12-06T03:50:58Z", "begin": "1983", "end": "1984", "jsonmodel_type": "date", "date_type": "inclusive", "user_mtime": "2014-12-06T03:50:58Z", "last_modified_by": "admin", "label": "creation", "create_time": "2014-12-06T03:50:58Z", "created_by": "admin", "expression": "1983-1984"}], "resource": {"ref": "/repositories/2/resources/94"}, "level": "file", "notes": [], "uri": "/repositories/2/archival_objects/18269", "last_modified_by": "admin", "restrictions_apply": false, "position": 1007}