{"lock_version": 0, "system_mtime": "2015-11-21T05:02:40Z", "extents": [], "jsonmodel_type": "archival_object", "ref_id": "ref2575_jp0", "instances": [{"lock_version": 0, "system_mtime": "2015-09-23T18:26:46Z", "container": {"lock_version": 0, "indicator_1": "208", "indicator_2": "2877", "jsonmodel_type": "container", "user_mtime": "2014-12-06T03:50:59Z", "last_modified_by": "admin", "container_locations": [{"status": "current", "system_mtime": "2014-12-06 03:50:59 UTC", "ref": "/locations/6512", "user_mtime": "2014-12-06 03:50:59 UTC", "start_date": "2014-12-05"}], "type_2": "folder", "type_1": "box", "create_time": "2014-12-06T03:50:59Z", "created_by": "admin", "system_mtime": "2014-12-06T03:50:59Z"}, "jsonmodel_type": "instance", "user_mtime": "2014-12-06T03:50:59Z", "last_modified_by": "admin", "instance_type": "bound volume", "create_time": "2014-12-06T03:50:59Z", "created_by": "admin"}], "create_time": "2014-12-06T03:50:59Z", "created_by": "admin", "parent": {"ref": "/repositories/2/archival_objects/17261"}, "title": "Riverdale Community Center - Application - Ferne Laude (85-1041-85)", "display_string": "Riverdale Community Center - Application - Ferne Laude (85-1041-85), 1985-1986", "publish": true, "subjects": [], "external_documents": [], "linked_agents": [], "repository": {"ref": "/repositories/2"}, "has_unpublished_ancestor": false, "user_mtime": "2014-12-06T03:50:59Z", "rights_statements": [], "linked_events": [], "external_ids": [{"system_mtime": "2014-12-06T03:50:59Z", "jsonmodel_type": "external_id", "user_mtime": "2014-12-06T03:50:59Z", "last_modified_by": "admin", "source": "Archivists Toolkit Database::RESOURCE_COMPONENT", "create_time": "2014-12-06T03:50:59Z", "created_by": "admin", "external_id": "67934"}], "suppressed": false, "dates": [{"lock_version": 0, "system_mtime": "2014-12-06T03:50:59Z", "begin": "1985", "end": "1986", "jsonmodel_type": "date", "date_type": "inclusive", "user_mtime": "2014-12-06T03:50:59Z", "last_modified_by": "admin", "label": "creation", "create_time": "2014-12-06T03:50:59Z", "created_by": "admin", "expression": "1985-1986"}], "resource": {"ref": "/repositories/2/resources/94"}, "level": "file", "notes": [], "uri": "/repositories/2/archival_objects/18279", "last_modified_by": "admin", "restrictions_apply": false, "position": 1017}