{"lock_version": 0, "system_mtime": "2015-11-21T05:02:40Z", "extents": [], "jsonmodel_type": "archival_object", "ref_id": "ref2589_27j", "instances": [{"lock_version": 0, "system_mtime": "2015-09-23T18:26:46Z", "container": {"lock_version": 0, "indicator_1": "208", "indicator_2": "2890-2891", "jsonmodel_type": "container", "user_mtime": "2014-12-06T03:50:59Z", "last_modified_by": "admin", "container_locations": [{"status": "current", "system_mtime": "2014-12-06 03:50:59 UTC", "ref": "/locations/6512", "user_mtime": "2014-12-06 03:50:59 UTC", "start_date": "2014-12-05"}], "type_2": "folder", "type_1": "box", "create_time": "2014-12-06T03:50:59Z", "created_by": "admin", "system_mtime": "2014-12-06T03:50:59Z"}, "jsonmodel_type": "instance", "user_mtime": "2014-12-06T03:50:59Z", "last_modified_by": "admin", "instance_type": "bound volume", "create_time": "2014-12-06T03:50:59Z", "created_by": "admin"}], "create_time": "2014-12-06T03:50:59Z", "created_by": "admin", "parent": {"ref": "/repositories/2/archival_objects/17261"}, "title": "Rutgers State University of New Jersey - Final Report - David Mechanic, Ph.D. (87-1165-87)", "display_string": "Rutgers State University of New Jersey - Final Report - David Mechanic, Ph.D. (87-1165-87), 1983-1988", "publish": true, "subjects": [], "external_documents": [], "linked_agents": [], "repository": {"ref": "/repositories/2"}, "has_unpublished_ancestor": false, "user_mtime": "2014-12-06T03:50:59Z", "rights_statements": [], "linked_events": [], "external_ids": [{"system_mtime": "2014-12-06T03:50:59Z", "jsonmodel_type": "external_id", "user_mtime": "2014-12-06T03:50:59Z", "last_modified_by": "admin", "source": "Archivists Toolkit Database::RESOURCE_COMPONENT", "create_time": "2014-12-06T03:50:59Z", "created_by": "admin", "external_id": "67948"}], "suppressed": false, "dates": [{"lock_version": 0, "system_mtime": "2014-12-06T03:50:59Z", "begin": "1983", "end": "1988", "jsonmodel_type": "date", "date_type": "inclusive", "user_mtime": "2014-12-06T03:50:59Z", "last_modified_by": "admin", "label": "creation", "create_time": "2014-12-06T03:50:59Z", "created_by": "admin", "expression": "1983-1988"}], "resource": {"ref": "/repositories/2/resources/94"}, "level": "file", "notes": [], "uri": "/repositories/2/archival_objects/18292", "last_modified_by": "admin", "restrictions_apply": false, "position": 1030}