{"lock_version": 0, "system_mtime": "2015-11-21T05:02:48Z", "extents": [], "jsonmodel_type": "archival_object", "ref_id": "ref3271_phe", "instances": [{"lock_version": 0, "system_mtime": "2014-12-07T19:35:45Z", "container": {"lock_version": 0, "indicator_1": "226a", "indicator_2": "3251", "jsonmodel_type": "container", "user_mtime": "2014-12-06T03:51:19Z", "last_modified_by": "admin", "container_locations": [], "type_2": "folder", "type_1": "box", "create_time": "2014-12-06T03:51:19Z", "created_by": "admin", "system_mtime": "2014-12-06T03:51:19Z"}, "jsonmodel_type": "instance", "user_mtime": "2014-12-06T03:51:19Z", "last_modified_by": "admin", "instance_type": "mixed materials", "create_time": "2014-12-06T03:51:19Z", "created_by": "admin"}], "create_time": "2014-12-06T03:51:19Z", "created_by": "admin", "parent": {"ref": "/repositories/2/archival_objects/18494"}, "title": "George Washington University - Rose F. Caron", "display_string": "George Washington University - Rose F. Caron, 1979-1982", "publish": true, "subjects": [], "external_documents": [], "linked_agents": [], "repository": {"ref": "/repositories/2"}, "has_unpublished_ancestor": false, "user_mtime": "2014-12-06T03:51:19Z", "rights_statements": [], "linked_events": [], "external_ids": [{"system_mtime": "2014-12-06T03:51:19Z", "jsonmodel_type": "external_id", "user_mtime": "2014-12-06T03:51:19Z", "last_modified_by": "admin", "source": "Archivists Toolkit Database::RESOURCE_COMPONENT", "create_time": "2014-12-06T03:51:19Z", "created_by": "admin", "external_id": "71665"}], "suppressed": false, "dates": [{"lock_version": 0, "system_mtime": "2014-12-06T03:51:19Z", "begin": "1979", "end": "1982", "jsonmodel_type": "date", "date_type": "inclusive", "user_mtime": "2014-12-06T03:51:19Z", "last_modified_by": "admin", "label": "creation", "create_time": "2014-12-06T03:51:19Z", "created_by": "admin", "expression": "1979-1982"}], "resource": {"ref": "/repositories/2/resources/94"}, "level": "file", "notes": [], "uri": "/repositories/2/archival_objects/18646", "last_modified_by": "admin", "restrictions_apply": false, "position": 151}