{"lock_version": 0, "system_mtime": "2015-11-21T05:02:49Z", "extents": [], "jsonmodel_type": "archival_object", "ref_id": "ref3050_tbr", "instances": [{"lock_version": 0, "system_mtime": "2014-12-07T19:35:45Z", "container": {"lock_version": 0, "indicator_1": "232", "indicator_2": "3320", "jsonmodel_type": "container", "user_mtime": "2014-12-06T03:51:23Z", "last_modified_by": "admin", "container_locations": [{"status": "current", "system_mtime": "2014-12-06 03:51:23 UTC", "ref": "/locations/6514", "user_mtime": "2014-12-06 03:51:23 UTC", "start_date": "2014-12-05"}], "type_2": "folder", "type_1": "box", "create_time": "2014-12-06T03:51:23Z", "created_by": "admin", "system_mtime": "2014-12-06T03:51:23Z"}, "jsonmodel_type": "instance", "user_mtime": "2014-12-06T03:51:23Z", "last_modified_by": "admin", "instance_type": "mixed materials", "create_time": "2014-12-06T03:51:23Z", "created_by": "admin"}], "create_time": "2014-12-06T03:51:23Z", "created_by": "admin", "parent": {"ref": "/repositories/2/archival_objects/18494"}, "title": "Hampstead Child-Therapy Course and Clinic - Report/Publication: Preliminary Notes on Play and Mastery in the Blind Child (No. 20) - Anne-Marie Sandler; Doris M. Willis(72-0101-56)", "display_string": "Hampstead Child-Therapy Course and Clinic - Report/Publication: Preliminary Notes on Play and Mastery in the Blind Child (No. 20) - Anne-Marie Sandler; Doris M. Willis(72-0101-56), undated", "publish": true, "subjects": [], "external_documents": [], "linked_agents": [], "repository": {"ref": "/repositories/2"}, "has_unpublished_ancestor": false, "user_mtime": "2014-12-06T03:51:23Z", "rights_statements": [], "linked_events": [], "external_ids": [{"system_mtime": "2014-12-06T03:51:23Z", "jsonmodel_type": "external_id", "user_mtime": "2014-12-06T03:51:23Z", "last_modified_by": "admin", "source": "Archivists Toolkit Database::RESOURCE_COMPONENT", "create_time": "2014-12-06T03:51:23Z", "created_by": "admin", "external_id": "71409"}], "suppressed": false, "dates": [{"lock_version": 0, "system_mtime": "2014-12-06T03:51:23Z", "jsonmodel_type": "date", "date_type": "single", "user_mtime": "2014-12-06T03:51:23Z", "last_modified_by": "admin", "label": "creation", "create_time": "2014-12-06T03:51:23Z", "created_by": "admin", "expression": "undated"}], "resource": {"ref": "/repositories/2/resources/94"}, "level": "file", "notes": [], "uri": "/repositories/2/archival_objects/18712", "last_modified_by": "admin", "restrictions_apply": false, "position": 217}