{"lock_version": 0, "system_mtime": "2015-11-21T05:02:50Z", "extents": [], "jsonmodel_type": "archival_object", "ref_id": "ref3139_g1x", "instances": [{"lock_version": 0, "system_mtime": "2014-12-07T19:35:45Z", "container": {"lock_version": 0, "indicator_1": "240", "indicator_2": "3412", "jsonmodel_type": "container", "user_mtime": "2014-12-06T03:51:27Z", "last_modified_by": "admin", "container_locations": [{"status": "current", "system_mtime": "2014-12-06 03:51:27 UTC", "ref": "/locations/6515", "user_mtime": "2014-12-06 03:51:27 UTC", "start_date": "2014-12-05"}], "type_2": "folder", "type_1": "box", "create_time": "2014-12-06T03:51:27Z", "created_by": "admin", "system_mtime": "2014-12-06T03:51:27Z"}, "jsonmodel_type": "instance", "user_mtime": "2014-12-06T03:51:27Z", "last_modified_by": "admin", "instance_type": "mixed materials", "create_time": "2014-12-06T03:51:27Z", "created_by": "admin"}], "create_time": "2014-12-06T03:51:27Z", "created_by": "admin", "parent": {"ref": "/repositories/2/archival_objects/18494"}, "title": "Harvard / Yale Florence Research Project - Publication, Harvard #33 - Two Cities and their Effect Upon Rural Immigrants - Harban Boutourline-Young, M.D.; Frank Barron, Ph.D. (72-0097-56)", "display_string": "Harvard / Yale Florence Research Project - Publication, Harvard #33 - Two Cities and their Effect Upon Rural Immigrants - Harban Boutourline-Young, M.D.; Frank Barron, Ph.D. (72-0097-56), 1968", "publish": true, "subjects": [], "external_documents": [], "linked_agents": [], "repository": {"ref": "/repositories/2"}, "has_unpublished_ancestor": false, "user_mtime": "2014-12-06T03:51:27Z", "rights_statements": [], "linked_events": [], "external_ids": [{"system_mtime": "2014-12-06T03:51:27Z", "jsonmodel_type": "external_id", "user_mtime": "2014-12-06T03:51:27Z", "last_modified_by": "admin", "source": "Archivists Toolkit Database::RESOURCE_COMPONENT", "create_time": "2014-12-06T03:51:27Z", "created_by": "admin", "external_id": "71535"}], "suppressed": false, "dates": [{"lock_version": 0, "system_mtime": "2014-12-06T03:51:27Z", "begin": "1968", "end": "1968", "jsonmodel_type": "date", "date_type": "inclusive", "user_mtime": "2014-12-06T03:51:27Z", "last_modified_by": "admin", "label": "creation", "create_time": "2014-12-06T03:51:27Z", "created_by": "admin", "expression": "1968"}], "resource": {"ref": "/repositories/2/resources/94"}, "level": "file", "notes": [], "uri": "/repositories/2/archival_objects/18798", "last_modified_by": "admin", "restrictions_apply": false, "position": 303}