{"lock_version": 0, "system_mtime": "2015-11-21T05:02:52Z", "extents": [], "jsonmodel_type": "archival_object", "ref_id": "ref3229_l6z", "instances": [{"lock_version": 0, "system_mtime": "2014-12-07T19:35:45Z", "container": {"lock_version": 0, "indicator_1": "245", "indicator_2": "3503", "jsonmodel_type": "container", "user_mtime": "2014-12-06T03:51:32Z", "last_modified_by": "admin", "container_locations": [{"status": "current", "system_mtime": "2014-12-06 03:51:32 UTC", "ref": "/locations/6515", "user_mtime": "2014-12-06 03:51:32 UTC", "start_date": "2014-12-05"}], "type_2": "folder", "type_1": "box", "create_time": "2014-12-06T03:51:32Z", "created_by": "admin", "system_mtime": "2014-12-06T03:51:32Z"}, "jsonmodel_type": "instance", "user_mtime": "2014-12-06T03:51:32Z", "last_modified_by": "admin", "instance_type": "mixed materials", "create_time": "2014-12-06T03:51:32Z", "created_by": "admin"}], "create_time": "2014-12-06T03:51:32Z", "created_by": "admin", "parent": {"ref": "/repositories/2/archival_objects/18494"}, "title": "University of Michigan - Lloyd Johnston; Jerome Johnston; Jerald Bachman", "display_string": "University of Michigan - Lloyd Johnston; Jerome Johnston; Jerald Bachman, 1971-1973", "publish": true, "subjects": [], "external_documents": [], "linked_agents": [], "repository": {"ref": "/repositories/2"}, "has_unpublished_ancestor": false, "user_mtime": "2014-12-06T03:51:32Z", "rights_statements": [], "linked_events": [], "external_ids": [{"system_mtime": "2014-12-06T03:51:32Z", "jsonmodel_type": "external_id", "user_mtime": "2014-12-06T03:51:32Z", "last_modified_by": "admin", "source": "Archivists Toolkit Database::RESOURCE_COMPONENT", "create_time": "2014-12-06T03:51:32Z", "created_by": "admin", "external_id": "71624"}], "suppressed": false, "dates": [{"lock_version": 0, "system_mtime": "2014-12-06T03:51:32Z", "begin": "1971", "end": "1973", "jsonmodel_type": "date", "date_type": "inclusive", "user_mtime": "2014-12-06T03:51:32Z", "last_modified_by": "admin", "label": "creation", "create_time": "2014-12-06T03:51:32Z", "created_by": "admin", "expression": "1971-1973"}], "resource": {"ref": "/repositories/2/resources/94"}, "level": "file", "notes": [], "uri": "/repositories/2/archival_objects/18887", "last_modified_by": "admin", "restrictions_apply": false, "position": 392}