{"lock_version": 0, "system_mtime": "2015-11-21T05:02:55Z", "extents": [], "jsonmodel_type": "archival_object", "ref_id": "ref3447_5jy", "instances": [{"lock_version": 0, "system_mtime": "2014-12-07T19:35:45Z", "container": {"lock_version": 0, "indicator_1": "257", "indicator_2": "3435", "jsonmodel_type": "container", "user_mtime": "2014-12-06T03:51:40Z", "last_modified_by": "admin", "container_locations": [{"status": "current", "system_mtime": "2014-12-06 03:51:40 UTC", "ref": "/locations/6516", "user_mtime": "2014-12-06 03:51:40 UTC", "start_date": "2014-12-05"}], "type_2": "folder", "type_1": "box", "create_time": "2014-12-06T03:51:40Z", "created_by": "admin", "system_mtime": "2014-12-06T03:51:40Z"}, "jsonmodel_type": "instance", "user_mtime": "2014-12-06T03:51:40Z", "last_modified_by": "admin", "instance_type": "mixed materials", "create_time": "2014-12-06T03:51:40Z", "created_by": "admin"}], "create_time": "2014-12-06T03:51:40Z", "created_by": "admin", "parent": {"ref": "/repositories/2/archival_objects/18494"}, "title": "St. John's Guild - Floating Hospital - Susan J. Gershman, Ph.D.", "display_string": "St. John's Guild - Floating Hospital - Susan J. Gershman, Ph.D., 1973-1974", "publish": true, "subjects": [], "external_documents": [], "linked_agents": [], "repository": {"ref": "/repositories/2"}, "has_unpublished_ancestor": false, "user_mtime": "2014-12-06T03:51:40Z", "rights_statements": [], "linked_events": [], "external_ids": [{"system_mtime": "2014-12-06T03:51:40Z", "jsonmodel_type": "external_id", "user_mtime": "2014-12-06T03:51:40Z", "last_modified_by": "admin", "source": "Archivists Toolkit Database::RESOURCE_COMPONENT", "create_time": "2014-12-06T03:51:40Z", "created_by": "admin", "external_id": "71835"}], "suppressed": false, "dates": [{"lock_version": 0, "system_mtime": "2014-12-06T03:51:40Z", "begin": "1973", "end": "1974", "jsonmodel_type": "date", "date_type": "inclusive", "user_mtime": "2014-12-06T03:51:40Z", "last_modified_by": "admin", "label": "creation", "create_time": "2014-12-06T03:51:40Z", "created_by": "admin", "expression": "1973-1974"}], "resource": {"ref": "/repositories/2/resources/94"}, "level": "file", "notes": [], "uri": "/repositories/2/archival_objects/19043", "last_modified_by": "admin", "restrictions_apply": false, "position": 548}