{"lock_version": 0, "system_mtime": "2015-11-21T05:02:56Z", "extents": [], "jsonmodel_type": "archival_object", "ref_id": "ref3495_pxl", "instances": [{"lock_version": 0, "system_mtime": "2014-12-07T19:35:45Z", "container": {"lock_version": 0, "indicator_1": "260", "indicator_2": "3486", "jsonmodel_type": "container", "user_mtime": "2014-12-06T03:51:42Z", "last_modified_by": "admin", "container_locations": [{"status": "current", "system_mtime": "2014-12-06 03:51:42 UTC", "ref": "/locations/6516", "user_mtime": "2014-12-06 03:51:42 UTC", "start_date": "2014-12-05"}], "type_2": "folder", "type_1": "box", "create_time": "2014-12-06T03:51:42Z", "created_by": "admin", "system_mtime": "2014-12-06T03:51:42Z"}, "jsonmodel_type": "instance", "user_mtime": "2014-12-06T03:51:42Z", "last_modified_by": "admin", "instance_type": "mixed materials", "create_time": "2014-12-06T03:51:42Z", "created_by": "admin"}], "create_time": "2014-12-06T03:51:42Z", "created_by": "admin", "parent": {"ref": "/repositories/2/archival_objects/18494"}, "title": "Westminster School - Administration, Reports - Paul M. Winship; Alan F. Brooks ", "display_string": "Westminster School - Administration, Reports - Paul M. Winship; Alan F. Brooks , 1980-1995", "publish": true, "subjects": [], "external_documents": [], "linked_agents": [], "repository": {"ref": "/repositories/2"}, "has_unpublished_ancestor": false, "user_mtime": "2014-12-06T03:51:42Z", "rights_statements": [], "linked_events": [], "external_ids": [{"system_mtime": "2014-12-06T03:51:42Z", "jsonmodel_type": "external_id", "user_mtime": "2014-12-06T03:51:42Z", "last_modified_by": "admin", "source": "Archivists Toolkit Database::RESOURCE_COMPONENT", "create_time": "2014-12-06T03:51:42Z", "created_by": "admin", "external_id": "71883"}], "suppressed": false, "dates": [{"lock_version": 0, "system_mtime": "2014-12-06T03:51:42Z", "begin": "1980", "end": "1995", "jsonmodel_type": "date", "date_type": "inclusive", "user_mtime": "2014-12-06T03:51:42Z", "last_modified_by": "admin", "label": "creation", "create_time": "2014-12-06T03:51:42Z", "created_by": "admin", "expression": "1980-1995"}], "resource": {"ref": "/repositories/2/resources/94"}, "level": "file", "notes": [{"persistent_id": "d621ed456bd0494d5ac213d819b31f3f", "type": "separatedmaterial", "subnotes": [{"content": "Photographs have been moved to Series 5a, Special Formats (Scrapbooks and Photographs), box 284, folder 3595.", "publish": true, "jsonmodel_type": "note_text"}], "jsonmodel_type": "note_multipart", "publish": true}], "uri": "/repositories/2/archival_objects/19090", "last_modified_by": "admin", "restrictions_apply": false, "position": 595}