{"lock_version": 0, "system_mtime": "2015-11-21T05:02:56Z", "extents": [], "jsonmodel_type": "archival_object", "ref_id": "ref1551_gxm", "instances": [], "create_time": "2014-12-06T03:51:44Z", "created_by": "admin", "parent": {"ref": "/repositories/2/archival_objects/19120"}, "title": "Administrative records", "display_string": "Administrative records, 1930-1989", "publish": true, "subjects": [], "external_documents": [], "linked_agents": [], "repository": {"ref": "/repositories/2"}, "has_unpublished_ancestor": false, "user_mtime": "2014-12-06T03:51:44Z", "rights_statements": [], "linked_events": [], "external_ids": [{"system_mtime": "2014-12-06T03:51:44Z", "jsonmodel_type": "external_id", "user_mtime": "2014-12-06T03:51:44Z", "last_modified_by": "admin", "source": "Archivists Toolkit Database::RESOURCE_COMPONENT", "create_time": "2014-12-06T03:51:44Z", "created_by": "admin", "external_id": "40857"}], "suppressed": false, "dates": [{"lock_version": 0, "system_mtime": "2014-12-06T03:51:44Z", "begin": "1930", "end": "1989", "jsonmodel_type": "date", "date_type": "inclusive", "user_mtime": "2014-12-06T03:51:44Z", "last_modified_by": "admin", "label": "creation", "create_time": "2014-12-06T03:51:44Z", "created_by": "admin", "expression": "1930-1989"}], "component_id": "A", "resource": {"ref": "/repositories/2/resources/94"}, "level": "subseries", "notes": [], "uri": "/repositories/2/archival_objects/19121", "last_modified_by": "admin", "restrictions_apply": false, "position": 0}