{"lock_version": 0, "system_mtime": "2015-11-21T05:02:56Z", "extents": [], "jsonmodel_type": "archival_object", "ref_id": "ref3548_yza", "instances": [{"lock_version": 0, "system_mtime": "2014-12-07T19:35:45Z", "container": {"lock_version": 0, "indicator_1": "269", "jsonmodel_type": "container", "user_mtime": "2014-12-06T03:51:45Z", "last_modified_by": "admin", "container_locations": [{"status": "current", "system_mtime": "2014-12-06 03:51:45 UTC", "ref": "/locations/6517", "user_mtime": "2014-12-06 03:51:45 UTC", "start_date": "2014-12-05"}], "type_1": "box", "create_time": "2014-12-06T03:51:45Z", "created_by": "admin", "system_mtime": "2014-12-06T03:51:45Z"}, "jsonmodel_type": "instance", "user_mtime": "2014-12-06T03:51:45Z", "last_modified_by": "admin", "instance_type": "mixed materials", "create_time": "2014-12-06T03:51:45Z", "created_by": "admin"}], "create_time": "2014-12-06T03:51:45Z", "created_by": "admin", "parent": {"ref": "/repositories/2/archival_objects/19136"}, "title": "Minutes", "display_string": "Minutes, 1950-1956", "publish": true, "subjects": [], "external_documents": [], "linked_agents": [], "repository": {"ref": "/repositories/2"}, "has_unpublished_ancestor": false, "user_mtime": "2014-12-06T03:51:45Z", "rights_statements": [], "linked_events": [], "external_ids": [{"system_mtime": "2014-12-06T03:51:45Z", "jsonmodel_type": "external_id", "user_mtime": "2014-12-06T03:51:45Z", "last_modified_by": "admin", "source": "Archivists Toolkit Database::RESOURCE_COMPONENT", "create_time": "2014-12-06T03:51:45Z", "created_by": "admin", "external_id": "73785"}], "suppressed": false, "dates": [{"lock_version": 0, "system_mtime": "2014-12-06T03:51:45Z", "begin": "1950", "end": "1956", "jsonmodel_type": "date", "date_type": "inclusive", "user_mtime": "2014-12-06T03:51:45Z", "last_modified_by": "admin", "label": "creation", "create_time": "2014-12-06T03:51:45Z", "created_by": "admin", "expression": "1950-1956"}], "resource": {"ref": "/repositories/2/resources/94"}, "level": "file", "notes": [{"jsonmodel_type": "note_singlepart", "persistent_id": "1e4744e1c72b4bf68336b26cf5c32629", "publish": true, "label": "Container Summary", "content": ["2 bound volumes"], "type": "physdesc"}], "uri": "/repositories/2/archival_objects/19138", "last_modified_by": "admin", "restrictions_apply": false, "position": 1}