{"lock_version": 1, "external_documents": [], "extents": [], "jsonmodel_type": "archival_object", "ref_id": "ref3692_rce", "instances": [{"lock_version": 0, "system_mtime": "2015-04-28T18:44:06Z", "container": {"lock_version": 0, "indicator_1": "1", "jsonmodel_type": "container", "user_mtime": "2014-12-07T13:39:08Z", "last_modified_by": "pgalligan", "container_locations": [{"status": "current", "system_mtime": "2014-12-07 13:39:09 UTC", "ref": "/locations/7783", "user_mtime": "2014-12-07 13:39:09 UTC", "start_date": "2014-12-05"}], "type_1": "reel", "create_time": "2014-12-07T13:39:08Z", "created_by": "pgalligan", "system_mtime": "2014-12-07T13:39:08Z"}, "jsonmodel_type": "instance", "user_mtime": "2014-12-07T13:39:08Z", "last_modified_by": "pgalligan", "instance_type": "Moving Images", "create_time": "2014-12-07T13:39:08Z", "created_by": "pgalligan"}], "create_time": "2014-12-06T03:51:48Z", "created_by": "admin", "parent": {"ref": "/repositories/2/archival_objects/19204"}, "title": "Young Children in Brief Separation: Jane - Tavistock Institute of Human Relations - James Robertson; Joyce Robertson", "display_string": "Young Children in Brief Separation: Jane - Tavistock Institute of Human Relations - James Robertson; Joyce Robertson, probably late 1960s", "publish": true, "subjects": [], "system_mtime": "2015-11-21T05:02:57Z", "linked_agents": [], "repository": {"ref": "/repositories/2"}, "repository_processing_note": "Accession number: 2006.113.01\n", "has_unpublished_ancestor": false, "user_mtime": "2014-12-07T13:39:08Z", "rights_statements": [], "linked_events": [], "external_ids": [{"system_mtime": "2014-12-07T13:39:09Z", "jsonmodel_type": "external_id", "user_mtime": "2014-12-07T13:39:09Z", "last_modified_by": "pgalligan", "source": "Archivists Toolkit Database::RESOURCE_COMPONENT", "create_time": "2014-12-07T13:39:09Z", "created_by": "pgalligan", "external_id": "75794"}], "suppressed": false, "dates": [{"lock_version": 0, "system_mtime": "2014-12-07T13:39:08Z", "begin": "1967", "end": "1970", "jsonmodel_type": "date", "date_type": "inclusive", "user_mtime": "2014-12-07T13:39:08Z", "last_modified_by": "pgalligan", "label": "creation", "create_time": "2014-12-07T13:39:08Z", "created_by": "pgalligan", "expression": "probably late 1960s"}], "component_id": "2006.113.01", "resource": {"ref": "/repositories/2/resources/94"}, "level": "file", "notes": [{"jsonmodel_type": "note_singlepart", "persistent_id": "6602efba35ec3e1ad60c227e8824bd6f", "publish": false, "label": "Physical Characteristics", "content": ["gauge/medium: 16 mm film\n\nbase: probably polyester\n\nblack and white\n\nnegative: no\n\nsound: yes\n\nsound type: optical\n\ncode: 3M SAFETY"], "type": "physdesc"}, {"type": "userestrict", "persistent_id": "1a499262ffe05d1e4384f71964c09fcd", "subnotes": [{"content": "For preservation reasons, and because copies exist elsewhere, viewing of this film is restricted. See: Series 5c (Special Formats, Audiovisual and digital material), Box 287, Folder 3626 to view the DVD copy of this film.", "publish": true, "jsonmodel_type": "note_text"}], "jsonmodel_type": "note_multipart", "publish": true}, {"type": "altformavail", "persistent_id": "818e74bae26f4b70eeb29755437805ff", "subnotes": [{"content": "A DVD copy exists. See: Series 5c (Special Formats, Audiovisual and digital material), Box 287, Folder 3626 to view the DVD copy of this film.", "publish": true, "jsonmodel_type": "note_text"}], "jsonmodel_type": "note_multipart", "publish": true}, {"type": "dimensions", "persistent_id": "808d05b2960493a33ba9476d212f4226", "subnotes": [{"content": "1308 feet", "publish": true, "jsonmodel_type": "note_text"}], "jsonmodel_type": "note_multipart", "publish": true}, {"subnotes": [{"content": "A series of films by James & Joyce Robertson.  \n\nFilmed by James Robertson\n\nCommentary by Joyce Robertson\n\n\"Young Children in Brief Separation\" is a project supported by: The Grant Foundation, Inc. \n\nTavistock Institute of Human Relations, London, 1968", "publish": true, "jsonmodel_type": "note_text"}], "jsonmodel_type": "note_multipart", "persistent_id": "956d374b57d0ff5f0efdefcff10bfabd", "publish": true, "label": "Credits", "type": "scopecontent"}, {"subnotes": [{"content": "Jane, 17 months, in fostercare setting for a duration of 10 days. Documentary footage of Lucy interacting with parents and fostercare providers during and immediately following this period.", "publish": true, "jsonmodel_type": "note_text"}], "jsonmodel_type": "note_multipart", "persistent_id": "bc70f829df768c0ec3280b8b64552a05", "publish": true, "label": "Subjects", "type": "scopecontent"}, {"jsonmodel_type": "note_singlepart", "persistent_id": "3113be2e92777baaba01ee4cb8903ce1", "publish": false, "label": "Preservation Treatment", "content": ["wind: preservation\n\ndigitization recommendation: recommend film for digitization"], "type": "physdesc"}, {"jsonmodel_type": "note_singlepart", "persistent_id": "e3946cb7af4f077820d151c4810285ed", "publish": false, "label": "Physical Condition", "content": ["sound: good\n\nemulsion scratches: no\n\nbase scratches: no\n\npreforation damage: no\n\nshrinkage: no\n\ncolor fading: n/a\n\nvinegar syndrome: no\n\nother condition notes: n/a"], "type": "physdesc"}, {"type": "accessrestrict", "persistent_id": "072271ed7945e9e3bffb386dd29e6393", "subnotes": [{"content": "RAC is unable to provide access to obsolete media and original digital media. In addition separated media may not yet have undergone stabilization procedures. When feasible, a digital surrogate may be created via special order. All applicable charges will apply. See RAC Head of Archival Services or RAC Head of Digital Programs for details.\n\n", "publish": true, "jsonmodel_type": "note_text"}], "jsonmodel_type": "note_multipart", "publish": true}, {"jsonmodel_type": "note_singlepart", "persistent_id": "a1bcdfe1e9e9f27c5ede423d4edf8200", "publish": true, "label": "Container Summary", "content": ["1 reel"], "type": "physdesc"}], "uri": "/repositories/2/archival_objects/19205", "last_modified_by": "pgalligan", "restrictions_apply": false, "position": 0}