{"lock_version": 1, "external_documents": [], "extents": [], "jsonmodel_type": "archival_object", "ref_id": "ref3752_015", "instances": [{"lock_version": 0, "system_mtime": "2015-04-28T18:44:06Z", "container": {"lock_version": 0, "indicator_1": "9", "jsonmodel_type": "container", "user_mtime": "2014-12-07T13:41:51Z", "last_modified_by": "pgalligan", "container_locations": [{"status": "current", "system_mtime": "2014-12-07 13:41:51 UTC", "ref": "/locations/7783", "user_mtime": "2014-12-07 13:41:51 UTC", "start_date": "2014-12-05"}], "type_1": "reel", "create_time": "2014-12-07T13:41:51Z", "created_by": "pgalligan", "system_mtime": "2014-12-07T13:41:51Z"}, "jsonmodel_type": "instance", "user_mtime": "2014-12-07T13:41:51Z", "last_modified_by": "pgalligan", "instance_type": "Moving Images", "create_time": "2014-12-07T13:41:51Z", "created_by": "pgalligan"}], "create_time": "2014-12-06T03:51:50Z", "created_by": "admin", "parent": {"ref": "/repositories/2/archival_objects/19204"}, "title": "Infant Development in the Kibbutz - Institute for Child Mental Health - L. Joseph Stone & Jeannette G. Stone", "display_string": "Infant Development in the Kibbutz - Institute for Child Mental Health - L. Joseph Stone & Jeannette G. Stone, 1970s", "publish": true, "subjects": [], "system_mtime": "2015-11-21T05:02:57Z", "linked_agents": [], "repository": {"ref": "/repositories/2"}, "repository_processing_note": "Accession number: 2006.113.09\n", "has_unpublished_ancestor": false, "user_mtime": "2014-12-07T13:41:50Z", "rights_statements": [], "linked_events": [], "external_ids": [{"system_mtime": "2014-12-07T13:41:51Z", "jsonmodel_type": "external_id", "user_mtime": "2014-12-07T13:41:51Z", "last_modified_by": "pgalligan", "source": "Archivists Toolkit Database::RESOURCE_COMPONENT", "create_time": "2014-12-07T13:41:51Z", "created_by": "pgalligan", "external_id": "76199"}], "suppressed": false, "dates": [{"lock_version": 0, "system_mtime": "2014-12-07T13:41:51Z", "begin": "1970", "end": "1977", "jsonmodel_type": "date", "date_type": "inclusive", "user_mtime": "2014-12-07T13:41:51Z", "last_modified_by": "pgalligan", "label": "creation", "create_time": "2014-12-07T13:41:51Z", "created_by": "pgalligan", "expression": "1970s"}], "component_id": "2006.113.09", "resource": {"ref": "/repositories/2/resources/94"}, "level": "file", "notes": [{"jsonmodel_type": "note_singlepart", "persistent_id": "6133245b93235b52923897e990439901", "publish": false, "label": "Physical Characteristics", "content": ["gauge/medium: 16 mm film\n\nbase: polyester\n\ncolor\n\nnegative: no\n\nsound: yes\n\nsound type: optical\n\ncode: n/a"], "type": "physdesc"}, {"jsonmodel_type": "note_singlepart", "persistent_id": "ca0f5e92dce8ef565908319164a2f07a", "publish": false, "label": "Preservation Treatment", "content": ["wind: preservation\n\ndigitization recommendation: recommend film for digitization"], "type": "physdesc"}, {"jsonmodel_type": "note_singlepart", "persistent_id": "972feeefed85d10cc4f425c57eda288d", "publish": false, "label": "Physical Condition", "content": ["sound: good\n\nemulsion scratches: no\n\nbase scratches: no\n\npreforation damage: no\n\nshrinkage: no\n\ncolor fading: yes (magenta hue)\n\nvinegar syndrome: no\n\nother condition notes: n/a"], "type": "physdesc"}, {"subnotes": [{"content": "One of three films on Kibbutz infant care, presented by the Institute for Child Mental Health, Herschel Alt, President\n\nUnder grants from the Grant Foundation and the Foundation for Child Development\n\nFilmed at Kibbutz Dahlia\n\nFilmmaker: Werner Bundschuh\n\nProduced and directed by L. Joseph Stone and Jeannette G. Stone", "publish": true, "jsonmodel_type": "note_text"}], "jsonmodel_type": "note_multipart", "persistent_id": "9dd0726ae1bb2261a3ca83bda1cae698", "publish": true, "label": "Credits", "type": "scopecontent"}, {"subnotes": [{"content": "Documentary footage of children in daycare at the kibbutz, with a focus on infant development.", "publish": true, "jsonmodel_type": "note_text"}], "jsonmodel_type": "note_multipart", "persistent_id": "175211f7f7a29b51de964ae4b8dcae3a", "publish": true, "label": "Subjects", "type": "scopecontent"}, {"type": "dimensions", "persistent_id": "34ca5520568458eb70ac8ac414c071a5", "subnotes": [{"content": "988 feet", "publish": true, "jsonmodel_type": "note_text"}], "jsonmodel_type": "note_multipart", "publish": true}, {"type": "accessrestrict", "persistent_id": "44644c09f1fde06b207f31c8e18c97e4", "subnotes": [{"content": "RAC is unable to provide access to obsolete media and original digital media. In addition separated media may not yet have undergone stabilization procedures. When feasible, a digital surrogate may be created via special order. All applicable charges will apply. See RAC Head of Archival Services or RAC Head of Digital Programs for details.\n\n", "publish": true, "jsonmodel_type": "note_text"}], "jsonmodel_type": "note_multipart", "publish": true}, {"jsonmodel_type": "note_singlepart", "persistent_id": "91c03c35f5cda8c4453f1bdbe9a66d18", "publish": true, "label": "Container Summary", "content": ["1 reel"], "type": "physdesc"}], "uri": "/repositories/2/archival_objects/19213", "last_modified_by": "pgalligan", "restrictions_apply": false, "position": 8}