{"lock_version": 1, "external_documents": [], "extents": [], "jsonmodel_type": "archival_object", "ref_id": "ref3756_ygc", "instances": [{"lock_version": 0, "system_mtime": "2015-04-28T18:44:06Z", "container": {"lock_version": 0, "indicator_1": "10", "jsonmodel_type": "container", "user_mtime": "2014-12-07T13:42:06Z", "last_modified_by": "pgalligan", "container_locations": [{"status": "current", "system_mtime": "2014-12-07 13:42:06 UTC", "ref": "/locations/7783", "user_mtime": "2014-12-07 13:42:06 UTC", "start_date": "2014-12-05"}], "type_1": "reel", "create_time": "2014-12-07T13:42:06Z", "created_by": "pgalligan", "system_mtime": "2014-12-07T13:42:06Z"}, "jsonmodel_type": "instance", "user_mtime": "2014-12-07T13:42:06Z", "last_modified_by": "pgalligan", "instance_type": "Moving Images", "create_time": "2014-12-07T13:42:06Z", "created_by": "pgalligan"}], "create_time": "2014-12-06T03:51:50Z", "created_by": "admin", "parent": {"ref": "/repositories/2/archival_objects/19204"}, "title": "Daycare for a Kibbutz Toddler - Institute for Child Mental Health - L. Joseph Stone & Jeannette G. Stone", "display_string": "Daycare for a Kibbutz Toddler - Institute for Child Mental Health - L. Joseph Stone & Jeannette G. Stone, probably 1970s", "publish": true, "subjects": [], "system_mtime": "2015-11-21T05:02:57Z", "linked_agents": [], "repository": {"ref": "/repositories/2"}, "repository_processing_note": "Accession number: 2006.113.10\n", "has_unpublished_ancestor": false, "user_mtime": "2014-12-07T13:42:06Z", "rights_statements": [], "linked_events": [], "external_ids": [{"system_mtime": "2014-12-07T13:42:06Z", "jsonmodel_type": "external_id", "user_mtime": "2014-12-07T13:42:06Z", "last_modified_by": "pgalligan", "source": "Archivists Toolkit Database::RESOURCE_COMPONENT", "create_time": "2014-12-07T13:42:06Z", "created_by": "pgalligan", "external_id": "76200"}], "suppressed": false, "dates": [{"lock_version": 0, "system_mtime": "2014-12-07T13:42:06Z", "begin": "1970", "end": "1979", "jsonmodel_type": "date", "date_type": "inclusive", "user_mtime": "2014-12-07T13:42:06Z", "last_modified_by": "pgalligan", "label": "creation", "create_time": "2014-12-07T13:42:06Z", "created_by": "pgalligan", "expression": "probably 1970s"}], "component_id": "2006.113.10", "resource": {"ref": "/repositories/2/resources/94"}, "level": "file", "notes": [{"jsonmodel_type": "note_singlepart", "persistent_id": "02d0648a02427425f24c016cdfb2f6da", "publish": false, "label": "Physical Characteristics", "content": ["gauge/medium: 16 mm film\n\nbase: polyester\n\ncolor\n\nnegative: no\n\nsound: yes\n\nsound type: optical\n\ncode: n/a"], "type": "physdesc"}, {"jsonmodel_type": "note_singlepart", "persistent_id": "234b2c933084d8ad5a49a030e57c60a8", "publish": false, "label": "Preservation Treatment", "content": ["wind: preservation\n\ndigitization recommendation: recommend film for digitization"], "type": "physdesc"}, {"jsonmodel_type": "note_singlepart", "persistent_id": "872f4e272055e9a60cde336b0d9854fe", "publish": false, "label": "Physical Condition", "content": ["sound: poor quality\n\nemulsion scratches: no\n\nbase scratches: no\n\npreforation damage: no\n\nshrinkage: no\n\ncolor fading: yes (magenta hue). Color improves as film advances.\n\nvinegar syndrome: no\n\nother condition notes: n/a"], "type": "physdesc"}, {"subnotes": [{"content": "One of three films on Kibbutz infant care, presented by the Institute for Child Mental Health, Herschel Alt, President\n\nUnder grants from the Grant Foundation and the Foundation for Child Development\n\nFilmed at Kibbutz Gesher Haziv\n\nFilmmaker: Werner Bundschuh\n\nProduced and directed by L. Joseph Stone and Jeannette G. Stone", "publish": true, "jsonmodel_type": "note_text"}], "jsonmodel_type": "note_multipart", "persistent_id": "2274e589cef0e48e68c7560273a83acc", "publish": true, "label": "Credits", "type": "scopecontent"}, {"subnotes": [{"content": "Documentary footage of children in daycare at the kibbutz, with a focus on toddler development.", "publish": true, "jsonmodel_type": "note_text"}], "jsonmodel_type": "note_multipart", "persistent_id": "f51bcb38746698110c9eb9761fcd5c46", "publish": true, "label": "Subjects", "type": "scopecontent"}, {"type": "dimensions", "persistent_id": "0c0881fdd4206ed022944f09b07b9c59", "subnotes": [{"content": "approximately 1000 feet", "publish": true, "jsonmodel_type": "note_text"}], "jsonmodel_type": "note_multipart", "publish": true}, {"type": "accessrestrict", "persistent_id": "0187e17eec7202c5bc000febaf5a201f", "subnotes": [{"content": "RAC is unable to provide access to obsolete media and original digital media. In addition separated media may not yet have undergone stabilization procedures. When feasible, a digital surrogate may be created via special order. All applicable charges will apply. See RAC Head of Archival Services or RAC Head of Digital Programs for details.\n\n", "publish": true, "jsonmodel_type": "note_text"}], "jsonmodel_type": "note_multipart", "publish": true}, {"jsonmodel_type": "note_singlepart", "persistent_id": "b93d8dd6d0cec2cab523f5ca173ab1ce", "publish": true, "label": "Container Summary", "content": ["1 reel"], "type": "physdesc"}], "uri": "/repositories/2/archival_objects/19214", "last_modified_by": "pgalligan", "restrictions_apply": false, "position": 9}