{"lock_version": 1, "external_documents": [], "extents": [], "jsonmodel_type": "archival_object", "ref_id": "ref3814_p0r", "instances": [{"lock_version": 0, "system_mtime": "2015-04-28T18:44:06Z", "container": {"lock_version": 0, "indicator_1": "18", "jsonmodel_type": "container", "user_mtime": "2014-12-07T13:43:55Z", "last_modified_by": "pgalligan", "container_locations": [{"status": "current", "system_mtime": "2014-12-07 13:43:55 UTC", "ref": "/locations/7784", "user_mtime": "2014-12-07 13:43:55 UTC", "start_date": "2014-12-05"}], "type_1": "reel", "create_time": "2014-12-07T13:43:55Z", "created_by": "pgalligan", "system_mtime": "2014-12-07T13:43:55Z"}, "jsonmodel_type": "instance", "user_mtime": "2014-12-07T13:43:55Z", "last_modified_by": "pgalligan", "instance_type": "Moving Images", "create_time": "2014-12-07T13:43:55Z", "created_by": "pgalligan"}], "create_time": "2014-12-06T03:51:51Z", "created_by": "admin", "parent": {"ref": "/repositories/2/archival_objects/19204"}, "title": "Development of the Child: A Cross Cultural Approach to the Acquisition of Sex Roles and Social Standards - Jerome Kagan", "display_string": "Development of the Child: A Cross Cultural Approach to the Acquisition of Sex Roles and Social Standards - Jerome Kagan, 1975", "publish": true, "subjects": [], "system_mtime": "2015-11-21T05:02:57Z", "linked_agents": [], "repository": {"ref": "/repositories/2"}, "repository_processing_note": "Accession number: 2006.113.18\n", "has_unpublished_ancestor": false, "user_mtime": "2014-12-07T13:43:55Z", "rights_statements": [], "linked_events": [], "external_ids": [{"system_mtime": "2014-12-07T13:43:55Z", "jsonmodel_type": "external_id", "user_mtime": "2014-12-07T13:43:55Z", "last_modified_by": "pgalligan", "source": "Archivists Toolkit Database::RESOURCE_COMPONENT", "create_time": "2014-12-07T13:43:55Z", "created_by": "pgalligan", "external_id": "76217"}], "suppressed": false, "dates": [{"lock_version": 0, "system_mtime": "2014-12-07T13:43:55Z", "begin": "1975", "end": "1975", "jsonmodel_type": "date", "date_type": "inclusive", "user_mtime": "2014-12-07T13:43:55Z", "last_modified_by": "pgalligan", "label": "creation", "create_time": "2014-12-07T13:43:55Z", "created_by": "pgalligan", "expression": "1975"}], "component_id": "2006.113.18", "resource": {"ref": "/repositories/2/resources/94"}, "level": "file", "notes": [{"jsonmodel_type": "note_singlepart", "persistent_id": "4582b991542afd96c53d7a2e62aa75b0", "publish": false, "label": "Physical Characteristics", "content": ["gauge/medium: 16 mm film\n\nbase: polyester\n\ncolor\n\nnegative: no\n\nsound: yes\n\nsound type: optical\n\ncode: n/a"], "type": "physdesc"}, {"jsonmodel_type": "note_singlepart", "persistent_id": "59ab817da97e7e9a6321a1baf8027394", "publish": false, "label": "Physical Treatment", "content": ["wind: preservation\n\ndigitization recommendation: recommend film for digitization"], "type": "physdesc"}, {"jsonmodel_type": "note_singlepart", "persistent_id": "b1e9d1f06397357a014017c13aa43f7b", "publish": false, "label": "Physical Condition", "content": ["sound: good\n\nemulsion scratches: no\n\nbase scratches: no\n\npreforation damage: no\n\nshrinkage: no\n\ncolor fading: yes (magenta hue)\n\nvinegar syndrome: no\n\nother condition notes: n/a"], "type": "physdesc"}, {"subnotes": [{"content": "Written and created by Jerome Kagan\n\nDirected by Glen Howard\n\nThanks to the poeple of the Village of San Marcos, the Elders and People of the village of Leldayet, and the people of the village of Shimukappu", "publish": true, "jsonmodel_type": "note_text"}], "jsonmodel_type": "note_multipart", "persistent_id": "7f85bf40fe52e74c0f2c32ad94da5d02", "publish": true, "label": "Credits", "type": "scopecontent"}, {"subnotes": [{"content": "Documentary footage that explores the child's acquisition of sex roles and social standards cross-culturally. Communities studied and filmed include a Guatemalan mountain village, a rural Kenyan village, and a working class town in North Central Japan.", "publish": true, "jsonmodel_type": "note_text"}], "jsonmodel_type": "note_multipart", "persistent_id": "3899a6afea9b20af97f7c39477bd1659", "publish": true, "label": "Subjects", "type": "scopecontent"}, {"type": "dimensions", "persistent_id": "ec02b8e9ec3c8f35fb682ea586ff532f", "subnotes": [{"content": "847 feet", "publish": true, "jsonmodel_type": "note_text"}], "jsonmodel_type": "note_multipart", "publish": true}, {"type": "accessrestrict", "persistent_id": "b09d81a02c44654a7d3e993fdcfa4ea4", "subnotes": [{"content": "RAC is unable to provide access to obsolete media and original digital media. In addition separated media may not yet have undergone stabilization procedures. When feasible, a digital surrogate may be created via special order. All applicable charges will apply. See RAC Head of Archival Services or RAC Head of Digital Programs for details.\n\n", "publish": true, "jsonmodel_type": "note_text"}], "jsonmodel_type": "note_multipart", "publish": true}, {"jsonmodel_type": "note_singlepart", "persistent_id": "a2fd8948645b4cde5833da5eaa10cb61", "publish": true, "label": "Container Summary", "content": ["1 reel"], "type": "physdesc"}], "uri": "/repositories/2/archival_objects/19222", "last_modified_by": "pgalligan", "restrictions_apply": false, "position": 17}