{"lock_version": 1, "external_documents": [], "extents": [], "jsonmodel_type": "archival_object", "ref_id": "ref3853_3i7", "instances": [{"lock_version": 0, "system_mtime": "2015-04-28T18:44:06Z", "container": {"lock_version": 0, "indicator_1": "26", "jsonmodel_type": "container", "user_mtime": "2014-12-07T13:45:34Z", "last_modified_by": "pgalligan", "container_locations": [{"status": "current", "system_mtime": "2014-12-07 13:45:34 UTC", "ref": "/locations/7784", "user_mtime": "2014-12-07 13:45:34 UTC", "start_date": "2014-12-05"}], "type_1": "reel", "create_time": "2014-12-07T13:45:34Z", "created_by": "pgalligan", "system_mtime": "2014-12-07T13:45:34Z"}, "jsonmodel_type": "instance", "user_mtime": "2014-12-07T13:45:34Z", "last_modified_by": "pgalligan", "instance_type": "Moving Images", "create_time": "2014-12-07T13:45:34Z", "created_by": "pgalligan"}], "create_time": "2014-12-06T03:51:52Z", "created_by": "admin", "parent": {"ref": "/repositories/2/archival_objects/19204"}, "title": "Lab Science and Art Program for the Visually Impaired - Doris E. Hadary, Ph.D.", "display_string": "Lab Science and Art Program for the Visually Impaired - Doris E. Hadary, Ph.D., undated", "publish": true, "subjects": [], "system_mtime": "2015-11-21T05:02:57Z", "linked_agents": [], "repository": {"ref": "/repositories/2"}, "repository_processing_note": "Accession number: 2006.113.26\n", "has_unpublished_ancestor": false, "user_mtime": "2014-12-07T13:45:34Z", "rights_statements": [], "linked_events": [], "external_ids": [{"system_mtime": "2014-12-07T13:45:34Z", "jsonmodel_type": "external_id", "user_mtime": "2014-12-07T13:45:34Z", "last_modified_by": "pgalligan", "source": "Archivists Toolkit Database::RESOURCE_COMPONENT", "create_time": "2014-12-07T13:45:34Z", "created_by": "pgalligan", "external_id": "76225"}], "suppressed": false, "dates": [{"lock_version": 0, "system_mtime": "2014-12-07T13:45:34Z", "jsonmodel_type": "date", "date_type": "single", "user_mtime": "2014-12-07T13:45:34Z", "last_modified_by": "pgalligan", "label": "creation", "create_time": "2014-12-07T13:45:34Z", "created_by": "pgalligan", "expression": "undated"}], "component_id": "2006.113.26", "resource": {"ref": "/repositories/2/resources/94"}, "level": "file", "notes": [{"jsonmodel_type": "note_singlepart", "persistent_id": "dd9095ea5663aa4e6c349f0aef1d7226", "publish": false, "label": "Physical Characteristics", "content": ["gauge/medium: 16 mm film\n\nbase: polyester\n\ncolor\n\nnegative: no\n\nsound: yes\n\nsound type: optical\n\ncode: n/a"], "type": "physdesc"}, {"jsonmodel_type": "note_singlepart", "persistent_id": "0d9ce42e6991ad90c8492cc2c823f760", "publish": false, "label": "Physical Treatment", "content": ["wind: preservation\n\ndigitization recommendation: recommend film for digitization"], "type": "physdesc"}, {"jsonmodel_type": "note_singlepart", "persistent_id": "1358ed253a75010dd85fd97059196d3e", "publish": false, "label": "Physical Condition", "content": ["sound: good\n\nemulsion scratches: no\n\nbase scratches: no\n\npreforation damage: no\n\nshrinkage: no\n\ncolor fading: yes (magenta hue)\n\nvinegar syndrome: no\n\nother condition notes: n/a"], "type": "physdesc"}, {"subnotes": [{"content": "Laboratory Science Enrichment Program, Part II\n\nLaboratory Science and Art for the Blind\n\nDirector of the program: Dr. Doris E. Hadary\n\nThe American University, Washington D.C.\n\nFunded by the Grant Foundation", "publish": true, "jsonmodel_type": "note_text"}], "jsonmodel_type": "note_multipart", "persistent_id": "f0933ae030935b9cc44e512927755d2d", "publish": true, "label": "Credits", "type": "scopecontent"}, {"subnotes": [{"content": "Documentary footage of visually impaired children participating in an interdisciplinary laboratory science and art program. Focus is on the child's observations, critical thinking, description, and creation throughout the scientific process.", "publish": true, "jsonmodel_type": "note_text"}], "jsonmodel_type": "note_multipart", "persistent_id": "159b8b8f7fb1489a4fa4c595bef126ff", "publish": true, "label": "Subjects", "type": "scopecontent"}, {"type": "dimensions", "persistent_id": "9d8b843457a6424d169b55bfa8da09b8", "subnotes": [{"content": "456 feet", "publish": true, "jsonmodel_type": "note_text"}], "jsonmodel_type": "note_multipart", "publish": true}, {"type": "accessrestrict", "persistent_id": "6d3e9436cb8752029709f794cceac3af", "subnotes": [{"content": "RAC is unable to provide access to obsolete media and original digital media. In addition separated media may not yet have undergone stabilization procedures. When feasible, a digital surrogate may be created via special order. All applicable charges will apply. See RAC Head of Archival Services or RAC Head of Digital Programs for details.\n\n", "publish": true, "jsonmodel_type": "note_text"}], "jsonmodel_type": "note_multipart", "publish": true}, {"jsonmodel_type": "note_singlepart", "persistent_id": "5a32c3ff110e108d0d25ae131a3e63fe", "publish": true, "label": "Container Summary", "content": ["1 reel"], "type": "physdesc"}], "uri": "/repositories/2/archival_objects/19230", "last_modified_by": "pgalligan", "restrictions_apply": false, "position": 25}