{"lock_version": 0, "system_mtime": "2015-11-21T05:02:57Z", "extents": [], "jsonmodel_type": "archival_object", "ref_id": "ref3887_0ej", "instances": [{"lock_version": 0, "system_mtime": "2015-04-28T18:44:06Z", "container": {"lock_version": 0, "indicator_1": "286b", "jsonmodel_type": "container", "user_mtime": "2014-12-06T03:51:53Z", "last_modified_by": "admin", "container_locations": [{"status": "current", "system_mtime": "2014-12-06 03:51:53 UTC", "ref": "/locations/2551", "user_mtime": "2014-12-06 03:51:53 UTC", "start_date": "2014-12-05"}], "type_1": "box", "create_time": "2014-12-06T03:51:53Z", "created_by": "admin", "system_mtime": "2014-12-06T03:51:53Z"}, "jsonmodel_type": "instance", "user_mtime": "2014-12-06T03:51:53Z", "last_modified_by": "admin", "instance_type": "Moving Images", "create_time": "2014-12-06T03:51:53Z", "created_by": "admin"}, {"lock_version": 0, "system_mtime": "2015-04-28T18:44:06Z", "container": {"lock_version": 0, "indicator_1": "287", "indicator_2": "3632", "jsonmodel_type": "container", "user_mtime": "2014-12-06T03:51:53Z", "last_modified_by": "admin", "container_locations": [{"status": "current", "system_mtime": "2014-12-06 03:51:53 UTC", "ref": "/locations/2551", "user_mtime": "2014-12-06 03:51:53 UTC", "start_date": "2014-12-05"}], "type_2": "folder", "type_1": "box", "create_time": "2014-12-06T03:51:53Z", "created_by": "admin", "system_mtime": "2014-12-06T03:51:53Z"}, "jsonmodel_type": "instance", "user_mtime": "2014-12-06T03:51:53Z", "last_modified_by": "admin", "instance_type": "Moving Images", "create_time": "2014-12-06T03:51:53Z", "created_by": "admin"}], "create_time": "2014-12-06T03:51:53Z", "created_by": "admin", "parent": {"ref": "/repositories/2/archival_objects/19204"}, "title": "The Polished Stones: K-5 Math Achievement in Japan and Taiwan - The University of Michigan - Harold Stevenson", "display_string": "The Polished Stones: K-5 Math Achievement in Japan and Taiwan - The University of Michigan - Harold Stevenson, 1989", "publish": true, "subjects": [], "external_documents": [], "linked_agents": [], "repository": {"ref": "/repositories/2"}, "has_unpublished_ancestor": false, "user_mtime": "2014-12-06T03:51:53Z", "rights_statements": [], "linked_events": [], "external_ids": [{"system_mtime": "2014-12-06T03:51:53Z", "jsonmodel_type": "external_id", "user_mtime": "2014-12-06T03:51:53Z", "last_modified_by": "admin", "source": "Archivists Toolkit Database::RESOURCE_COMPONENT", "create_time": "2014-12-06T03:51:53Z", "created_by": "admin", "external_id": "76228"}], "suppressed": false, "dates": [{"lock_version": 0, "system_mtime": "2014-12-06T03:51:53Z", "begin": "1989", "end": "1989", "jsonmodel_type": "date", "date_type": "inclusive", "user_mtime": "2014-12-06T03:51:53Z", "last_modified_by": "admin", "label": "creation", "create_time": "2014-12-06T03:51:53Z", "created_by": "admin", "expression": "1989"}], "resource": {"ref": "/repositories/2/resources/94"}, "level": "file", "notes": [{"persistent_id": "d3a479a381e9f4043c812f192e5fa23b", "type": "separatedmaterial", "subnotes": [{"content": "This videocassette was separated from Series 3, Grant files, box 192, folder 2520.", "publish": true, "jsonmodel_type": "note_text"}], "jsonmodel_type": "note_multipart", "publish": true}, {"jsonmodel_type": "note_singlepart", "persistent_id": "41a5caa7fe1437379db15c92535762e6", "publish": false, "label": "Preservation Treatment", "content": ["DVD copies were made from VHS."], "type": "physdesc"}, {"persistent_id": "116950fbc9eba8ee4d7e5fb450fcd25a", "type": "altformavail", "subnotes": [{"content": "One DVD and one VHS videocassette copy of the film exist. ", "publish": true, "jsonmodel_type": "note_text"}], "jsonmodel_type": "note_multipart", "publish": true}, {"jsonmodel_type": "note_singlepart", "persistent_id": "bd91236478aa0df6d701fc374f2119b6", "publish": false, "label": "Physical Condition", "content": ["VHS videocassette will no longer play in VCR. "], "type": "physdesc"}, {"jsonmodel_type": "note_singlepart", "persistent_id": "c3560cc9f86b17145c7860918c118647", "publish": false, "label": "Physical Characteristics", "content": ["1 VHS videocassette and 1 DVD\n\ncolor\n\nsound: yes"], "type": "physdesc"}, {"subnotes": [{"content": "The film centers on children's math achievement in Taiwan and Japan, with teachers of mathematics as the intended audience. ", "publish": true, "jsonmodel_type": "note_text"}], "jsonmodel_type": "note_multipart", "persistent_id": "a73f761e56adba8b210b5f259ef6eea9", "publish": true, "label": "Subjects", "type": "scopecontent"}, {"subnotes": [{"content": "34 minutes and 58 seconds", "publish": true, "jsonmodel_type": "note_text"}], "jsonmodel_type": "note_multipart", "persistent_id": "8a9058c71b720f70d4d14b1aa9a48761", "publish": true, "label": "Running Time", "type": "dimensions"}, {"persistent_id": "06d2458b744595c7636902fc179c7ad4", "type": "userestrict", "subnotes": [{"content": "For preservation reasons, and because copies exist elsewhere, viewing of this film is restricted. Researchers must view the DVD copy of this film.", "publish": true, "jsonmodel_type": "note_text"}], "jsonmodel_type": "note_multipart", "publish": true}, {"persistent_id": "ca5fe323d98167e6218677c7f549ed16", "type": "accessrestrict", "subnotes": [{"content": "RAC is unable to provide access to obsolete media and original digital media. In addition separated media may not yet have undergone stabilization procedures. When feasible, a digital surrogate may be created via special order. All applicable charges will apply. See RAC Head of Archival Services or RAC Head of Digital Programs for details.\n\n", "publish": true, "jsonmodel_type": "note_text"}], "jsonmodel_type": "note_multipart", "publish": true}, {"jsonmodel_type": "note_singlepart", "persistent_id": "8d1036ef63790e987564b8b192df6ead", "publish": true, "label": "Container Summary", "content": ["1 DVD and 1 VHS videocassette"], "type": "physdesc"}], "uri": "/repositories/2/archival_objects/19233", "last_modified_by": "admin", "restrictions_apply": false, "position": 28}