{"lock_version": 1, "external_documents": [], "extents": [], "jsonmodel_type": "archival_object", "ref_id": "ref3857_mxw", "instances": [{"lock_version": 0, "system_mtime": "2014-12-07T19:35:45Z", "container": {"lock_version": 0, "indicator_1": "286a", "indicator_2": "3625", "jsonmodel_type": "container", "user_mtime": "2014-12-07T13:45:46Z", "last_modified_by": "pgalligan", "container_locations": [{"status": "current", "system_mtime": "2014-12-07 13:45:46 UTC", "ref": "/locations/2551", "user_mtime": "2014-12-07 13:45:46 UTC", "start_date": "2014-12-05"}], "type_2": "folder", "type_1": "box", "create_time": "2014-12-07T13:45:46Z", "created_by": "pgalligan", "system_mtime": "2014-12-07T13:45:46Z"}, "jsonmodel_type": "instance", "user_mtime": "2014-12-07T13:45:46Z", "last_modified_by": "pgalligan", "instance_type": "mixed materials", "create_time": "2014-12-07T13:45:46Z", "created_by": "pgalligan"}, {"lock_version": 0, "system_mtime": "2015-04-28T18:44:06Z", "container": {"lock_version": 0, "indicator_1": "27", "jsonmodel_type": "container", "user_mtime": "2014-12-07T13:45:46Z", "last_modified_by": "pgalligan", "container_locations": [{"status": "current", "system_mtime": "2014-12-07 13:45:46 UTC", "ref": "/locations/7784", "user_mtime": "2014-12-07 13:45:46 UTC", "start_date": "2014-12-05"}], "type_1": "reel", "create_time": "2014-12-07T13:45:46Z", "created_by": "pgalligan", "system_mtime": "2014-12-07T13:45:46Z"}, "jsonmodel_type": "instance", "user_mtime": "2014-12-07T13:45:46Z", "last_modified_by": "pgalligan", "instance_type": "Moving Images", "create_time": "2014-12-07T13:45:46Z", "created_by": "pgalligan"}], "create_time": "2014-12-06T03:51:52Z", "created_by": "admin", "parent": {"ref": "/repositories/2/archival_objects/19204"}, "title": "First Friends - The Mental Health Film Board - Alberta Jacoby", "display_string": "First Friends - The Mental Health Film Board - Alberta Jacoby, probably 1970s", "publish": true, "subjects": [], "system_mtime": "2015-11-21T05:02:57Z", "linked_agents": [], "repository": {"ref": "/repositories/2"}, "repository_processing_note": "Accession number: 2006.113.27\n", "has_unpublished_ancestor": false, "user_mtime": "2014-12-07T13:45:46Z", "rights_statements": [], "linked_events": [], "external_ids": [{"system_mtime": "2014-12-07T13:45:47Z", "jsonmodel_type": "external_id", "user_mtime": "2014-12-07T13:45:47Z", "last_modified_by": "pgalligan", "source": "Archivists Toolkit Database::RESOURCE_COMPONENT", "create_time": "2014-12-07T13:45:47Z", "created_by": "pgalligan", "external_id": "76226"}], "suppressed": false, "dates": [{"lock_version": 0, "system_mtime": "2014-12-07T13:45:46Z", "begin": "1970", "end": "1979", "jsonmodel_type": "date", "date_type": "inclusive", "user_mtime": "2014-12-07T13:45:46Z", "last_modified_by": "pgalligan", "label": "creation", "create_time": "2014-12-07T13:45:46Z", "created_by": "pgalligan", "expression": "probably 1970s"}], "component_id": "2006.113.27", "resource": {"ref": "/repositories/2/resources/94"}, "level": "file", "notes": [{"jsonmodel_type": "note_singlepart", "persistent_id": "11445001d801e4fab061ce7d2ed0a986", "publish": false, "label": "Physical Characteristics", "content": ["gauge/medium: 16 mm film\n\nbase: polyester\n\ncolor\n\nnegative: no\n\nsound: yes\n\nsound type: optical\n\ncode: Ectachrome film"], "type": "physdesc"}, {"jsonmodel_type": "note_singlepart", "persistent_id": "0097f31e86231c76256d9284cf380eeb", "publish": false, "label": "Physical Treatment", "content": ["wind: preservation\n\ndigitization recommendation: recommend film for digitization"], "type": "physdesc"}, {"jsonmodel_type": "note_singlepart", "persistent_id": "4dafedfae1cd7b3a2a18909e32bca194", "publish": false, "label": "Physical Condition", "content": ["sound: good\n\nemulsion scratches: no\n\nbase scratches: no\n\npreforation damage: no\n\nshrinkage: no\n\ncolor fading: yes (blue hue)\n\nvinegar syndrome: no\n\nother condition notes: n/a"], "type": "physdesc"}, {"subnotes": [{"content": "The Mental Health Film Board and the Yale Child Study Center present \n\n\"Years of Growth: Studies in Development\"\n\n\"First Friends\"\n\nWritten and directed by Irving Jacoby\n\nConsultant: Alberta Jacoby, M.P.H.\n\nHead Start Program, Danbury CT\n\nMade possible by the Grant Foundation", "publish": true, "jsonmodel_type": "note_text"}], "jsonmodel_type": "note_multipart", "persistent_id": "551ad1b989dfbbb6b255169cf95b3377", "publish": true, "label": "Credits", "type": "scopecontent"}, {"subnotes": [{"content": "\"First Friends shows how a child becomes part of a group. Set in a pre-school, youngsters play together and reveal a wide range of feelings, attitudes, and behavior.\" - The Mental Health Film Board, Inc.", "publish": true, "jsonmodel_type": "note_text"}], "jsonmodel_type": "note_multipart", "persistent_id": "44a417f6db41e6972af286728524dd0b", "publish": true, "label": "Subjects", "type": "scopecontent"}, {"type": "dimensions", "persistent_id": "b6b67dd2816c6e53348bd04a874e9fcd", "subnotes": [{"content": "799 feet", "publish": true, "jsonmodel_type": "note_text"}], "jsonmodel_type": "note_multipart", "publish": true}, {"type": "accessrestrict", "persistent_id": "c6e4fc09d01f73229440d777905f76b5", "subnotes": [{"content": "RAC is unable to provide access to obsolete media and original digital media. In addition separated media may not yet have undergone stabilization procedures. When feasible, a digital surrogate may be created via special order. All applicable charges will apply. See RAC Head of Archival Services or RAC Head of Digital Programs for details.\n\n", "publish": true, "jsonmodel_type": "note_text"}], "jsonmodel_type": "note_multipart", "publish": true}, {"jsonmodel_type": "note_singlepart", "persistent_id": "c4b172bd8b2426b335a9785b52b225da", "publish": true, "label": "Container Summary", "content": ["1 reel and 1 folder of supplemental material "], "type": "physdesc"}], "uri": "/repositories/2/archival_objects/19231", "last_modified_by": "pgalligan", "restrictions_apply": false, "position": 26}