{"lock_version": 0, "system_mtime": "2015-11-21T05:11:59Z", "extents": [], "jsonmodel_type": "archival_object", "ref_id": "ref79_lb4", "instances": [{"lock_version": 0, "system_mtime": "2014-12-07T19:35:45Z", "container": {"lock_version": 0, "indicator_1": "2", "jsonmodel_type": "container", "user_mtime": "2014-12-06T04:03:43Z", "last_modified_by": "admin", "container_locations": [{"status": "current", "system_mtime": "2014-12-06 04:03:43 UTC", "ref": "/locations/4217", "user_mtime": "2014-12-06 04:03:43 UTC", "start_date": "2014-12-05"}], "type_1": "box", "create_time": "2014-12-06T04:03:43Z", "created_by": "admin", "system_mtime": "2014-12-06T04:03:43Z"}, "jsonmodel_type": "instance", "user_mtime": "2014-12-06T04:03:43Z", "last_modified_by": "admin", "instance_type": "mixed materials", "create_time": "2014-12-06T04:03:43Z", "created_by": "admin"}], "create_time": "2014-12-06T04:03:43Z", "created_by": "admin", "parent": {"ref": "/repositories/2/archival_objects/30241"}, "title": "ZN++ #2", "display_string": "ZN++ #2, 1956 June 5", "publish": true, "subjects": [], "external_documents": [], "linked_agents": [], "repository": {"ref": "/repositories/2"}, "has_unpublished_ancestor": false, "user_mtime": "2014-12-06T04:03:43Z", "rights_statements": [], "linked_events": [], "external_ids": [{"system_mtime": "2014-12-06T04:03:43Z", "jsonmodel_type": "external_id", "user_mtime": "2014-12-06T04:03:43Z", "last_modified_by": "admin", "source": "Archivists Toolkit Database::RESOURCE_COMPONENT", "create_time": "2014-12-06T04:03:43Z", "created_by": "admin", "external_id": "1730057"}], "suppressed": false, "dates": [{"lock_version": 0, "system_mtime": "2014-12-06T04:03:43Z", "jsonmodel_type": "date", "date_type": "single", "user_mtime": "2014-12-06T04:03:43Z", "last_modified_by": "admin", "label": "creation", "create_time": "2014-12-06T04:03:43Z", "created_by": "admin", "expression": "1956 June 5"}], "resource": {"ref": "/repositories/2/resources/96"}, "level": "file", "notes": [], "uri": "/repositories/2/archival_objects/30296", "last_modified_by": "admin", "restrictions_apply": false, "position": 54}