{"lock_version": 0, "system_mtime": "2015-11-21T05:11:59Z", "extents": [], "jsonmodel_type": "archival_object", "ref_id": "ref123_4ia", "instances": [{"lock_version": 0, "system_mtime": "2014-12-07T19:35:45Z", "container": {"lock_version": 0, "indicator_1": "6", "indicator_2": "3", "jsonmodel_type": "container", "user_mtime": "2014-12-06T04:03:46Z", "last_modified_by": "admin", "container_locations": [{"status": "current", "system_mtime": "2014-12-06 04:03:46 UTC", "ref": "/locations/4217", "user_mtime": "2014-12-06 04:03:46 UTC", "start_date": "2014-12-05"}], "type_2": "folder", "type_1": "box", "create_time": "2014-12-06T04:03:46Z", "created_by": "admin", "system_mtime": "2014-12-06T04:03:46Z"}, "jsonmodel_type": "instance", "user_mtime": "2014-12-06T04:03:46Z", "last_modified_by": "admin", "instance_type": "mixed materials", "create_time": "2014-12-06T04:03:46Z", "created_by": "admin"}], "create_time": "2014-12-06T04:03:46Z", "created_by": "admin", "parent": {"ref": "/repositories/2/archival_objects/30323"}, "title": "D", "display_string": "D, 1970-1982", "publish": true, "subjects": [], "external_documents": [], "linked_agents": [], "repository": {"ref": "/repositories/2"}, "has_unpublished_ancestor": false, "user_mtime": "2014-12-06T04:03:46Z", "rights_statements": [], "linked_events": [], "external_ids": [{"system_mtime": "2014-12-06T04:03:46Z", "jsonmodel_type": "external_id", "user_mtime": "2014-12-06T04:03:46Z", "last_modified_by": "admin", "source": "Archivists Toolkit Database::RESOURCE_COMPONENT", "create_time": "2014-12-06T04:03:46Z", "created_by": "admin", "external_id": "1730017"}], "suppressed": false, "dates": [{"lock_version": 0, "system_mtime": "2014-12-06T04:03:46Z", "jsonmodel_type": "date", "date_type": "single", "user_mtime": "2014-12-06T04:03:46Z", "last_modified_by": "admin", "label": "creation", "create_time": "2014-12-06T04:03:46Z", "created_by": "admin", "expression": "1970-1982"}], "resource": {"ref": "/repositories/2/resources/96"}, "level": "file", "notes": [], "uri": "/repositories/2/archival_objects/30336", "last_modified_by": "admin", "restrictions_apply": false, "position": 12}