{"lock_version": 0, "system_mtime": "2015-11-21T05:11:59Z", "extents": [], "jsonmodel_type": "archival_object", "ref_id": "ref155_hhb", "instances": [{"lock_version": 0, "system_mtime": "2014-12-07T19:35:45Z", "container": {"lock_version": 0, "indicator_1": "10", "indicator_2": "2A", "jsonmodel_type": "container", "user_mtime": "2014-12-06T04:03:48Z", "last_modified_by": "admin", "container_locations": [{"status": "current", "system_mtime": "2014-12-06 04:03:48 UTC", "ref": "/locations/4218", "user_mtime": "2014-12-06 04:03:48 UTC", "start_date": "2014-12-05"}], "type_2": "folder", "type_1": "box", "create_time": "2014-12-06T04:03:48Z", "created_by": "admin", "system_mtime": "2014-12-06T04:03:48Z"}, "jsonmodel_type": "instance", "user_mtime": "2014-12-06T04:03:48Z", "last_modified_by": "admin", "instance_type": "mixed materials", "create_time": "2014-12-06T04:03:48Z", "created_by": "admin"}], "create_time": "2014-12-06T04:03:48Z", "created_by": "admin", "parent": {"ref": "/repositories/2/archival_objects/30323"}, "title": "J", "display_string": "J, 1967-1982", "publish": true, "subjects": [], "external_documents": [], "linked_agents": [], "repository": {"ref": "/repositories/2"}, "has_unpublished_ancestor": false, "user_mtime": "2014-12-06T04:03:48Z", "rights_statements": [], "linked_events": [], "external_ids": [{"system_mtime": "2014-12-06T04:03:48Z", "jsonmodel_type": "external_id", "user_mtime": "2014-12-06T04:03:48Z", "last_modified_by": "admin", "source": "Archivists Toolkit Database::RESOURCE_COMPONENT", "create_time": "2014-12-06T04:03:48Z", "created_by": "admin", "external_id": "1729994"}], "suppressed": false, "dates": [{"lock_version": 0, "system_mtime": "2014-12-06T04:03:48Z", "jsonmodel_type": "date", "date_type": "single", "user_mtime": "2014-12-06T04:03:48Z", "last_modified_by": "admin", "label": "creation", "create_time": "2014-12-06T04:03:48Z", "created_by": "admin", "expression": "1967-1982"}], "resource": {"ref": "/repositories/2/resources/96"}, "level": "file", "notes": [{"subnotes": [{"content": "Restricted from scholarly research.\n\n", "publish": true, "jsonmodel_type": "note_text"}], "jsonmodel_type": "note_multipart", "persistent_id": "319c94c0213fa1c35d753aede467eb1e", "publish": true, "label": "Conditions Governing Access note", "type": "accessrestrict"}], "uri": "/repositories/2/archival_objects/30359", "last_modified_by": "admin", "restrictions_apply": false, "position": 35}