{"lock_version": 0, "system_mtime": "2015-11-21T05:12:00Z", "extents": [], "jsonmodel_type": "archival_object", "ref_id": "ref174_mvc", "instances": [{"lock_version": 0, "system_mtime": "2014-12-07T19:35:45Z", "container": {"lock_version": 0, "indicator_1": "12", "indicator_2": "2", "jsonmodel_type": "container", "user_mtime": "2014-12-06T04:03:49Z", "last_modified_by": "admin", "container_locations": [{"status": "current", "system_mtime": "2014-12-06 04:03:49 UTC", "ref": "/locations/4218", "user_mtime": "2014-12-06 04:03:49 UTC", "start_date": "2014-12-05"}], "type_2": "folder", "type_1": "box", "create_time": "2014-12-06T04:03:49Z", "created_by": "admin", "system_mtime": "2014-12-06T04:03:49Z"}, "jsonmodel_type": "instance", "user_mtime": "2014-12-06T04:03:49Z", "last_modified_by": "admin", "instance_type": "mixed materials", "create_time": "2014-12-06T04:03:49Z", "created_by": "admin"}], "create_time": "2014-12-06T04:03:49Z", "created_by": "admin", "parent": {"ref": "/repositories/2/archival_objects/30323"}, "title": "M", "display_string": "M, 1966-1969", "publish": true, "subjects": [], "external_documents": [], "linked_agents": [], "repository": {"ref": "/repositories/2"}, "has_unpublished_ancestor": false, "user_mtime": "2014-12-06T04:03:49Z", "rights_statements": [], "linked_events": [], "external_ids": [{"system_mtime": "2014-12-06T04:03:49Z", "jsonmodel_type": "external_id", "user_mtime": "2014-12-06T04:03:49Z", "last_modified_by": "admin", "source": "Archivists Toolkit Database::RESOURCE_COMPONENT", "create_time": "2014-12-06T04:03:49Z", "created_by": "admin", "external_id": "1729981"}], "suppressed": false, "dates": [{"lock_version": 0, "system_mtime": "2014-12-06T04:03:49Z", "jsonmodel_type": "date", "date_type": "single", "user_mtime": "2014-12-06T04:03:49Z", "last_modified_by": "admin", "label": "creation", "create_time": "2014-12-06T04:03:49Z", "created_by": "admin", "expression": "1966-1969"}], "resource": {"ref": "/repositories/2/resources/96"}, "level": "file", "notes": [], "uri": "/repositories/2/archival_objects/30372", "last_modified_by": "admin", "restrictions_apply": false, "position": 48}