{"lock_version": 0, "system_mtime": "2015-11-21T05:12:02Z", "extents": [], "jsonmodel_type": "archival_object", "ref_id": "ref34_c2j", "instances": [], "create_time": "2014-12-06T04:04:07Z", "created_by": "admin", "parent": {"ref": "/repositories/2/archival_objects/30584"}, "title": "Breit, Gregory", "display_string": "Breit, Gregory", "publish": true, "subjects": [], "external_documents": [], "linked_agents": [], "repository": {"ref": "/repositories/2"}, "has_unpublished_ancestor": false, "user_mtime": "2014-12-06T04:04:07Z", "rights_statements": [], "linked_events": [], "external_ids": [{"system_mtime": "2014-12-06T04:04:07Z", "jsonmodel_type": "external_id", "user_mtime": "2014-12-06T04:04:07Z", "last_modified_by": "admin", "source": "Archivists Toolkit Database::RESOURCE_COMPONENT", "create_time": "2014-12-06T04:04:07Z", "created_by": "admin", "external_id": "1289699"}], "suppressed": false, "dates": [], "resource": {"ref": "/repositories/2/resources/97"}, "level": "item", "notes": [], "uri": "/repositories/2/archival_objects/30591", "last_modified_by": "admin", "restrictions_apply": false, "position": 6}