{"lock_version": 0, "system_mtime": "2015-11-21T05:12:02Z", "extents": [], "jsonmodel_type": "archival_object", "ref_id": "ref73_xti", "instances": [], "create_time": "2014-12-06T04:04:08Z", "created_by": "admin", "parent": {"ref": "/repositories/2/archival_objects/30614"}, "title": "Groot, Siep de", "display_string": "Groot, Siep de", "publish": true, "subjects": [], "external_documents": [], "linked_agents": [], "repository": {"ref": "/repositories/2"}, "has_unpublished_ancestor": false, "user_mtime": "2014-12-06T04:04:08Z", "rights_statements": [], "linked_events": [], "external_ids": [{"system_mtime": "2014-12-06T04:04:08Z", "jsonmodel_type": "external_id", "user_mtime": "2014-12-06T04:04:08Z", "last_modified_by": "admin", "source": "Archivists Toolkit Database::RESOURCE_COMPONENT", "create_time": "2014-12-06T04:04:08Z", "created_by": "admin", "external_id": "1289733"}], "suppressed": false, "dates": [], "resource": {"ref": "/repositories/2/resources/97"}, "level": "item", "notes": [], "uri": "/repositories/2/archival_objects/30625", "last_modified_by": "admin", "restrictions_apply": false, "position": 10}