{"lock_version": 0, "system_mtime": "2015-11-21T05:12:03Z", "extents": [], "jsonmodel_type": "archival_object", "ref_id": "ref96_gtq", "instances": [], "create_time": "2014-12-06T04:04:09Z", "created_by": "admin", "parent": {"ref": "/repositories/2/archival_objects/30643"}, "title": "Joost, Res", "display_string": "Joost, Res", "publish": true, "subjects": [], "external_documents": [], "linked_agents": [], "repository": {"ref": "/repositories/2"}, "has_unpublished_ancestor": false, "user_mtime": "2014-12-06T04:04:09Z", "rights_statements": [], "linked_events": [], "external_ids": [{"system_mtime": "2014-12-06T04:04:09Z", "jsonmodel_type": "external_id", "user_mtime": "2014-12-06T04:04:09Z", "last_modified_by": "admin", "source": "Archivists Toolkit Database::RESOURCE_COMPONENT", "create_time": "2014-12-06T04:04:09Z", "created_by": "admin", "external_id": "1289752"}], "suppressed": false, "dates": [], "resource": {"ref": "/repositories/2/resources/97"}, "level": "item", "notes": [{"persistent_id": "9e0cf9088859368eca677b21330817f1", "type": "scopecontent", "subnotes": [{"content": "2 manuscripts with cover letters.", "publish": true, "jsonmodel_type": "note_text"}], "jsonmodel_type": "note_multipart", "publish": true}], "uri": "/repositories/2/archival_objects/30644", "last_modified_by": "admin", "restrictions_apply": false, "position": 0}