{"lock_version": 0, "system_mtime": "2015-11-21T05:12:03Z", "extents": [], "jsonmodel_type": "archival_object", "ref_id": "ref172_ukc", "instances": [], "create_time": "2014-12-06T04:04:11Z", "created_by": "admin", "parent": {"ref": "/repositories/2/archival_objects/30704"}, "title": "Woodburne, L.S.", "display_string": "Woodburne, L.S.", "publish": true, "subjects": [], "external_documents": [], "linked_agents": [], "repository": {"ref": "/repositories/2"}, "has_unpublished_ancestor": false, "user_mtime": "2014-12-06T04:04:11Z", "rights_statements": [], "linked_events": [], "external_ids": [{"system_mtime": "2014-12-06T04:04:11Z", "jsonmodel_type": "external_id", "user_mtime": "2014-12-06T04:04:11Z", "last_modified_by": "admin", "source": "Archivists Toolkit Database::RESOURCE_COMPONENT", "create_time": "2014-12-06T04:04:11Z", "created_by": "admin", "external_id": "1289822"}], "suppressed": false, "dates": [], "resource": {"ref": "/repositories/2/resources/97"}, "level": "item", "notes": [], "uri": "/repositories/2/archival_objects/30713", "last_modified_by": "admin", "restrictions_apply": false, "position": 8}