{"lock_version": 0, "system_mtime": "2015-09-18T18:56:28Z", "extents": [], "jsonmodel_type": "archival_object", "ref_id": "ref184_zzk", "instances": [{"lock_version": 0, "system_mtime": "2014-12-07T19:35:45Z", "container": {"lock_version": 0, "indicator_1": "4", "indicator_2": "1-8", "jsonmodel_type": "container", "user_mtime": "2014-12-06T04:04:11Z", "last_modified_by": "admin", "container_locations": [{"status": "current", "system_mtime": "2014-12-06 04:04:11 UTC", "ref": "/locations/1705", "user_mtime": "2014-12-06 04:04:11 UTC", "start_date": "2014-12-05"}], "type_2": "folder", "type_1": "box", "create_time": "2014-12-06T04:04:11Z", "created_by": "admin", "system_mtime": "2014-12-06T04:04:11Z"}, "jsonmodel_type": "instance", "user_mtime": "2014-12-06T04:04:11Z", "last_modified_by": "admin", "instance_type": "mixed materials", "create_time": "2014-12-06T04:04:11Z", "created_by": "admin"}], "create_time": "2014-12-06T04:04:11Z", "created_by": "admin", "title": "Assorted Notes", "display_string": "Assorted Notes", "publish": true, "subjects": [], "external_documents": [], "linked_agents": [], "repository": {"ref": "/repositories/2"}, "has_unpublished_ancestor": false, "user_mtime": "2014-12-06T04:04:11Z", "rights_statements": [], "linked_events": [], "external_ids": [{"system_mtime": "2014-12-06T04:04:11Z", "jsonmodel_type": "external_id", "user_mtime": "2014-12-06T04:04:11Z", "last_modified_by": "admin", "source": "Archivists Toolkit Database::RESOURCE_COMPONENT", "create_time": "2014-12-06T04:04:11Z", "created_by": "admin", "external_id": "1289831"}], "suppressed": false, "dates": [], "resource": {"ref": "/repositories/2/resources/97"}, "level": "file", "notes": [{"persistent_id": "7d159e328ce0873133b9d8fa9c9afc2f", "type": "scopecontent", "subnotes": [{"content": "Groups of notes, undated, unnamed.\nFolder 1 has labeled notebook: Light and matter; theory of elementary particles.\nFolder 2 has labeled notebook: Magnetohydrodynamic waves.\n", "publish": true, "jsonmodel_type": "note_text"}], "jsonmodel_type": "note_multipart", "publish": true}, {"persistent_id": "e35786fd6e22068605cb56cc2f54196c", "type": "arrangement", "subnotes": [{"content": "Pages are consecutively numbered as problems and theories worked out and so arranged.", "publish": true, "jsonmodel_type": "note_text"}], "jsonmodel_type": "note_multipart", "publish": true}], "uri": "/repositories/2/archival_objects/30721", "last_modified_by": "admin", "restrictions_apply": false, "position": 4}