{"lock_version": 0, "system_mtime": "2015-09-18T18:56:33Z", "extents": [], "jsonmodel_type": "archival_object", "ref_id": "ref12_o84", "instances": [{"lock_version": 0, "system_mtime": "2014-12-07T19:35:45Z", "container": {"lock_version": 0, "indicator_1": "1", "indicator_2": "3", "jsonmodel_type": "container", "user_mtime": "2014-12-06T04:04:18Z", "last_modified_by": "admin", "container_locations": [{"status": "current", "system_mtime": "2014-12-06 04:04:18 UTC", "ref": "/locations/1705", "user_mtime": "2014-12-06 04:04:18 UTC", "start_date": "2014-12-05"}], "type_2": "folder", "type_1": "box", "create_time": "2014-12-06T04:04:18Z", "created_by": "admin", "system_mtime": "2014-12-06T04:04:18Z"}, "jsonmodel_type": "instance", "user_mtime": "2014-12-06T04:04:18Z", "last_modified_by": "admin", "instance_type": "mixed materials", "create_time": "2014-12-06T04:04:18Z", "created_by": "admin"}], "create_time": "2014-12-06T04:04:18Z", "created_by": "admin", "title": "Administrative correspondence", "display_string": "Administrative correspondence, 1911-1929", "publish": true, "subjects": [], "external_documents": [], "linked_agents": [], "repository": {"ref": "/repositories/2"}, "has_unpublished_ancestor": false, "user_mtime": "2014-12-06T04:04:18Z", "rights_statements": [], "linked_events": [], "external_ids": [{"system_mtime": "2014-12-06T04:04:18Z", "jsonmodel_type": "external_id", "user_mtime": "2014-12-06T04:04:18Z", "last_modified_by": "admin", "source": "Archivists Toolkit Database::RESOURCE_COMPONENT", "create_time": "2014-12-06T04:04:18Z", "created_by": "admin", "external_id": "1289649"}], "suppressed": false, "dates": [{"lock_version": 0, "system_mtime": "2014-12-06T04:04:18Z", "begin": "1911", "end": "1929", "jsonmodel_type": "date", "date_type": "inclusive", "user_mtime": "2014-12-06T04:04:18Z", "last_modified_by": "admin", "label": "creation", "create_time": "2014-12-06T04:04:18Z", "created_by": "admin", "expression": "1911-1929"}], "resource": {"ref": "/repositories/2/resources/99"}, "level": "file", "notes": [{"persistent_id": "b1926f2599b696a3f722f3a8a523b2c0", "type": "scopecontent", "subnotes": [{"content": "Includes letters on early grants and on joining Institute staff. 1924 correspondence deals with patents and release of tryparsamide.", "publish": true, "jsonmodel_type": "note_text"}], "jsonmodel_type": "note_multipart", "publish": true}], "uri": "/repositories/2/archival_objects/30750", "last_modified_by": "admin", "restrictions_apply": false, "position": 2}