{"lock_version": 1, "system_mtime": "2015-10-15T19:57:03Z", "extents": [], "jsonmodel_type": "archival_object", "ref_id": "ref36_rr9", "instances": [{"lock_version": 0, "system_mtime": "2015-10-15T19:55:21Z", "container": {"lock_version": 0, "indicator_1": "2", "indicator_2": "14", "jsonmodel_type": "container", "user_mtime": "2015-10-15T19:55:21Z", "last_modified_by": "battalb", "container_locations": [{"status": "current", "system_mtime": "2015-10-15 19:55:21 UTC", "ref": "/locations/1705", "user_mtime": "2015-10-15 19:55:21 UTC", "start_date": "2014-12-05"}], "type_2": "folder", "type_1": "box", "create_time": "2015-10-15T19:55:21Z", "created_by": "battalb", "system_mtime": "2015-10-15T19:55:21Z"}, "jsonmodel_type": "instance", "user_mtime": "2015-10-15T19:55:21Z", "last_modified_by": "battalb", "instance_type": "mixed materials", "create_time": "2015-10-15T19:55:21Z", "created_by": "battalb"}], "create_time": "2014-12-06T04:04:19Z", "created_by": "admin", "title": "re: Tryparsamide work - \"Statement as to the agreement entered into with Dr. Loevenhart for the Study of Tryparsamide\"", "display_string": "re: Tryparsamide work - \"Statement as to the agreement entered into with Dr. Loevenhart for the Study of Tryparsamide\", ca. 1924 January", "publish": true, "subjects": [], "external_documents": [], "linked_agents": [], "repository": {"ref": "/repositories/2"}, "has_unpublished_ancestor": false, "user_mtime": "2015-10-15T19:55:21Z", "rights_statements": [], "linked_events": [], "external_ids": [{"system_mtime": "2015-10-15T19:55:21Z", "jsonmodel_type": "external_id", "user_mtime": "2015-10-15T19:55:21Z", "last_modified_by": "battalb", "source": "Archivists Toolkit Database::RESOURCE_COMPONENT", "create_time": "2015-10-15T19:55:21Z", "created_by": "battalb", "external_id": "1289666"}], "suppressed": false, "dates": [{"lock_version": 0, "system_mtime": "2015-10-15T19:55:21Z", "begin": "1924", "end": "1924", "jsonmodel_type": "date", "date_type": "inclusive", "user_mtime": "2015-10-15T19:55:21Z", "last_modified_by": "battalb", "label": "creation", "create_time": "2015-10-15T19:55:21Z", "created_by": "battalb", "expression": "ca. 1924 January"}], "resource": {"ref": "/repositories/2/resources/99"}, "level": "file", "notes": [], "uri": "/repositories/2/archival_objects/30768", "last_modified_by": "battalb", "restrictions_apply": false, "position": 18}