{"lock_version": 0, "system_mtime": "2015-09-18T18:56:39Z", "extents": [{"lock_version": 0, "system_mtime": "2014-12-06T04:04:26Z", "jsonmodel_type": "extent", "user_mtime": "2014-12-06T04:04:26Z", "number": "0.6", "last_modified_by": "admin", "portion": "whole", "create_time": "2014-12-06T04:04:26Z", "created_by": "admin", "extent_type": "cubic_feet"}], "jsonmodel_type": "archival_object", "ref_id": "ref7_np5", "instances": [], "create_time": "2014-12-06T04:04:26Z", "created_by": "admin", "title": "Class Records", "display_string": "Class Records, 1917-1919", "publish": true, "subjects": [], "external_documents": [], "linked_agents": [], "repository": {"ref": "/repositories/2"}, "has_unpublished_ancestor": false, "user_mtime": "2014-12-06T04:04:26Z", "rights_statements": [], "linked_events": [], "external_ids": [{"system_mtime": "2014-12-06T04:04:26Z", "jsonmodel_type": "external_id", "user_mtime": "2014-12-06T04:04:26Z", "last_modified_by": "admin", "source": "Archivists Toolkit Database::RESOURCE_COMPONENT", "create_time": "2014-12-06T04:04:26Z", "created_by": "admin", "external_id": "22382"}], "suppressed": false, "dates": [{"lock_version": 0, "system_mtime": "2014-12-06T04:04:26Z", "begin": "1917", "end": "1919", "jsonmodel_type": "date", "date_type": "inclusive", "user_mtime": "2014-12-06T04:04:26Z", "last_modified_by": "admin", "label": "creation", "create_time": "2014-12-06T04:04:26Z", "created_by": "admin", "expression": "1917-1919"}], "component_id": "1", "resource": {"ref": "/repositories/2/resources/100"}, "level": "series", "notes": [{"persistent_id": "a37c8e096deb1c0660228efd32f7e1d8", "type": "arrangement", "subnotes": [{"content": "Arranged chronologically.", "publish": true, "jsonmodel_type": "note_text"}], "jsonmodel_type": "note_multipart", "publish": true}, {"persistent_id": "903a1d54bb5f1b6130d6ccdc5cede64c", "type": "scopecontent", "subnotes": [{"content": "Includes photographs and evaluations of students; also includes correspondence, students' background notes, and tests.", "publish": true, "jsonmodel_type": "note_text"}], "jsonmodel_type": "note_multipart", "publish": true}], "uri": "/repositories/2/archival_objects/30775", "last_modified_by": "admin", "restrictions_apply": false, "position": 0}