{"lock_version": 1, "system_mtime": "2015-10-15T19:57:33Z", "extents": [], "jsonmodel_type": "archival_object", "ref_id": "ref46_vf2", "instances": [{"lock_version": 0, "system_mtime": "2015-10-15T19:56:31Z", "container": {"lock_version": 0, "indicator_1": "2", "indicator_2": "19", "jsonmodel_type": "container", "user_mtime": "2015-10-15T19:56:31Z", "last_modified_by": "battalb", "container_locations": [{"status": "current", "system_mtime": "2015-10-15 19:56:31 UTC", "ref": "/locations/1705", "user_mtime": "2015-10-15 19:56:31 UTC", "start_date": "2014-12-05"}], "type_2": "folder", "type_1": "box", "create_time": "2015-10-15T19:56:31Z", "created_by": "battalb", "system_mtime": "2015-10-15T19:56:31Z"}, "jsonmodel_type": "instance", "user_mtime": "2015-10-15T19:56:31Z", "last_modified_by": "battalb", "instance_type": "mixed materials", "create_time": "2015-10-15T19:56:31Z", "created_by": "battalb"}], "create_time": "2014-12-06T04:04:20Z", "created_by": "admin", "title": "re: Tryparsamide work - Chicago Medical Society Bulletin 8", "display_string": "re: Tryparsamide work - Chicago Medical Society Bulletin 8, 1923 December 15", "publish": true, "subjects": [], "external_documents": [], "linked_agents": [], "repository": {"ref": "/repositories/2"}, "has_unpublished_ancestor": false, "user_mtime": "2015-10-15T19:56:31Z", "rights_statements": [], "linked_events": [], "external_ids": [{"system_mtime": "2015-10-15T19:56:31Z", "jsonmodel_type": "external_id", "user_mtime": "2015-10-15T19:56:31Z", "last_modified_by": "battalb", "source": "Archivists Toolkit Database::RESOURCE_COMPONENT", "create_time": "2015-10-15T19:56:31Z", "created_by": "battalb", "external_id": "1289674"}], "suppressed": false, "dates": [{"lock_version": 0, "system_mtime": "2015-10-15T19:56:31Z", "begin": "1923", "end": "1923", "jsonmodel_type": "date", "date_type": "inclusive", "user_mtime": "2015-10-15T19:56:31Z", "last_modified_by": "battalb", "label": "creation", "create_time": "2015-10-15T19:56:31Z", "created_by": "battalb", "expression": "1923 December 15"}], "resource": {"ref": "/repositories/2/resources/99"}, "level": "file", "notes": [], "uri": "/repositories/2/archival_objects/30773", "last_modified_by": "battalb", "restrictions_apply": false, "position": 23}