{"lock_version": 0, "system_mtime": "2015-09-18T18:56:39Z", "extents": [], "jsonmodel_type": "archival_object", "ref_id": "ref10_unw", "instances": [], "create_time": "2014-12-06T04:04:28Z", "created_by": "admin", "title": "Correspondence", "display_string": "Correspondence, 1917-1919, 1959", "publish": true, "subjects": [], "external_documents": [], "linked_agents": [], "repository": {"ref": "/repositories/2"}, "has_unpublished_ancestor": false, "user_mtime": "2014-12-06T04:04:28Z", "rights_statements": [], "linked_events": [], "external_ids": [{"system_mtime": "2014-12-06T04:04:28Z", "jsonmodel_type": "external_id", "user_mtime": "2014-12-06T04:04:28Z", "last_modified_by": "admin", "source": "Archivists Toolkit Database::RESOURCE_COMPONENT", "create_time": "2014-12-06T04:04:28Z", "created_by": "admin", "external_id": "22383"}], "suppressed": false, "dates": [{"lock_version": 0, "system_mtime": "2014-12-06T04:04:28Z", "begin": "1917", "end": "1959", "jsonmodel_type": "date", "date_type": "inclusive", "user_mtime": "2014-12-06T04:04:28Z", "last_modified_by": "admin", "label": "creation", "create_time": "2014-12-06T04:04:28Z", "created_by": "admin", "expression": "1917-1919, 1959"}], "component_id": "2", "resource": {"ref": "/repositories/2/resources/100"}, "level": "series", "notes": [{"persistent_id": "f36c5e65ad577ed12a2835daba2a1542", "type": "arrangement", "subnotes": [{"content": "Arranged chronologically.", "publish": true, "jsonmodel_type": "note_text"}], "jsonmodel_type": "note_multipart", "publish": true}, {"persistent_id": "03fe7b794a25d362871ff0e92c2fc0ca", "type": "scopecontent", "subnotes": [{"content": "Materials in this section include correspondence and memos.  Subjects include the construction of the War Demonstration Hospital and the disposition of case histories.", "publish": true, "jsonmodel_type": "note_text"}], "jsonmodel_type": "note_multipart", "publish": true}, {"jsonmodel_type": "note_singlepart", "persistent_id": "7ed291ad8152b087757930caab7510f6", "publish": true, "label": "Container Summary", "content": ["2 folders"], "type": "physdesc"}], "uri": "/repositories/2/archival_objects/30813", "last_modified_by": "admin", "restrictions_apply": false, "position": 1}