{"lock_version": 1, "system_mtime": "2015-09-18T19:21:08Z", "extents": [], "jsonmodel_type": "archival_object", "ref_id": "ref61_dog", "instances": [], "create_time": "2014-12-06T10:58:45Z", "created_by": "admin", "title": "Appleget, Thomas B.", "display_string": "Appleget, Thomas B.", "publish": true, "subjects": [{"ref": "/subjects/50"}], "other_level": "Officer", "external_documents": [], "linked_agents": [], "repository": {"ref": "/repositories/2"}, "has_unpublished_ancestor": false, "user_mtime": "2015-01-23T14:23:36Z", "rights_statements": [], "linked_events": [], "external_ids": [{"system_mtime": "2015-01-23T14:23:36Z", "jsonmodel_type": "external_id", "user_mtime": "2015-01-23T14:23:36Z", "last_modified_by": "battalb", "source": "Archivists Toolkit Database::RESOURCE_COMPONENT", "create_time": "2015-01-23T14:23:36Z", "created_by": "battalb", "external_id": "986091"}], "suppressed": false, "dates": [], "resource": {"ref": "/repositories/2/resources/590"}, "level": "otherlevel", "notes": [{"subnotes": [{"content": "Died 1982.\n\n", "publish": false, "jsonmodel_type": "note_text"}], "jsonmodel_type": "note_multipart", "persistent_id": "39714981b4faa3e18304bee9d7b27880", "publish": false, "label": "Biographical/Historical note", "type": "bioghist"}], "uri": "/repositories/2/archival_objects/361464", "last_modified_by": "battalb", "restrictions_apply": false, "position": 7}