{"lock_version": 0, "system_mtime": "2015-11-21T06:17:12Z", "extents": [], "jsonmodel_type": "archival_object", "ref_id": "ref24_d0i", "instances": [{"lock_version": 0, "system_mtime": "2014-12-07T19:35:45Z", "container": {"lock_version": 0, "indicator_1": "4", "jsonmodel_type": "container", "user_mtime": "2014-12-06T10:58:44Z", "last_modified_by": "admin", "container_locations": [{"status": "current", "system_mtime": "2014-12-06 10:58:44 UTC", "ref": "/locations/1221", "user_mtime": "2014-12-06 10:58:44 UTC", "start_date": "2014-12-06"}], "type_1": "box", "create_time": "2014-12-06T10:58:44Z", "created_by": "admin", "system_mtime": "2014-12-06T10:58:44Z"}, "jsonmodel_type": "instance", "user_mtime": "2014-12-06T10:58:44Z", "last_modified_by": "admin", "instance_type": "mixed materials", "create_time": "2014-12-06T10:58:44Z", "created_by": "admin"}], "create_time": "2014-12-06T10:58:44Z", "created_by": "admin", "parent": {"ref": "/repositories/2/archival_objects/361432"}, "display_string": "1961 December-1962", "publish": true, "subjects": [], "external_documents": [], "linked_agents": [], "repository": {"ref": "/repositories/2"}, "has_unpublished_ancestor": false, "user_mtime": "2014-12-06T10:58:44Z", "rights_statements": [], "linked_events": [], "external_ids": [{"system_mtime": "2014-12-06T10:58:44Z", "jsonmodel_type": "external_id", "user_mtime": "2014-12-06T10:58:44Z", "last_modified_by": "admin", "source": "Archivists Toolkit Database::RESOURCE_COMPONENT", "create_time": "2014-12-06T10:58:44Z", "created_by": "admin", "external_id": "986141"}], "suppressed": false, "dates": [{"lock_version": 0, "system_mtime": "2014-12-06T10:58:44Z", "begin": "1961", "end": "1962", "jsonmodel_type": "date", "date_type": "inclusive", "user_mtime": "2014-12-06T10:58:44Z", "last_modified_by": "admin", "label": "creation", "create_time": "2014-12-06T10:58:44Z", "created_by": "admin", "expression": "1961 December-1962"}], "resource": {"ref": "/repositories/2/resources/590"}, "level": "file", "notes": [], "uri": "/repositories/2/archival_objects/361434", "last_modified_by": "admin", "restrictions_apply": false, "position": 1}