{"lock_version": 1, "system_mtime": "2015-09-18T19:21:08Z", "extents": [], "jsonmodel_type": "archival_object", "ref_id": "ref33_t4o", "instances": [], "create_time": "2014-12-06T10:58:44Z", "created_by": "admin", "title": "Anderson, Richmond K.", "display_string": "Anderson, Richmond K.", "publish": true, "subjects": [], "other_level": "Officer", "external_documents": [], "linked_agents": [], "repository": {"ref": "/repositories/2"}, "has_unpublished_ancestor": false, "user_mtime": "2015-01-23T14:22:57Z", "rights_statements": [], "linked_events": [], "external_ids": [{"system_mtime": "2015-01-23T14:22:57Z", "jsonmodel_type": "external_id", "user_mtime": "2015-01-23T14:22:57Z", "last_modified_by": "battalb", "source": "Archivists Toolkit Database::RESOURCE_COMPONENT", "create_time": "2015-01-23T14:22:57Z", "created_by": "battalb", "external_id": "986113"}], "suppressed": false, "dates": [], "resource": {"ref": "/repositories/2/resources/590"}, "level": "otherlevel", "notes": [{"subnotes": [{"content": "Died circa 1990-1991.\n\n", "publish": false, "jsonmodel_type": "note_text"}], "jsonmodel_type": "note_multipart", "persistent_id": "a0f711204f33a645cfdf19c09995c87a", "publish": false, "label": "Biographical/Historical note", "type": "bioghist"}], "uri": "/repositories/2/archival_objects/361439", "last_modified_by": "battalb", "restrictions_apply": false, "position": 5}