{"lock_version": 0, "system_mtime": "2015-11-21T06:17:12Z", "extents": [], "jsonmodel_type": "archival_object", "ref_id": "ref74_po3", "instances": [{"lock_version": 0, "system_mtime": "2014-12-07T19:35:45Z", "container": {"lock_version": 0, "indicator_1": "16", "jsonmodel_type": "container", "user_mtime": "2014-12-06T10:58:46Z", "last_modified_by": "admin", "container_locations": [{"status": "current", "system_mtime": "2014-12-06 10:58:46 UTC", "ref": "/locations/1222", "user_mtime": "2014-12-06 10:58:46 UTC", "start_date": "2014-12-06"}], "type_1": "box", "create_time": "2014-12-06T10:58:46Z", "created_by": "admin", "system_mtime": "2014-12-06T10:58:46Z"}, "jsonmodel_type": "instance", "user_mtime": "2014-12-06T10:58:46Z", "last_modified_by": "admin", "instance_type": "mixed materials", "create_time": "2014-12-06T10:58:46Z", "created_by": "admin"}], "create_time": "2014-12-06T10:58:46Z", "created_by": "admin", "parent": {"ref": "/repositories/2/archival_objects/361464"}, "display_string": "1941", "publish": true, "subjects": [{"ref": "/subjects/50"}], "external_documents": [], "linked_agents": [], "repository": {"ref": "/repositories/2"}, "has_unpublished_ancestor": false, "user_mtime": "2014-12-06T10:58:46Z", "rights_statements": [], "linked_events": [], "external_ids": [{"system_mtime": "2014-12-06T10:58:46Z", "jsonmodel_type": "external_id", "user_mtime": "2014-12-06T10:58:46Z", "last_modified_by": "admin", "source": "Archivists Toolkit Database::RESOURCE_COMPONENT", "create_time": "2014-12-06T10:58:46Z", "created_by": "admin", "external_id": "986098"}], "suppressed": false, "dates": [{"lock_version": 0, "system_mtime": "2014-12-06T10:58:46Z", "begin": "1941", "end": "1941", "jsonmodel_type": "date", "date_type": "inclusive", "user_mtime": "2014-12-06T10:58:46Z", "last_modified_by": "admin", "label": "creation", "create_time": "2014-12-06T10:58:46Z", "created_by": "admin", "expression": "1941"}], "resource": {"ref": "/repositories/2/resources/590"}, "level": "file", "notes": [], "uri": "/repositories/2/archival_objects/361477", "last_modified_by": "admin", "restrictions_apply": false, "position": 12}