{"lock_version": 1, "system_mtime": "2015-09-18T19:21:08Z", "extents": [], "jsonmodel_type": "archival_object", "ref_id": "ref86_wek", "instances": [], "create_time": "2014-12-06T10:58:46Z", "created_by": "admin", "title": "Arnold, Virginia", "display_string": "Arnold, Virginia", "publish": true, "subjects": [{"ref": "/subjects/46"}, {"ref": "/subjects/253"}], "other_level": "Officer", "external_documents": [], "linked_agents": [], "repository": {"ref": "/repositories/2"}, "has_unpublished_ancestor": false, "user_mtime": "2015-01-23T14:24:14Z", "rights_statements": [], "linked_events": [], "external_ids": [{"system_mtime": "2015-01-23T14:24:14Z", "jsonmodel_type": "external_id", "user_mtime": "2015-01-23T14:24:14Z", "last_modified_by": "battalb", "source": "Archivists Toolkit Database::RESOURCE_COMPONENT", "create_time": "2015-01-23T14:24:14Z", "created_by": "battalb", "external_id": "986077"}], "suppressed": false, "dates": [], "resource": {"ref": "/repositories/2/resources/590"}, "level": "otherlevel", "notes": [{"subnotes": [{"content": "Arnold was born in 1907 and died in 1989.\n\n", "publish": false, "jsonmodel_type": "note_text"}], "jsonmodel_type": "note_multipart", "persistent_id": "0ece96d0f816306730118674d1f45800", "publish": false, "label": "Biographical/Historical note", "type": "bioghist"}], "uri": "/repositories/2/archival_objects/361486", "last_modified_by": "battalb", "restrictions_apply": false, "position": 9}