{
  "jsonmodel_type": "resource_tree",
  "title": "Council on Foundations, Inc. records",
  "instance_types": [],
  "record_uri": "/repositories/2/resources/104",
  "level": "collection",
  "publish": true,
  "id": 104,
  "node_type": "resource",
  "finding_aid_filing_title": "Council on Foundations, Inc. records",
  "suppressed": false,
  "children": [{
    "title": "Tax Reform Files, 1954-1978, bulk 1968-1978",
    "instance_types": [],
    "record_uri": "/repositories/2/archival_objects/36441",
    "level": "series",
    "publish": true,
    "children": [{
      "title": "Articles, 1967, 1969",
      "instance_types": [],
      "record_uri": "/repositories/2/archival_objects/36442",
      "level": "file",
      "publish": true,
      "children": [],
      "node_type": "archival_object",
      "has_children": false,
      "suppressed": false,
      "id": 36442,
      "containers": []
    }, {
      "title": "Articles, 1967, 1969",
      "instance_types": [],
      "record_uri": "/repositories/2/archival_objects/36443",
      "level": "file",
      "publish": true,
      "children": [],
      "node_type": "archival_object",
      "has_children": false,
      "suppressed": false,
      "id": 36443,
      "containers": []
    }, {
      "title": "Articles, 1970-1976",
      "instance_types": [],
      "record_uri": "/repositories/2/archival_objects/36444",
      "level": "file",
      "publish": true,
      "children": [],
      "node_type": "archival_object",
      "has_children": false,
      "suppressed": false,
      "id": 36444,
      "containers": []
    }, {
      "title": "Effects - Excise Tax, 1972-1978",
      "instance_types": [],
      "record_uri": "/repositories/2/archival_objects/36445",
      "level": "file",
      "publish": true,
      "children": [],
      "node_type": "archival_object",
      "has_children": false,
      "suppressed": false,
      "id": 36445,
      "containers": []
    }, {
      "title": "Effects - General, 1969-1976, 1978",
      "instance_types": [],
      "record_uri": "/repositories/2/archival_objects/36446",
      "level": "file",
      "publish": true,
      "children": [],
      "node_type": "archival_object",
      "has_children": false,
      "suppressed": false,
      "id": 36446,
      "containers": []
    }, {
      "title": "Effects - Gifts to 501(c)(3) Groups, 1971",
      "instance_types": [],
      "record_uri": "/repositories/2/archival_objects/36447",
      "level": "file",
      "publish": true,
      "children": [],
      "node_type": "archival_object",
      "has_children": false,
      "suppressed": false,
      "id": 36447,
      "containers": []
    }, {
      "title": "Effects - Grants, 1969-1972",
      "instance_types": [],
      "record_uri": "/repositories/2/archival_objects/36448",
      "level": "file",
      "publish": true,
      "children": [],
      "node_type": "archival_object",
      "has_children": false,
      "suppressed": false,
      "id": 36448,
      "containers": []
    }, {
      "title": "Effects - Minimum Distribution Rule (Ture Study), 1973",
      "instance_types": [],
      "record_uri": "/repositories/2/archival_objects/36449",
      "level": "file",
      "publish": true,
      "children": [],
      "node_type": "archival_object",
      "has_children": false,
      "suppressed": false,
      "id": 36449,
      "containers": []
    }, {
      "title": "Effects - Religious Groups, 1972",
      "instance_types": [],
      "record_uri": "/repositories/2/archival_objects/36450",
      "level": "file",
      "publish": true,
      "children": [],
      "node_type": "archival_object",
      "has_children": false,
      "suppressed": false,
      "id": 36450,
      "containers": []
    }, {
      "title": "Effects - Termination Tax, 1970-1972",
      "instance_types": [],
      "record_uri": "/repositories/2/archival_objects/36451",
      "level": "file",
      "publish": true,
      "children": [],
      "node_type": "archival_object",
      "has_children": false,
      "suppressed": false,
      "id": 36451,
      "containers": []
    }, {
      "title": "Foundations - General, 1965-1966",
      "instance_types": [],
      "record_uri": "/repositories/2/archival_objects/36452",
      "level": "file",
      "publish": true,
      "children": [],
      "node_type": "archival_object",
      "has_children": false,
      "suppressed": false,
      "id": 36452,
      "containers": []
    }, {
      "title": "Foundations - General, 1969-1970",
      "instance_types": [],
      "record_uri": "/repositories/2/archival_objects/36453",
      "level": "file",
      "publish": true,
      "children": [],
      "node_type": "archival_object",
      "has_children": false,
      "suppressed": false,
      "id": 36453,
      "containers": []
    }, {
      "title": "Foundations - Lobbying, 1968",
      "instance_types": [],
      "record_uri": "/repositories/2/archival_objects/36454",
      "level": "file",
      "publish": true,
      "children": [],
      "node_type": "archival_object",
      "has_children": false,
      "suppressed": false,
      "id": 36454,
      "containers": []
    }, {
      "title": "General, 1970-1972",
      "instance_types": [],
      "record_uri": "/repositories/2/archival_objects/36455",
      "level": "file",
      "publish": true,
      "children": [],
      "node_type": "archival_object",
      "has_children": false,
      "suppressed": false,
      "id": 36455,
      "containers": []
    }, {
      "title": "General, 1973, 1975",
      "instance_types": [],
      "record_uri": "/repositories/2/archival_objects/36456",
      "level": "file",
      "publish": true,
      "children": [],
      "node_type": "archival_object",
      "has_children": false,
      "suppressed": false,
      "id": 36456,
      "containers": []
    }, {
      "title": "Grants to Individuals, 1968-1970",
      "instance_types": [],
      "record_uri": "/repositories/2/archival_objects/36457",
      "level": "file",
      "publish": true,
      "children": [],
      "node_type": "archival_object",
      "has_children": false,
      "suppressed": false,
      "id": 36457,
      "containers": []
    }, {
      "title": "Internal Revenue Service Code Revisions - Section 4944, 1970-1971",
      "instance_types": [],
      "record_uri": "/repositories/2/archival_objects/36458",
      "level": "file",
      "publish": true,
      "children": [],
      "node_type": "archival_object",
      "has_children": false,
      "suppressed": false,
      "id": 36458,
      "containers": []
    }, {
      "title": "Internal Revenue Service Code Revisions - Section 4944, 1970-1971",
      "instance_types": [],
      "record_uri": "/repositories/2/archival_objects/36459",
      "level": "file",
      "publish": true,
      "children": [],
      "node_type": "archival_object",
      "has_children": false,
      "suppressed": false,
      "id": 36459,
      "containers": []
    }, {
      "title": "Internal Revenue Service Code Revisions - Section 4945, 1971-1973",
      "instance_types": [],
      "record_uri": "/repositories/2/archival_objects/36460",
      "level": "file",
      "publish": true,
      "children": [],
      "node_type": "archival_object",
      "has_children": false,
      "suppressed": false,
      "id": 36460,
      "containers": []
    }, {
      "title": "Internal Revenue Service Code Revisions - Section 4945 - Draft, September 28, 1970",
      "instance_types": [],
      "record_uri": "/repositories/2/archival_objects/36461",
      "level": "file",
      "publish": true,
      "children": [],
      "node_type": "archival_object",
      "has_children": false,
      "suppressed": false,
      "id": 36461,
      "containers": []
    }, {
      "title": "Internal Revenue Service Code Revisions - Section 4945 - Draft, November 19, 1970",
      "instance_types": [],
      "record_uri": "/repositories/2/archival_objects/36462",
      "level": "file",
      "publish": true,
      "children": [],
      "node_type": "archival_object",
      "has_children": false,
      "suppressed": false,
      "id": 36462,
      "containers": []
    }, {
      "title": "Internal Revenue Service Code Revisions - Section 4945 - Draft, December 21, 1970",
      "instance_types": [],
      "record_uri": "/repositories/2/archival_objects/36463",
      "level": "file",
      "publish": true,
      "children": [],
      "node_type": "archival_object",
      "has_children": false,
      "suppressed": false,
      "id": 36463,
      "containers": []
    }, {
      "title": "Internal Revenue Service Code Revisions - Section 4945 - Draft, October 7, 1971",
      "instance_types": [],
      "record_uri": "/repositories/2/archival_objects/36464",
      "level": "file",
      "publish": true,
      "children": [],
      "node_type": "archival_object",
      "has_children": false,
      "suppressed": false,
      "id": 36464,
      "containers": []
    }, {
      "title": "Political Activity, 1968-1971",
      "instance_types": [],
      "record_uri": "/repositories/2/archival_objects/36465",
      "level": "file",
      "publish": true,
      "children": [],
      "node_type": "archival_object",
      "has_children": false,
      "suppressed": false,
      "id": 36465,
      "containers": []
    }, {
      "title": "Proiposed Tax Law Changes, 1971-1973",
      "instance_types": [],
      "record_uri": "/repositories/2/archival_objects/36466",
      "level": "file",
      "publish": true,
      "children": [],
      "node_type": "archival_object",
      "has_children": false,
      "suppressed": false,
      "id": 36466,
      "containers": []
    }, {
      "title": "Proiposed Tax Law Changes, 1977-1979",
      "instance_types": [],
      "record_uri": "/repositories/2/archival_objects/36467",
      "level": "file",
      "publish": true,
      "children": [],
      "node_type": "archival_object",
      "has_children": false,
      "suppressed": false,
      "id": 36467,
      "containers": []
    }, {
      "title": "Reporting Requirements, 1970-1971",
      "instance_types": [],
      "record_uri": "/repositories/2/archival_objects/36468",
      "level": "file",
      "publish": true,
      "children": [],
      "node_type": "archival_object",
      "has_children": false,
      "suppressed": false,
      "id": 36468,
      "containers": []
    }, {
      "title": "Subject Analysis - Accumulation of Income, 1963-1969",
      "instance_types": [],
      "record_uri": "/repositories/2/archival_objects/36469",
      "level": "file",
      "publish": true,
      "children": [],
      "node_type": "archival_object",
      "has_children": false,
      "suppressed": false,
      "id": 36469,
      "containers": []
    }, {
      "title": "Subject Analysis - Deductions, 1969-1970",
      "instance_types": [],
      "record_uri": "/repositories/2/archival_objects/36470",
      "level": "file",
      "publish": true,
      "children": [],
      "node_type": "archival_object",
      "has_children": false,
      "suppressed": false,
      "id": 36470,
      "containers": []
    }, {
      "title": "Subject Analysis - Definition Problems, 1970",
      "instance_types": [],
      "record_uri": "/repositories/2/archival_objects/36471",
      "level": "file",
      "publish": true,
      "children": [],
      "node_type": "archival_object",
      "has_children": false,
      "suppressed": false,
      "id": 36471,
      "containers": []
    }, {
      "title": "Subject Analysis - Expenditure Responsibility, 1970",
      "instance_types": [],
      "record_uri": "/repositories/2/archival_objects/36472",
      "level": "file",
      "publish": true,
      "children": [],
      "node_type": "archival_object",
      "has_children": false,
      "suppressed": false,
      "id": 36472,
      "containers": []
    }, {
      "title": "Subject Analysis - Investment Income, 1969-1971",
      "instance_types": [],
      "record_uri": "/repositories/2/archival_objects/36473",
      "level": "file",
      "publish": true,
      "children": [],
      "node_type": "archival_object",
      "has_children": false,
      "suppressed": false,
      "id": 36473,
      "containers": []
    }, {
      "title": "Subject Analysis - Investments and Program-Related Investments, 1968-1971",
      "instance_types": [],
      "record_uri": "/repositories/2/archival_objects/36474",
      "level": "file",
      "publish": true,
      "children": [],
      "node_type": "archival_object",
      "has_children": false,
      "suppressed": false,
      "id": 36474,
      "containers": []
    }, {
      "title": "Subject Analysis - Limited Life for Foundations, 1969",
      "instance_types": [],
      "record_uri": "/repositories/2/archival_objects/36475",
      "level": "file",
      "publish": true,
      "children": [],
      "node_type": "archival_object",
      "has_children": false,
      "suppressed": false,
      "id": 36475,
      "containers": []
    }, {
      "title": "Subject Analysis - Self-Dealing, 1969, 1970",
      "instance_types": [],
      "record_uri": "/repositories/2/archival_objects/36476",
      "level": "file",
      "publish": true,
      "children": [],
      "node_type": "archival_object",
      "has_children": false,
      "suppressed": false,
      "id": 36476,
      "containers": []
    }, {
      "title": "Subject Analysis - Unrelated Business Income, 1964-1970",
      "instance_types": [],
      "record_uri": "/repositories/2/archival_objects/36477",
      "level": "file",
      "publish": true,
      "children": [],
      "node_type": "archival_object",
      "has_children": false,
      "suppressed": false,
      "id": 36477,
      "containers": []
    }, {
      "title": "Tax Reform Act of 1969 - Effects, 1969-1978",
      "instance_types": [],
      "record_uri": "/repositories/2/archival_objects/36478",
      "level": "file",
      "publish": true,
      "children": [],
      "node_type": "archival_object",
      "has_children": false,
      "suppressed": false,
      "id": 36478,
      "containers": []
    }, {
      "title": "Tax Reform Act of 1969 - Effects, circa 1971",
      "instance_types": [],
      "record_uri": "/repositories/2/archival_objects/36479",
      "level": "file",
      "publish": true,
      "children": [],
      "node_type": "archival_object",
      "has_children": false,
      "suppressed": false,
      "id": 36479,
      "containers": []
    }, {
      "title": "Tax Reform Act of 1969 - Effects, circa 1975",
      "instance_types": [],
      "record_uri": "/repositories/2/archival_objects/36480",
      "level": "file",
      "publish": true,
      "children": [],
      "node_type": "archival_object",
      "has_children": false,
      "suppressed": false,
      "id": 36480,
      "containers": []
    }, {
      "title": "Tax Reform Act of 1969 - Effects - Labovitz Study, circa 1972",
      "instance_types": [],
      "record_uri": "/repositories/2/archival_objects/36481",
      "level": "file",
      "publish": true,
      "children": [],
      "node_type": "archival_object",
      "has_children": false,
      "suppressed": false,
      "id": 36481,
      "containers": []
    }, {
      "title": "Tax Reform Act of 1969 - Effects - Lore Study, 1974, 1975",
      "instance_types": [],
      "record_uri": "/repositories/2/archival_objects/36482",
      "level": "file",
      "publish": true,
      "children": [],
      "node_type": "archival_object",
      "has_children": false,
      "suppressed": false,
      "id": 36482,
      "containers": []
    }, {
      "title": "Tax Reform Act of 1976 - Articles, 1976",
      "instance_types": [],
      "record_uri": "/repositories/2/archival_objects/36483",
      "level": "file",
      "publish": true,
      "children": [],
      "node_type": "archival_object",
      "has_children": false,
      "suppressed": false,
      "id": 36483,
      "containers": []
    }, {
      "title": "Tax Reform Act of 1976 - Effects, 1975-1977",
      "instance_types": [],
      "record_uri": "/repositories/2/archival_objects/36484",
      "level": "file",
      "publish": true,
      "children": [],
      "node_type": "archival_object",
      "has_children": false,
      "suppressed": false,
      "id": 36484,
      "containers": []
    }, {
      "title": "U. S. Congress - House of Representatives - Bills, 1969",
      "instance_types": [],
      "record_uri": "/repositories/2/archival_objects/36485",
      "level": "file",
      "publish": true,
      "children": [],
      "node_type": "archival_object",
      "has_children": false,
      "suppressed": false,
      "id": 36485,
      "containers": []
    }, {
      "title": "U. S. Congress - House of Representatives - Clay Brown Bill, 1966, 1969",
      "instance_types": [],
      "record_uri": "/repositories/2/archival_objects/36486",
      "level": "file",
      "publish": true,
      "children": [],
      "node_type": "archival_object",
      "has_children": false,
      "suppressed": false,
      "id": 36486,
      "containers": []
    }, {
      "title": "U. S. Congress - House of Representatives - Cleveland Bills (H.R. 15847, H.R. 15848), 1972-1973",
      "instance_types": [],
      "record_uri": "/repositories/2/archival_objects/36487",
      "level": "file",
      "publish": true,
      "children": [],
      "node_type": "archival_object",
      "has_children": false,
      "suppressed": false,
      "id": 36487,
      "containers": []
    }, {
      "title": "U. S. Congress - House of Representatives - Corman Bill (H.R. 11058, H.R. 1040), 1971-1973",
      "instance_types": [],
      "record_uri": "/repositories/2/archival_objects/36488",
      "level": "file",
      "publish": true,
      "children": [],
      "node_type": "archival_object",
      "has_children": false,
      "suppressed": false,
      "id": 36488,
      "containers": []
    }, {
      "title": "U. S. Congress - House of Representatives - Emergency Home Finance Act (H.R. 17495), 1970",
      "instance_types": [],
      "record_uri": "/repositories/2/archival_objects/36489",
      "level": "file",
      "publish": true,
      "children": [],
      "node_type": "archival_object",
      "has_children": false,
      "suppressed": false,
      "id": 36489,
      "containers": []
    }, {
      "title": "U. S. Congress - House of Representatives - Floor Debates, 1969",
      "instance_types": [],
      "record_uri": "/repositories/2/archival_objects/36490",
      "level": "file",
      "publish": true,
      "children": [],
      "node_type": "archival_object",
      "has_children": false,
      "suppressed": false,
      "id": 36490,
      "containers": []
    }, {
      "title": "U. S. Congress - House of Representatives - Miscellany, 1959-1966",
      "instance_types": [],
      "record_uri": "/repositories/2/archival_objects/36491",
      "level": "file",
      "publish": true,
      "children": [],
      "node_type": "archival_object",
      "has_children": false,
      "suppressed": false,
      "id": 36491,
      "containers": []
    }, {
      "title": "U. S. Congress - House of Representatives - Nixon Proposals, April 1969",
      "instance_types": [],
      "record_uri": "/repositories/2/archival_objects/36492",
      "level": "file",
      "publish": true,
      "children": [],
      "node_type": "archival_object",
      "has_children": false,
      "suppressed": false,
      "id": 36492,
      "containers": []
    }, {
      "title": "U. S. Congress - House of Representatives - Schneebeli Bill (H.R. 11197), 1972",
      "instance_types": [],
      "record_uri": "/repositories/2/archival_objects/36493",
      "level": "file",
      "publish": true,
      "children": [],
      "node_type": "archival_object",
      "has_children": false,
      "suppressed": false,
      "id": 36493,
      "containers": []
    }, {
      "title": "U. S. Congress - House of Representatives - Ullman Bill (H.R. 13720), 1972-1973",
      "instance_types": [],
      "record_uri": "/repositories/2/archival_objects/36494",
      "level": "file",
      "publish": true,
      "children": [],
      "node_type": "archival_object",
      "has_children": false,
      "suppressed": false,
      "id": 36494,
      "containers": []
    }, {
      "title": "U. S. Congress - House of Representatives - Ways and Means Committee, 1969, 1974-1976",
      "instance_types": [],
      "record_uri": "/repositories/2/archival_objects/36495",
      "level": "file",
      "publish": true,
      "children": [],
      "node_type": "archival_object",
      "has_children": false,
      "suppressed": false,
      "id": 36495,
      "containers": []
    }, {
      "title": "U. S. Congress - House of Representatives - Ways and Means Committee - Briefing, 1975",
      "instance_types": [],
      "record_uri": "/repositories/2/archival_objects/36496",
      "level": "file",
      "publish": true,
      "children": [],
      "node_type": "archival_object",
      "has_children": false,
      "suppressed": false,
      "id": 36496,
      "containers": []
    }, {
      "title": "U. S. Congress - House of Representatives - Ways and Means Committee - Hearings, 1975",
      "instance_types": [],
      "record_uri": "/repositories/2/archival_objects/36497",
      "level": "file",
      "publish": true,
      "children": [],
      "node_type": "archival_object",
      "has_children": false,
      "suppressed": false,
      "id": 36497,
      "containers": []
    }, {
      "title": "U. S. Congress - House of Representatives - Ways and Means Committee - Hearings Analysis, 1969",
      "instance_types": [],
      "record_uri": "/repositories/2/archival_objects/36498",
      "level": "file",
      "publish": true,
      "children": [],
      "node_type": "archival_object",
      "has_children": false,
      "suppressed": false,
      "id": 36498,
      "containers": []
    }, {
      "title": "U. S. Congress - House of Representatives - Ways and Means Committee - Members, 1969",
      "instance_types": [],
      "record_uri": "/repositories/2/archival_objects/36499",
      "level": "file",
      "publish": true,
      "children": [],
      "node_type": "archival_object",
      "has_children": false,
      "suppressed": false,
      "id": 36499,
      "containers": []
    }, {
      "title": "U. S. Congress - House of Representatives - Ways and Means Committee - Press Releases, 1969",
      "instance_types": [],
      "record_uri": "/repositories/2/archival_objects/36500",
      "level": "file",
      "publish": true,
      "children": [],
      "node_type": "archival_object",
      "has_children": false,
      "suppressed": false,
      "id": 36500,
      "containers": []
    }, {
      "title": "U. S. Congress - House of Representatives - Ways and Means Committee - Staff Meetings, 1969",
      "instance_types": [],
      "record_uri": "/repositories/2/archival_objects/36501",
      "level": "file",
      "publish": true,
      "children": [],
      "node_type": "archival_object",
      "has_children": false,
      "suppressed": false,
      "id": 36501,
      "containers": []
    }, {
      "title": "U. S. Congress - Investigations of Foundations, 1952, 1954, 1969",
      "instance_types": [],
      "record_uri": "/repositories/2/archival_objects/36502",
      "level": "file",
      "publish": true,
      "children": [],
      "node_type": "archival_object",
      "has_children": false,
      "suppressed": false,
      "id": 36502,
      "containers": []
    }, {
      "title": "U. S. Congress - Joint Committee on Internal Revenue Taxation, 1959-1970",
      "instance_types": [],
      "record_uri": "/repositories/2/archival_objects/36503",
      "level": "file",
      "publish": true,
      "children": [],
      "node_type": "archival_object",
      "has_children": false,
      "suppressed": false,
      "id": 36503,
      "containers": []
    }, {
      "title": "U. S. Congress - Relationship with Foundations, 1974-1976",
      "instance_types": [],
      "record_uri": "/repositories/2/archival_objects/36504",
      "level": "file",
      "publish": true,
      "children": [],
      "node_type": "archival_object",
      "has_children": false,
      "suppressed": false,
      "id": 36504,
      "containers": []
    }, {
      "title": "U. S. Congress - Senate - Bills and Amendments, 1969",
      "instance_types": [],
      "record_uri": "/repositories/2/archival_objects/36505",
      "level": "file",
      "publish": true,
      "children": [],
      "node_type": "archival_object",
      "has_children": false,
      "suppressed": false,
      "id": 36505,
      "containers": []
    }, {
      "title": "U. S. Congress - Senate - Finance Committee, 1969",
      "instance_types": [],
      "record_uri": "/repositories/2/archival_objects/36506",
      "level": "file",
      "publish": true,
      "children": [],
      "node_type": "archival_object",
      "has_children": false,
      "suppressed": false,
      "id": 36506,
      "containers": []
    }, {
      "title": "U. S. Congress - Senate - Finance Committee - Hearings, 1969",
      "instance_types": [],
      "record_uri": "/repositories/2/archival_objects/36507",
      "level": "file",
      "publish": true,
      "children": [],
      "node_type": "archival_object",
      "has_children": false,
      "suppressed": false,
      "id": 36507,
      "containers": []
    }, {
      "title": "U. S. Congress - Senate - Finance Committee - Hearings, 1969",
      "instance_types": [],
      "record_uri": "/repositories/2/archival_objects/36508",
      "level": "file",
      "publish": true,
      "children": [],
      "node_type": "archival_object",
      "has_children": false,
      "suppressed": false,
      "id": 36508,
      "containers": []
    }, {
      "title": "U. S. Congress - Senate - Finance Committee - (Hartke) Subcommittee on Foundations, October-November 1974",
      "instance_types": [],
      "record_uri": "/repositories/2/archival_objects/36509",
      "level": "file",
      "publish": true,
      "children": [],
      "node_type": "archival_object",
      "has_children": false,
      "suppressed": false,
      "id": 36509,
      "containers": []
    }, {
      "title": "U. S. Congress - Senate - Finance Committee - Hearing, June 3, 1974",
      "instance_types": [],
      "record_uri": "/repositories/2/archival_objects/36510",
      "level": "file",
      "publish": true,
      "children": [],
      "node_type": "archival_object",
      "has_children": false,
      "suppressed": false,
      "id": 36510,
      "containers": []
    }, {
      "title": "U. S. Congress - Senate - Floor Debates, 1969",
      "instance_types": [],
      "record_uri": "/repositories/2/archival_objects/36511",
      "level": "file",
      "publish": true,
      "children": [],
      "node_type": "archival_object",
      "has_children": false,
      "suppressed": false,
      "id": 36511,
      "containers": []
    }, {
      "title": "U. S. Congress - Senate - Muskie-Scott Bill (S. 3063), 1971-1973",
      "instance_types": [],
      "record_uri": "/repositories/2/archival_objects/36512",
      "level": "file",
      "publish": true,
      "children": [],
      "node_type": "archival_object",
      "has_children": false,
      "suppressed": false,
      "id": 36512,
      "containers": []
    }, {
      "title": "U. S. Congress - Senate - Statements and Contacts, 1969-1970",
      "instance_types": [],
      "record_uri": "/repositories/2/archival_objects/36513",
      "level": "file",
      "publish": true,
      "children": [],
      "node_type": "archival_object",
      "has_children": false,
      "suppressed": false,
      "id": 36513,
      "containers": []
    }, {
      "title": "U. S. Congress - Senate - Williams Bill (S. 2075), 1969",
      "instance_types": [],
      "record_uri": "/repositories/2/archival_objects/36514",
      "level": "file",
      "publish": true,
      "children": [],
      "node_type": "archival_object",
      "has_children": false,
      "suppressed": false,
      "id": 36514,
      "containers": []
    }, {
      "title": "U. S. Congress - Senate - Williams Bill (S. 2075), 1969",
      "instance_types": [],
      "record_uri": "/repositories/2/archival_objects/36515",
      "level": "file",
      "publish": true,
      "children": [],
      "node_type": "archival_object",
      "has_children": false,
      "suppressed": false,
      "id": 36515,
      "containers": []
    }, {
      "title": "U. S. Congress - Senate - Williams Bill (S. 2075), 1969",
      "instance_types": [],
      "record_uri": "/repositories/2/archival_objects/36516",
      "level": "file",
      "publish": true,
      "children": [],
      "node_type": "archival_object",
      "has_children": false,
      "suppressed": false,
      "id": 36516,
      "containers": []
    }, {
      "title": "U. S. Congress - Senate - Williams Bill (S. 2075) - Survey and Responses, 1969",
      "instance_types": [],
      "record_uri": "/repositories/2/archival_objects/36517",
      "level": "file",
      "publish": true,
      "children": [],
      "node_type": "archival_object",
      "has_children": false,
      "suppressed": false,
      "id": 36517,
      "containers": []
    }, {
      "title": "U. S. Congress - Treasury Department Studies and Proposals, February 1969",
      "instance_types": [],
      "record_uri": "/repositories/2/archival_objects/36518",
      "level": "file",
      "publish": true,
      "children": [],
      "node_type": "archival_object",
      "has_children": false,
      "suppressed": false,
      "id": 36518,
      "containers": []
    }],
    "node_type": "archival_object",
    "has_children": true,
    "suppressed": false,
    "id": 36441,
    "containers": []
  }, {
    "title": "Commission on Private Philanthropy and Public Needs, 1973-1978",
    "instance_types": [],
    "record_uri": "/repositories/2/archival_objects/36519",
    "level": "series",
    "publish": true,
    "children": [{
      "title": "Accounting Advisory Committee Report, October 1974",
      "instance_types": [],
      "record_uri": "/repositories/2/archival_objects/36520",
      "level": "file",
      "publish": true,
      "children": [],
      "node_type": "archival_object",
      "has_children": false,
      "suppressed": false,
      "id": 36520,
      "containers": []
    }, {
      "title": "Coalition for Public Good Statement, 1974",
      "instance_types": [],
      "record_uri": "/repositories/2/archival_objects/36521",
      "level": "file",
      "publish": true,
      "children": [],
      "node_type": "archival_object",
      "has_children": false,
      "suppressed": false,
      "id": 36521,
      "containers": []
    }, {
      "title": "Contributors List, 1978",
      "instance_types": [],
      "record_uri": "/repositories/2/archival_objects/36522",
      "level": "file",
      "publish": true,
      "children": [],
      "node_type": "archival_object",
      "has_children": false,
      "suppressed": false,
      "id": 36522,
      "containers": []
    }, {
      "title": "Correspondence, November 1972 - December 1973",
      "instance_types": [],
      "record_uri": "/repositories/2/archival_objects/36523",
      "level": "file",
      "publish": true,
      "children": [],
      "node_type": "archival_object",
      "has_children": false,
      "suppressed": false,
      "id": 36523,
      "containers": []
    }, {
      "title": "Correspondence, January-May 1974",
      "instance_types": [],
      "record_uri": "/repositories/2/archival_objects/36524",
      "level": "file",
      "publish": true,
      "children": [],
      "node_type": "archival_object",
      "has_children": false,
      "suppressed": false,
      "id": 36524,
      "containers": []
    }, {
      "title": "Correspondence, June-August 1974",
      "instance_types": [],
      "record_uri": "/repositories/2/archival_objects/36525",
      "level": "file",
      "publish": true,
      "children": [],
      "node_type": "archival_object",
      "has_children": false,
      "suppressed": false,
      "id": 36525,
      "containers": []
    }, {
      "title": "Correspondence, September-December 1974",
      "instance_types": [],
      "record_uri": "/repositories/2/archival_objects/36526",
      "level": "file",
      "publish": true,
      "children": [],
      "node_type": "archival_object",
      "has_children": false,
      "suppressed": false,
      "id": 36526,
      "containers": []
    }, {
      "title": "Correspondence, January-March 1975",
      "instance_types": [],
      "record_uri": "/repositories/2/archival_objects/36527",
      "level": "file",
      "publish": true,
      "children": [],
      "node_type": "archival_object",
      "has_children": false,
      "suppressed": false,
      "id": 36527,
      "containers": []
    }, {
      "title": "Correspondence, April-May 1975",
      "instance_types": [],
      "record_uri": "/repositories/2/archival_objects/36528",
      "level": "file",
      "publish": true,
      "children": [],
      "node_type": "archival_object",
      "has_children": false,
      "suppressed": false,
      "id": 36528,
      "containers": []
    }, {
      "title": "Correspondence, June-December 1975",
      "instance_types": [],
      "record_uri": "/repositories/2/archival_objects/36529",
      "level": "file",
      "publish": true,
      "children": [],
      "node_type": "archival_object",
      "has_children": false,
      "suppressed": false,
      "id": 36529,
      "containers": []
    }, {
      "title": "Correspondence, 1976",
      "instance_types": [],
      "record_uri": "/repositories/2/archival_objects/36530",
      "level": "file",
      "publish": true,
      "children": [],
      "node_type": "archival_object",
      "has_children": false,
      "suppressed": false,
      "id": 36530,
      "containers": []
    }, {
      "title": "Meeting, January 15, 1974",
      "instance_types": [],
      "record_uri": "/repositories/2/archival_objects/36531",
      "level": "file",
      "publish": true,
      "children": [],
      "node_type": "archival_object",
      "has_children": false,
      "suppressed": false,
      "id": 36531,
      "containers": []
    }, {
      "title": "Meeting, September 10, 1975",
      "instance_types": [],
      "record_uri": "/repositories/2/archival_objects/36532",
      "level": "file",
      "publish": true,
      "children": [],
      "node_type": "archival_object",
      "has_children": false,
      "suppressed": false,
      "id": 36532,
      "containers": []
    }, {
      "title": "National Center for Voluntary Action Report, January 1975",
      "instance_types": [],
      "record_uri": "/repositories/2/archival_objects/36533",
      "level": "file",
      "publish": true,
      "children": [],
      "node_type": "archival_object",
      "has_children": false,
      "suppressed": false,
      "id": 36533,
      "containers": []
    }, {
      "title": "Publicity, 1973-1976",
      "instance_types": [],
      "record_uri": "/repositories/2/archival_objects/36534",
      "level": "file",
      "publish": true,
      "children": [],
      "node_type": "archival_object",
      "has_children": false,
      "suppressed": false,
      "id": 36534,
      "containers": []
    }, {
      "title": "Questionnaire, 1974",
      "instance_types": [],
      "record_uri": "/repositories/2/archival_objects/36535",
      "level": "file",
      "publish": true,
      "children": [],
      "node_type": "archival_object",
      "has_children": false,
      "suppressed": false,
      "id": 36535,
      "containers": []
    }, {
      "title": "Recommendations Comparisons, undated",
      "instance_types": [],
      "record_uri": "/repositories/2/archival_objects/36536",
      "level": "file",
      "publish": true,
      "children": [],
      "node_type": "archival_object",
      "has_children": false,
      "suppressed": false,
      "id": 36536,
      "containers": []
    }, {
      "title": "Report and Recommendations of Council on Foundations (Rev.), August 1975",
      "instance_types": [],
      "record_uri": "/repositories/2/archival_objects/36537",
      "level": "file",
      "publish": true,
      "children": [],
      "node_type": "archival_object",
      "has_children": false,
      "suppressed": false,
      "id": 36537,
      "containers": []
    }, {
      "title": "Report and Recommendations of Council on Foundations (Rev.), August 1975",
      "instance_types": [],
      "record_uri": "/repositories/2/archival_objects/36538",
      "level": "file",
      "publish": true,
      "children": [],
      "node_type": "archival_object",
      "has_children": false,
      "suppressed": false,
      "id": 36538,
      "containers": []
    }, {
      "title": "Reports and Studies, October 1973-April 1974",
      "instance_types": [],
      "record_uri": "/repositories/2/archival_objects/36539",
      "level": "file",
      "publish": true,
      "children": [],
      "node_type": "archival_object",
      "has_children": false,
      "suppressed": false,
      "id": 36539,
      "containers": []
    }, {
      "title": "Reports and Studies, May 1974",
      "instance_types": [],
      "record_uri": "/repositories/2/archival_objects/36540",
      "level": "file",
      "publish": true,
      "children": [],
      "node_type": "archival_object",
      "has_children": false,
      "suppressed": false,
      "id": 36540,
      "containers": []
    }, {
      "title": "Reports and Studies, June-August 1974",
      "instance_types": [],
      "record_uri": "/repositories/2/archival_objects/36541",
      "level": "file",
      "publish": true,
      "children": [],
      "node_type": "archival_object",
      "has_children": false,
      "suppressed": false,
      "id": 36541,
      "containers": []
    }, {
      "title": "Reports and Studies, September 1974",
      "instance_types": [],
      "record_uri": "/repositories/2/archival_objects/36542",
      "level": "file",
      "publish": true,
      "children": [],
      "node_type": "archival_object",
      "has_children": false,
      "suppressed": false,
      "id": 36542,
      "containers": []
    }, {
      "title": "Reports and Studies, December 1974",
      "instance_types": [],
      "record_uri": "/repositories/2/archival_objects/36543",
      "level": "file",
      "publish": true,
      "children": [],
      "node_type": "archival_object",
      "has_children": false,
      "suppressed": false,
      "id": 36543,
      "containers": []
    }, {
      "title": "Reports and Studies, January-February 1975",
      "instance_types": [],
      "record_uri": "/repositories/2/archival_objects/36544",
      "level": "file",
      "publish": true,
      "children": [],
      "node_type": "archival_object",
      "has_children": false,
      "suppressed": false,
      "id": 36544,
      "containers": []
    }, {
      "title": "Reports and Studies, May 1975",
      "instance_types": [],
      "record_uri": "/repositories/2/archival_objects/36545",
      "level": "file",
      "publish": true,
      "children": [],
      "node_type": "archival_object",
      "has_children": false,
      "suppressed": false,
      "id": 36545,
      "containers": []
    }, {
      "title": "Reports and Studies, June 1975",
      "instance_types": [],
      "record_uri": "/repositories/2/archival_objects/36546",
      "level": "file",
      "publish": true,
      "children": [],
      "node_type": "archival_object",
      "has_children": false,
      "suppressed": false,
      "id": 36546,
      "containers": []
    }, {
      "title": "Reports and Studies, August-December 1975",
      "instance_types": [],
      "record_uri": "/repositories/2/archival_objects/36547",
      "level": "file",
      "publish": true,
      "children": [],
      "node_type": "archival_object",
      "has_children": false,
      "suppressed": false,
      "id": 36547,
      "containers": []
    }, {
      "title": "Reports and Studies - \"A Consumption-Type or Cash Flow Personal Income Tax\" (Andrews), April 1974",
      "instance_types": [],
      "record_uri": "/repositories/2/archival_objects/36548",
      "level": "file",
      "publish": true,
      "children": [],
      "node_type": "archival_object",
      "has_children": false,
      "suppressed": false,
      "id": 36548,
      "containers": []
    }, {
      "title": "Reports and Studies - Donee Group, c. 1974",
      "instance_types": [],
      "record_uri": "/repositories/2/archival_objects/36549",
      "level": "file",
      "publish": true,
      "children": [],
      "node_type": "archival_object",
      "has_children": false,
      "suppressed": false,
      "id": 36549,
      "containers": []
    }, {
      "title": "Reports and Studies - Federal Government Support for Education and Health, 1974",
      "instance_types": [],
      "record_uri": "/repositories/2/archival_objects/36550",
      "level": "file",
      "publish": true,
      "children": [],
      "node_type": "archival_object",
      "has_children": false,
      "suppressed": false,
      "id": 36550,
      "containers": []
    }, {
      "title": "Reports and Studies - \"Giving in America: Toward a Stronger Voluntary Sector\" - Summary, 1975",
      "instance_types": [],
      "record_uri": "/repositories/2/archival_objects/36551",
      "level": "file",
      "publish": true,
      "children": [],
      "node_type": "archival_object",
      "has_children": false,
      "suppressed": false,
      "id": 36551,
      "containers": []
    }, {
      "title": "Reports and Studies - \"Guide to Sponsored Research of the Commission on Private Philanthropy and Public Needs\", 1975",
      "instance_types": [],
      "record_uri": "/repositories/2/archival_objects/36552",
      "level": "file",
      "publish": true,
      "children": [],
      "node_type": "archival_object",
      "has_children": false,
      "suppressed": false,
      "id": 36552,
      "containers": []
    }, {
      "title": "Reports and Studies - \"Public Funding Agency\" (Larrabee), 1975",
      "instance_types": [],
      "record_uri": "/repositories/2/archival_objects/36553",
      "level": "file",
      "publish": true,
      "children": [],
      "node_type": "archival_object",
      "has_children": false,
      "suppressed": false,
      "id": 36553,
      "containers": []
    }, {
      "title": "Reports and Studies - Research Papers (Excerpts), 1977",
      "instance_types": [],
      "record_uri": "/repositories/2/archival_objects/36554",
      "level": "file",
      "publish": true,
      "children": [],
      "node_type": "archival_object",
      "has_children": false,
      "suppressed": false,
      "id": 36554,
      "containers": []
    }, {
      "title": "Reports and Studies - \"Taxes and Charitable Contributions\" (Feldstein), 1974",
      "instance_types": [],
      "record_uri": "/repositories/2/archival_objects/36555",
      "level": "file",
      "publish": true,
      "children": [],
      "node_type": "archival_object",
      "has_children": false,
      "suppressed": false,
      "id": 36555,
      "containers": []
    }],
    "node_type": "archival_object",
    "has_children": true,
    "suppressed": false,
    "id": 36519,
    "containers": []
  }, {
    "title": "Miscellaneous Files, 1949-1981",
    "instance_types": [],
    "record_uri": "/repositories/2/archival_objects/36556",
    "level": "series",
    "publish": true,
    "children": [{
      "title": "Council History, 1949-1979",
      "instance_types": [],
      "record_uri": "/repositories/2/archival_objects/36557",
      "level": "file",
      "publish": true,
      "children": [{
        "title": "1949-1969",
        "instance_types": [],
        "record_uri": "/repositories/2/archival_objects/36558",
        "level": "file",
        "publish": true,
        "children": [],
        "node_type": "archival_object",
        "has_children": false,
        "suppressed": false,
        "id": 36558,
        "containers": []
      }, {
        "title": "1970-1976",
        "instance_types": [],
        "record_uri": "/repositories/2/archival_objects/36559",
        "level": "file",
        "publish": true,
        "children": [],
        "node_type": "archival_object",
        "has_children": false,
        "suppressed": false,
        "id": 36559,
        "containers": []
      }, {
        "title": "1977-1981",
        "instance_types": [],
        "record_uri": "/repositories/2/archival_objects/36560",
        "level": "file",
        "publish": true,
        "children": [],
        "node_type": "archival_object",
        "has_children": false,
        "suppressed": false,
        "id": 36560,
        "containers": []
      }, {
        "title": "Corporate Documents, 1957-1978",
        "instance_types": [],
        "record_uri": "/repositories/2/archival_objects/36561",
        "level": "file",
        "publish": true,
        "children": [],
        "node_type": "archival_object",
        "has_children": false,
        "suppressed": false,
        "id": 36561,
        "containers": []
      }, {
        "title": "Expansion, 1967-1973",
        "instance_types": [],
        "record_uri": "/repositories/2/archival_objects/36562",
        "level": "file",
        "publish": true,
        "children": [],
        "node_type": "archival_object",
        "has_children": false,
        "suppressed": false,
        "id": 36562,
        "containers": []
      }, {
        "title": "Foundation Library Center Merger, 1965-1966",
        "instance_types": [],
        "record_uri": "/repositories/2/archival_objects/36563",
        "level": "file",
        "publish": true,
        "children": [],
        "node_type": "archival_object",
        "has_children": false,
        "suppressed": false,
        "id": 36563,
        "containers": []
      }, {
        "title": "Foundation Library Center Merger, 1970, 1974",
        "instance_types": [],
        "record_uri": "/repositories/2/archival_objects/36564",
        "level": "file",
        "publish": true,
        "children": [],
        "node_type": "archival_object",
        "has_children": false,
        "suppressed": false,
        "id": 36564,
        "containers": []
      }, {
        "title": "Publications, 1977-1979",
        "instance_types": [],
        "record_uri": "/repositories/2/archival_objects/36565",
        "level": "file",
        "publish": true,
        "children": [],
        "node_type": "archival_object",
        "has_children": false,
        "suppressed": false,
        "id": 36565,
        "containers": []
      }],
      "node_type": "archival_object",
      "has_children": true,
      "suppressed": false,
      "id": 36557,
      "containers": []
    }, {
      "title": "Landrum R. Bolling Files, 1977-1980",
      "instance_types": [],
      "record_uri": "/repositories/2/archival_objects/36566",
      "level": "file",
      "publish": true,
      "children": [{
        "title": "Correspondence, 1978-1979",
        "instance_types": [],
        "record_uri": "/repositories/2/archival_objects/36567",
        "level": "file",
        "publish": true,
        "children": [],
        "node_type": "archival_object",
        "has_children": false,
        "suppressed": false,
        "id": 36567,
        "containers": []
      }, {
        "title": "Correspondence, 1980, 1981",
        "instance_types": [],
        "record_uri": "/repositories/2/archival_objects/36568",
        "level": "file",
        "publish": true,
        "children": [],
        "node_type": "archival_object",
        "has_children": false,
        "suppressed": false,
        "id": 36568,
        "containers": []
      }, {
        "title": "Correspondence - Media, 1978",
        "instance_types": [],
        "record_uri": "/repositories/2/archival_objects/36569",
        "level": "file",
        "publish": true,
        "children": [],
        "node_type": "archival_object",
        "has_children": false,
        "suppressed": false,
        "id": 36569,
        "containers": []
      }, {
        "title": "Correspondence - Reading File, September 1980",
        "instance_types": [],
        "record_uri": "/repositories/2/archival_objects/36570",
        "level": "file",
        "publish": true,
        "children": [],
        "node_type": "archival_object",
        "has_children": false,
        "suppressed": false,
        "id": 36570,
        "containers": []
      }, {
        "title": "Memos, 1977-1980",
        "instance_types": [],
        "record_uri": "/repositories/2/archival_objects/36571",
        "level": "file",
        "publish": true,
        "children": [],
        "node_type": "archival_object",
        "has_children": false,
        "suppressed": false,
        "id": 36571,
        "containers": []
      }, {
        "title": "Speeches, 1977",
        "instance_types": [],
        "record_uri": "/repositories/2/archival_objects/36572",
        "level": "file",
        "publish": true,
        "children": [],
        "node_type": "archival_object",
        "has_children": false,
        "suppressed": false,
        "id": 36572,
        "containers": []
      }, {
        "title": "Speeches, February-August 1978",
        "instance_types": [],
        "record_uri": "/repositories/2/archival_objects/36573",
        "level": "file",
        "publish": true,
        "children": [],
        "node_type": "archival_object",
        "has_children": false,
        "suppressed": false,
        "id": 36573,
        "containers": []
      }, {
        "title": "Speeches, September 1978-January 1979, January 1980",
        "instance_types": [],
        "record_uri": "/repositories/2/archival_objects/36574",
        "level": "file",
        "publish": true,
        "children": [],
        "node_type": "archival_object",
        "has_children": false,
        "suppressed": false,
        "id": 36574,
        "containers": []
      }],
      "node_type": "archival_object",
      "has_children": true,
      "suppressed": false,
      "id": 36566,
      "containers": []
    }, {
      "title": "Subject Files, 1961-1980, undated",
      "instance_types": [],
      "record_uri": "/repositories/2/archival_objects/36575",
      "level": "file",
      "publish": true,
      "children": [{
        "title": "Alliance for Volunteerism, 1980",
        "instance_types": [],
        "record_uri": "/repositories/2/archival_objects/36576",
        "level": "file",
        "publish": true,
        "children": [],
        "node_type": "archival_object",
        "has_children": false,
        "suppressed": false,
        "id": 36576,
        "containers": []
      }, {
        "title": "Committee on the Foundation Field (Gardner Committee) Report, 1970, 1974-1975",
        "instance_types": [],
        "record_uri": "/repositories/2/archival_objects/36577",
        "level": "file",
        "publish": true,
        "children": [],
        "node_type": "archival_object",
        "has_children": false,
        "suppressed": false,
        "id": 36577,
        "containers": []
      }, {
        "title": "\"Community Foundations in the United States and Canada, 1914-1961\" (handbook) - Clearances, 1961",
        "instance_types": [],
        "record_uri": "/repositories/2/archival_objects/36578",
        "level": "file",
        "publish": true,
        "children": [],
        "node_type": "archival_object",
        "has_children": false,
        "suppressed": false,
        "id": 36578,
        "containers": []
      }, {
        "title": "\"Community Foundations in the United States and Canada, 1914-1961\" (handbook) - Correspondence, 1961",
        "instance_types": [],
        "record_uri": "/repositories/2/archival_objects/36579",
        "level": "file",
        "publish": true,
        "children": [],
        "node_type": "archival_object",
        "has_children": false,
        "suppressed": false,
        "id": 36579,
        "containers": []
      }, {
        "title": "\"Community Foundations in the United States and Canada, 1914-1961\" (handbook) - Production, 1961, 1965",
        "instance_types": [],
        "record_uri": "/repositories/2/archival_objects/36580",
        "level": "file",
        "publish": true,
        "children": [],
        "node_type": "archival_object",
        "has_children": false,
        "suppressed": false,
        "id": 36580,
        "containers": []
      }, {
        "title": "\"Community Trusts of America, 1914-1950\" (handbook), undated",
        "instance_types": [],
        "record_uri": "/repositories/2/archival_objects/36581",
        "level": "file",
        "publish": true,
        "children": [],
        "node_type": "archival_object",
        "has_children": false,
        "suppressed": false,
        "id": 36581,
        "containers": []
      }, {
        "title": "National Awareness Program, December 1971-September 1972",
        "instance_types": [],
        "record_uri": "/repositories/2/archival_objects/36582",
        "level": "file",
        "publish": true,
        "children": [],
        "node_type": "archival_object",
        "has_children": false,
        "suppressed": false,
        "id": 36582,
        "containers": []
      }, {
        "title": "National Awareness Program, October 1972-November 1974",
        "instance_types": [],
        "record_uri": "/repositories/2/archival_objects/36583",
        "level": "file",
        "publish": true,
        "children": [],
        "node_type": "archival_object",
        "has_children": false,
        "suppressed": false,
        "id": 36583,
        "containers": []
      }, {
        "title": "Private Voluntary Organizations Consultation, 1979",
        "instance_types": [],
        "record_uri": "/repositories/2/archival_objects/36584",
        "level": "file",
        "publish": true,
        "children": [],
        "node_type": "archival_object",
        "has_children": false,
        "suppressed": false,
        "id": 36584,
        "containers": []
      }, {
        "title": "\"Public Awareness of and Attitudes Toward Philanthropic Foundations\" (Gallup Survey), 1976",
        "instance_types": [],
        "record_uri": "/repositories/2/archival_objects/36585",
        "level": "file",
        "publish": true,
        "children": [],
        "node_type": "archival_object",
        "has_children": false,
        "suppressed": false,
        "id": 36585,
        "containers": []
      }, {
        "title": "Vice President's Task Force on Youth Employment, 1979",
        "instance_types": [],
        "record_uri": "/repositories/2/archival_objects/36586",
        "level": "file",
        "publish": true,
        "children": [],
        "node_type": "archival_object",
        "has_children": false,
        "suppressed": false,
        "id": 36586,
        "containers": []
      }],
      "node_type": "archival_object",
      "has_children": true,
      "suppressed": false,
      "id": 36575,
      "containers": []
    }],
    "node_type": "archival_object",
    "has_children": true,
    "suppressed": false,
    "id": 36556,
    "containers": []
  }],
  "containers": []
}
