{
  "jsonmodel_type": "resource_tree",
  "title": "Elvin A. Kabat papers",
  "instance_types": [],
  "record_uri": "/repositories/2/resources/108",
  "level": "collection",
  "publish": true,
  "id": 108,
  "node_type": "resource",
  "finding_aid_filing_title": "Kabat (Elvin A.) papers",
  "suppressed": false,
  "children": [{
    "title": "Personal, 1934-1988",
    "instance_types": [],
    "record_uri": "/repositories/2/archival_objects/40444",
    "level": "series",
    "publish": true,
    "children": [{
      "title": "Appointments, 1974, 1982-1983",
      "instance_types": [],
      "record_uri": "/repositories/2/archival_objects/40445",
      "level": "file",
      "publish": true,
      "children": [],
      "node_type": "archival_object",
      "has_children": false,
      "suppressed": false,
      "id": 40445,
      "containers": []
    }, {
      "title": "Dr. Max Berger, 1984",
      "instance_types": [],
      "record_uri": "/repositories/2/archival_objects/40446",
      "level": "file",
      "publish": true,
      "children": [],
      "node_type": "archival_object",
      "has_children": false,
      "suppressed": false,
      "id": 40446,
      "containers": []
    }, {
      "title": "Biographical Information, undated",
      "instance_types": [],
      "record_uri": "/repositories/2/archival_objects/40447",
      "level": "file",
      "publish": true,
      "children": [],
      "node_type": "archival_object",
      "has_children": false,
      "suppressed": false,
      "id": 40447,
      "containers": []
    }, {
      "title": "Biographical Information, undated",
      "instance_types": [],
      "record_uri": "/repositories/2/archival_objects/40448",
      "level": "file",
      "publish": true,
      "children": [],
      "node_type": "archival_object",
      "has_children": false,
      "suppressed": false,
      "id": 40448,
      "containers": []
    }, {
      "title": "Elsevier Science Publishers, 1982-1984",
      "instance_types": [],
      "record_uri": "/repositories/2/archival_objects/40449",
      "level": "file",
      "publish": true,
      "children": [],
      "node_type": "archival_object",
      "has_children": false,
      "suppressed": false,
      "id": 40449,
      "containers": []
    }, {
      "title": "Federation of American Societies for Experimental Biology, 1934-1947",
      "instance_types": [],
      "record_uri": "/repositories/2/archival_objects/40450",
      "level": "file",
      "publish": true,
      "children": [],
      "node_type": "archival_object",
      "has_children": false,
      "suppressed": false,
      "id": 40450,
      "containers": []
    }, {
      "title": "Fogarty International Center, 1972-1975, 1980",
      "instance_types": [],
      "record_uri": "/repositories/2/archival_objects/40451",
      "level": "file",
      "publish": true,
      "children": [],
      "node_type": "archival_object",
      "has_children": false,
      "suppressed": false,
      "id": 40451,
      "containers": []
    }, {
      "title": "Israel Lecture Conference, 1985-1987",
      "instance_types": [],
      "record_uri": "/repositories/2/archival_objects/40452",
      "level": "file",
      "publish": true,
      "children": [],
      "node_type": "archival_object",
      "has_children": false,
      "suppressed": false,
      "id": 40452,
      "containers": []
    }, {
      "title": "Knickerbocker Blood Bank - Dr. Amos Cohen, 1949-1951",
      "instance_types": [],
      "record_uri": "/repositories/2/archival_objects/40453",
      "level": "file",
      "publish": true,
      "children": [],
      "node_type": "archival_object",
      "has_children": false,
      "suppressed": false,
      "id": 40453,
      "containers": []
    }, {
      "title": "Letters from Sabbatical, undated",
      "instance_types": [],
      "record_uri": "/repositories/2/archival_objects/40454",
      "level": "file",
      "publish": true,
      "children": [],
      "node_type": "archival_object",
      "has_children": false,
      "suppressed": false,
      "id": 40454,
      "containers": []
    }, {
      "title": "Louisa Gross Horwitz Prize, 1977-1978",
      "instance_types": [],
      "record_uri": "/repositories/2/archival_objects/40455",
      "level": "file",
      "publish": true,
      "children": [],
      "node_type": "archival_object",
      "has_children": false,
      "suppressed": false,
      "id": 40455,
      "containers": []
    }, {
      "title": "News Releases and Correspondence, 1969-1979",
      "instance_types": [],
      "record_uri": "/repositories/2/archival_objects/40456",
      "level": "file",
      "publish": true,
      "children": [],
      "node_type": "archival_object",
      "has_children": false,
      "suppressed": false,
      "id": 40456,
      "containers": []
    }, {
      "title": "Personal Correspondence, 1980-1988",
      "instance_types": [],
      "record_uri": "/repositories/2/archival_objects/40457",
      "level": "file",
      "publish": true,
      "children": [],
      "node_type": "archival_object",
      "has_children": false,
      "suppressed": false,
      "id": 40457,
      "containers": []
    }, {
      "title": "Pierre Grabar Conference, 1986",
      "instance_types": [],
      "record_uri": "/repositories/2/archival_objects/40458",
      "level": "file",
      "publish": true,
      "children": [],
      "node_type": "archival_object",
      "has_children": false,
      "suppressed": false,
      "id": 40458,
      "containers": []
    }, {
      "title": "Publications - Book, 1979-1981, 1983-1984",
      "instance_types": [],
      "record_uri": "/repositories/2/archival_objects/40459",
      "level": "file",
      "publish": true,
      "children": [],
      "node_type": "archival_object",
      "has_children": false,
      "suppressed": false,
      "id": 40459,
      "containers": []
    }, {
      "title": "Rockefeller Foundation Correspondence, 1937-1939",
      "instance_types": [],
      "record_uri": "/repositories/2/archival_objects/40460",
      "level": "file",
      "publish": true,
      "children": [],
      "node_type": "archival_object",
      "has_children": false,
      "suppressed": false,
      "id": 40460,
      "containers": []
    }],
    "node_type": "archival_object",
    "has_children": true,
    "suppressed": false,
    "id": 40444,
    "containers": []
  }, {
    "title": "General Correspondence, 1944-1990",
    "instance_types": [],
    "record_uri": "/repositories/2/archival_objects/40461",
    "level": "series",
    "publish": true,
    "children": [{
      "title": "Dr. Pradip N. Akolkar, 1982-1985",
      "instance_types": [],
      "record_uri": "/repositories/2/archival_objects/40462",
      "level": "file",
      "publish": true,
      "children": [],
      "node_type": "archival_object",
      "has_children": false,
      "suppressed": false,
      "id": 40462,
      "containers": []
    }, {
      "title": "Dr. Howard J. Allen, 1978-1981",
      "instance_types": [],
      "record_uri": "/repositories/2/archival_objects/40463",
      "level": "file",
      "publish": true,
      "children": [],
      "node_type": "archival_object",
      "has_children": false,
      "suppressed": false,
      "id": 40463,
      "containers": []
    }, {
      "title": "American Academy of Arts and Sciences, 1967-1969",
      "instance_types": [],
      "record_uri": "/repositories/2/archival_objects/40464",
      "level": "file",
      "publish": true,
      "children": [],
      "node_type": "archival_object",
      "has_children": false,
      "suppressed": false,
      "id": 40464,
      "containers": []
    }, {
      "title": "American Society of Clinical Pathologists - Philip Levine Award, undated",
      "instance_types": [],
      "record_uri": "/repositories/2/archival_objects/40465",
      "level": "file",
      "publish": true,
      "children": [],
      "node_type": "archival_object",
      "has_children": false,
      "suppressed": false,
      "id": 40465,
      "containers": []
    }, {
      "title": "Dr. Byron Anderson - Northwestern University - The Bauman Carbohydrate Binding Prediction Program, 1977-1987",
      "instance_types": [],
      "record_uri": "/repositories/2/archival_objects/40466",
      "level": "file",
      "publish": true,
      "children": [],
      "node_type": "archival_object",
      "has_children": false,
      "suppressed": false,
      "id": 40466,
      "containers": []
    }, {
      "title": "Animals, 1979-1983",
      "instance_types": [],
      "record_uri": "/repositories/2/archival_objects/40467",
      "level": "file",
      "publish": true,
      "children": [],
      "node_type": "archival_object",
      "has_children": false,
      "suppressed": false,
      "id": 40467,
      "containers": []
    }, {
      "title": "Annual Review of Immunology, 1982, 1985, 1986",
      "instance_types": [],
      "record_uri": "/repositories/2/archival_objects/40468",
      "level": "file",
      "publish": true,
      "children": [],
      "node_type": "archival_object",
      "has_children": false,
      "suppressed": false,
      "id": 40468,
      "containers": []
    }, {
      "title": "Dr. M. Zoe Atassi, 1976-1985",
      "instance_types": [],
      "record_uri": "/repositories/2/archival_objects/40469",
      "level": "file",
      "publish": true,
      "children": [],
      "node_type": "archival_object",
      "has_children": false,
      "suppressed": false,
      "id": 40469,
      "containers": []
    }, {
      "title": "Dr. Statis Aurameas, 1976-1978",
      "instance_types": [],
      "record_uri": "/repositories/2/archival_objects/40470",
      "level": "file",
      "publish": true,
      "children": [],
      "node_type": "archival_object",
      "has_children": false,
      "suppressed": false,
      "id": 40470,
      "containers": []
    }, {
      "title": "Correspondence (A), undated",
      "instance_types": [],
      "record_uri": "/repositories/2/archival_objects/40471",
      "level": "file",
      "publish": true,
      "children": [],
      "node_type": "archival_object",
      "has_children": false,
      "suppressed": false,
      "id": 40471,
      "containers": []
    }, {
      "title": "Dr. Don A. Baker, 1984-1985",
      "instance_types": [],
      "record_uri": "/repositories/2/archival_objects/40472",
      "level": "file",
      "publish": true,
      "children": [],
      "node_type": "archival_object",
      "has_children": false,
      "suppressed": false,
      "id": 40472,
      "containers": []
    }, {
      "title": "Dr. David Baltimore, 1984-1985",
      "instance_types": [],
      "record_uri": "/repositories/2/archival_objects/40473",
      "level": "file",
      "publish": true,
      "children": [],
      "node_type": "archival_object",
      "has_children": false,
      "suppressed": false,
      "id": 40473,
      "containers": []
    }, {
      "title": "Dr. Arthur Bank, 1977-1982",
      "instance_types": [],
      "record_uri": "/repositories/2/archival_objects/40474",
      "level": "file",
      "publish": true,
      "children": [],
      "node_type": "archival_object",
      "has_children": false,
      "suppressed": false,
      "id": 40474,
      "containers": []
    }, {
      "title": "Dr. Shmuel A. Ben-Sasson, 1979-1985",
      "instance_types": [],
      "record_uri": "/repositories/2/archival_objects/40475",
      "level": "file",
      "publish": true,
      "children": [],
      "node_type": "archival_object",
      "has_children": false,
      "suppressed": false,
      "id": 40475,
      "containers": []
    }, {
      "title": "Dr. Baruj Benacerraf, 1976-1985",
      "instance_types": [],
      "record_uri": "/repositories/2/archival_objects/40476",
      "level": "file",
      "publish": true,
      "children": [],
      "node_type": "archival_object",
      "has_children": false,
      "suppressed": false,
      "id": 40476,
      "containers": []
    }, {
      "title": "Dr. Sabhas B. Bhattacharya, 1984-1986",
      "instance_types": [],
      "record_uri": "/repositories/2/archival_objects/40477",
      "level": "file",
      "publish": true,
      "children": [],
      "node_type": "archival_object",
      "has_children": false,
      "suppressed": false,
      "id": 40477,
      "containers": []
    }, {
      "title": "Dr. Dietmar G. Braun, 1977-1987",
      "instance_types": [],
      "record_uri": "/repositories/2/archival_objects/40478",
      "level": "file",
      "publish": true,
      "children": [],
      "node_type": "archival_object",
      "has_children": false,
      "suppressed": false,
      "id": 40478,
      "containers": []
    }, {
      "title": "Dr. Hagan Bretting, 1976-1985",
      "instance_types": [],
      "record_uri": "/repositories/2/archival_objects/40479",
      "level": "file",
      "publish": true,
      "children": [],
      "node_type": "archival_object",
      "has_children": false,
      "suppressed": false,
      "id": 40479,
      "containers": []
    }, {
      "title": "Correspondence (Ba-Be), undated",
      "instance_types": [],
      "record_uri": "/repositories/2/archival_objects/40480",
      "level": "file",
      "publish": true,
      "children": [],
      "node_type": "archival_object",
      "has_children": false,
      "suppressed": false,
      "id": 40480,
      "containers": []
    }, {
      "title": "Correspondence (Bi-Bu), undated",
      "instance_types": [],
      "record_uri": "/repositories/2/archival_objects/40481",
      "level": "file",
      "publish": true,
      "children": [],
      "node_type": "archival_object",
      "has_children": false,
      "suppressed": false,
      "id": 40481,
      "containers": []
    }, {
      "title": "Dr. Donald Capra - University of Texas, Dallas, 1976, 1986",
      "instance_types": [],
      "record_uri": "/repositories/2/archival_objects/40482",
      "level": "file",
      "publish": true,
      "children": [],
      "node_type": "archival_object",
      "has_children": false,
      "suppressed": false,
      "id": 40482,
      "containers": []
    }, {
      "title": "Dr. Charles Cantor, 1981-1984",
      "instance_types": [],
      "record_uri": "/repositories/2/archival_objects/40483",
      "level": "file",
      "publish": true,
      "children": [],
      "node_type": "archival_object",
      "has_children": false,
      "suppressed": false,
      "id": 40483,
      "containers": []
    }, {
      "title": "Cetus Corporation - Dr. Henry A. Erlich, 1986",
      "instance_types": [],
      "record_uri": "/repositories/2/archival_objects/40484",
      "level": "file",
      "publish": true,
      "children": [],
      "node_type": "archival_object",
      "has_children": false,
      "suppressed": false,
      "id": 40484,
      "containers": []
    }, {
      "title": "Dr. Thomas Chalmers, 1981-1982",
      "instance_types": [],
      "record_uri": "/repositories/2/archival_objects/40485",
      "level": "file",
      "publish": true,
      "children": [],
      "node_type": "archival_object",
      "has_children": false,
      "suppressed": false,
      "id": 40485,
      "containers": []
    }, {
      "title": "Dr. Hsu-Tang Chen, 1983-1988",
      "instance_types": [],
      "record_uri": "/repositories/2/archival_objects/40486",
      "level": "file",
      "publish": true,
      "children": [],
      "node_type": "archival_object",
      "has_children": false,
      "suppressed": false,
      "id": 40486,
      "containers": []
    }, {
      "title": "Dr. Shu Chien, 1978-1983",
      "instance_types": [],
      "record_uri": "/repositories/2/archival_objects/40487",
      "level": "file",
      "publish": true,
      "children": [],
      "node_type": "archival_object",
      "has_children": false,
      "suppressed": false,
      "id": 40487,
      "containers": []
    }, {
      "title": "Chinese Society of Hematology - Dr. Che'n Wen-Chieh, 1984, 1985",
      "instance_types": [],
      "record_uri": "/repositories/2/archival_objects/40488",
      "level": "file",
      "publish": true,
      "children": [],
      "node_type": "archival_object",
      "has_children": false,
      "suppressed": false,
      "id": 40488,
      "containers": []
    }, {
      "title": "Dr. John Cisar, 1975-1984",
      "instance_types": [],
      "record_uri": "/repositories/2/archival_objects/40489",
      "level": "file",
      "publish": true,
      "children": [],
      "node_type": "archival_object",
      "has_children": false,
      "suppressed": false,
      "id": 40489,
      "containers": []
    }, {
      "title": "CODATA Conference, undated",
      "instance_types": [],
      "record_uri": "/repositories/2/archival_objects/40490",
      "level": "file",
      "publish": true,
      "children": [],
      "node_type": "archival_object",
      "has_children": false,
      "suppressed": false,
      "id": 40490,
      "containers": []
    }, {
      "title": "Columbia University, 1977-1981",
      "instance_types": [],
      "record_uri": "/repositories/2/archival_objects/40491",
      "level": "file",
      "publish": true,
      "children": [],
      "node_type": "archival_object",
      "has_children": false,
      "suppressed": false,
      "id": 40491,
      "containers": []
    }, {
      "title": "Controller's Office - Business Office - Mr. Lee Coyle, 1976-1981",
      "instance_types": [],
      "record_uri": "/repositories/2/archival_objects/40492",
      "level": "file",
      "publish": true,
      "children": [],
      "node_type": "archival_object",
      "has_children": false,
      "suppressed": false,
      "id": 40492,
      "containers": []
    }, {
      "title": "Dr. Audrey Cohen and Dr. Michael Heidelberger, 1980-1985",
      "instance_types": [],
      "record_uri": "/repositories/2/archival_objects/40493",
      "level": "file",
      "publish": true,
      "children": [],
      "node_type": "archival_object",
      "has_children": false,
      "suppressed": false,
      "id": 40493,
      "containers": []
    }, {
      "title": "Cyfoger Certification - Dr. John Rockwell, 1986",
      "instance_types": [],
      "record_uri": "/repositories/2/archival_objects/40494",
      "level": "file",
      "publish": true,
      "children": [],
      "node_type": "archival_object",
      "has_children": false,
      "suppressed": false,
      "id": 40494,
      "containers": []
    }, {
      "title": "Correspondence (Ca-Ci), undated",
      "instance_types": [],
      "record_uri": "/repositories/2/archival_objects/40495",
      "level": "file",
      "publish": true,
      "children": [],
      "node_type": "archival_object",
      "has_children": false,
      "suppressed": false,
      "id": 40495,
      "containers": []
    }, {
      "title": "Correspondence (Cl-Cy), undated",
      "instance_types": [],
      "record_uri": "/repositories/2/archival_objects/40496",
      "level": "file",
      "publish": true,
      "children": [],
      "node_type": "archival_object",
      "has_children": false,
      "suppressed": false,
      "id": 40496,
      "containers": []
    }, {
      "title": "Dr. Peter Dmant, 1982",
      "instance_types": [],
      "record_uri": "/repositories/2/archival_objects/40497",
      "level": "file",
      "publish": true,
      "children": [],
      "node_type": "archival_object",
      "has_children": false,
      "suppressed": false,
      "id": 40497,
      "containers": []
    }, {
      "title": "Dr. Keith J. Dorrington, 1984-1987",
      "instance_types": [],
      "record_uri": "/repositories/2/archival_objects/40498",
      "level": "file",
      "publish": true,
      "children": [],
      "node_type": "archival_object",
      "has_children": false,
      "suppressed": false,
      "id": 40498,
      "containers": []
    }, {
      "title": "Dr. Sheldon Dray, 1977-1980",
      "instance_types": [],
      "record_uri": "/repositories/2/archival_objects/40499",
      "level": "file",
      "publish": true,
      "children": [],
      "node_type": "archival_object",
      "has_children": false,
      "suppressed": false,
      "id": 40499,
      "containers": []
    }, {
      "title": "Correspondence (D), undated",
      "instance_types": [],
      "record_uri": "/repositories/2/archival_objects/40500",
      "level": "file",
      "publish": true,
      "children": [],
      "node_type": "archival_object",
      "has_children": false,
      "suppressed": false,
      "id": 40500,
      "containers": []
    }, {
      "title": "Correspondence (E), undated",
      "instance_types": [],
      "record_uri": "/repositories/2/archival_objects/40501",
      "level": "file",
      "publish": true,
      "children": [],
      "node_type": "archival_object",
      "has_children": false,
      "suppressed": false,
      "id": 40501,
      "containers": []
    }, {
      "title": "Dr. Ten Feizi, 1976-1986",
      "instance_types": [],
      "record_uri": "/repositories/2/archival_objects/40502",
      "level": "file",
      "publish": true,
      "children": [],
      "node_type": "archival_object",
      "has_children": false,
      "suppressed": false,
      "id": 40502,
      "containers": []
    }, {
      "title": "French Lecture Series, 1959-1979",
      "instance_types": [],
      "record_uri": "/repositories/2/archival_objects/40503",
      "level": "file",
      "publish": true,
      "children": [],
      "node_type": "archival_object",
      "has_children": false,
      "suppressed": false,
      "id": 40503,
      "containers": []
    }, {
      "title": "Correspondence (F), undated",
      "instance_types": [],
      "record_uri": "/repositories/2/archival_objects/40504",
      "level": "file",
      "publish": true,
      "children": [],
      "node_type": "archival_object",
      "has_children": false,
      "suppressed": false,
      "id": 40504,
      "containers": []
    }, {
      "title": "Dr. Rina Ghosh, 1986-1987",
      "instance_types": [],
      "record_uri": "/repositories/2/archival_objects/40505",
      "level": "file",
      "publish": true,
      "children": [],
      "node_type": "archival_object",
      "has_children": false,
      "suppressed": false,
      "id": 40505,
      "containers": []
    }, {
      "title": "Dr. Tarun Kanti Ghosh, 1982-1984",
      "instance_types": [],
      "record_uri": "/repositories/2/archival_objects/40506",
      "level": "file",
      "publish": true,
      "children": [],
      "node_type": "archival_object",
      "has_children": false,
      "suppressed": false,
      "id": 40506,
      "containers": []
    }, {
      "title": "Dr. Irwin Goldstein, 1976-1986",
      "instance_types": [],
      "record_uri": "/repositories/2/archival_objects/40507",
      "level": "file",
      "publish": true,
      "children": [],
      "node_type": "archival_object",
      "has_children": false,
      "suppressed": false,
      "id": 40507,
      "containers": []
    }, {
      "title": "Correspondence (Ga-Gol), undated",
      "instance_types": [],
      "record_uri": "/repositories/2/archival_objects/40508",
      "level": "file",
      "publish": true,
      "children": [],
      "node_type": "archival_object",
      "has_children": false,
      "suppressed": false,
      "id": 40508,
      "containers": []
    }, {
      "title": "Correspondence (Goo-Gu), undated",
      "instance_types": [],
      "record_uri": "/repositories/2/archival_objects/40509",
      "level": "file",
      "publish": true,
      "children": [],
      "node_type": "archival_object",
      "has_children": false,
      "suppressed": false,
      "id": 40509,
      "containers": []
    }, {
      "title": "Dr. Bernard Halpern, 1968-1985",
      "instance_types": [],
      "record_uri": "/repositories/2/archival_objects/40510",
      "level": "file",
      "publish": true,
      "children": [],
      "node_type": "archival_object",
      "has_children": false,
      "suppressed": false,
      "id": 40510,
      "containers": []
    }, {
      "title": "Dr. Valee Harisdangkul, 1976-1985",
      "instance_types": [],
      "record_uri": "/repositories/2/archival_objects/40511",
      "level": "file",
      "publish": true,
      "children": [],
      "node_type": "archival_object",
      "has_children": false,
      "suppressed": false,
      "id": 40511,
      "containers": []
    }, {
      "title": "Dr. Beth Hill, 1986",
      "instance_types": [],
      "record_uri": "/repositories/2/archival_objects/40512",
      "level": "file",
      "publish": true,
      "children": [],
      "node_type": "archival_object",
      "has_children": false,
      "suppressed": false,
      "id": 40512,
      "containers": []
    }, {
      "title": "Human Genetics and Development, 1982-1983",
      "instance_types": [],
      "record_uri": "/repositories/2/archival_objects/40513",
      "level": "file",
      "publish": true,
      "children": [],
      "node_type": "archival_object",
      "has_children": false,
      "suppressed": false,
      "id": 40513,
      "containers": []
    }, {
      "title": "Dr. Leroy E. Hood, 1978-1986",
      "instance_types": [],
      "record_uri": "/repositories/2/archival_objects/40514",
      "level": "file",
      "publish": true,
      "children": [],
      "node_type": "archival_object",
      "has_children": false,
      "suppressed": false,
      "id": 40514,
      "containers": []
    }, {
      "title": "Dr. Tasuku Honjo, 1982-1987",
      "instance_types": [],
      "record_uri": "/repositories/2/archival_objects/40515",
      "level": "file",
      "publish": true,
      "children": [],
      "node_type": "archival_object",
      "has_children": false,
      "suppressed": false,
      "id": 40515,
      "containers": []
    }, {
      "title": "Dr. John H. Humphrey, 1983-1988",
      "instance_types": [],
      "record_uri": "/repositories/2/archival_objects/40516",
      "level": "file",
      "publish": true,
      "children": [],
      "node_type": "archival_object",
      "has_children": false,
      "suppressed": false,
      "id": 40516,
      "containers": []
    }, {
      "title": "Correspondence (H), undated",
      "instance_types": [],
      "record_uri": "/repositories/2/archival_objects/40517",
      "level": "file",
      "publish": true,
      "children": [],
      "node_type": "archival_object",
      "has_children": false,
      "suppressed": false,
      "id": 40517,
      "containers": []
    }, {
      "title": "Information on the Senate Appropriations Subcommittee on Labor, and Health, Education, and Welfare, and Related Agencies, March 1975",
      "instance_types": [],
      "record_uri": "/repositories/2/archival_objects/40518",
      "level": "file",
      "publish": true,
      "children": [],
      "node_type": "archival_object",
      "has_children": false,
      "suppressed": false,
      "id": 40518,
      "containers": []
    }, {
      "title": "International Laboratory for Research on Animal Disease, 1975-1981",
      "instance_types": [],
      "record_uri": "/repositories/2/archival_objects/40519",
      "level": "file",
      "publish": true,
      "children": [],
      "node_type": "archival_object",
      "has_children": false,
      "suppressed": false,
      "id": 40519,
      "containers": []
    }, {
      "title": "Institute for Cancer Research - Dr. Knudson, 1974-1983",
      "instance_types": [],
      "record_uri": "/repositories/2/archival_objects/40520",
      "level": "file",
      "publish": true,
      "children": [],
      "node_type": "archival_object",
      "has_children": false,
      "suppressed": false,
      "id": 40520,
      "containers": []
    }, {
      "title": "Correspondence (I), undated",
      "instance_types": [],
      "record_uri": "/repositories/2/archival_objects/40521",
      "level": "file",
      "publish": true,
      "children": [],
      "node_type": "archival_object",
      "has_children": false,
      "suppressed": false,
      "id": 40521,
      "containers": []
    }, {
      "title": "Correspondence (J), undated",
      "instance_types": [],
      "record_uri": "/repositories/2/archival_objects/40522",
      "level": "file",
      "publish": true,
      "children": [],
      "node_type": "archival_object",
      "has_children": false,
      "suppressed": false,
      "id": 40522,
      "containers": []
    }, {
      "title": "Dr. Akira Kobata, 1975-1977",
      "instance_types": [],
      "record_uri": "/repositories/2/archival_objects/40523",
      "level": "file",
      "publish": true,
      "children": [],
      "node_type": "archival_object",
      "has_children": false,
      "suppressed": false,
      "id": 40523,
      "containers": []
    }, {
      "title": "Dr. Karen Krupen, 1981-1990",
      "instance_types": [],
      "record_uri": "/repositories/2/archival_objects/40524",
      "level": "file",
      "publish": true,
      "children": [],
      "node_type": "archival_object",
      "has_children": false,
      "suppressed": false,
      "id": 40524,
      "containers": []
    }, {
      "title": "Correspondence (Ka-Ke), undated",
      "instance_types": [],
      "record_uri": "/repositories/2/archival_objects/40525",
      "level": "file",
      "publish": true,
      "children": [],
      "node_type": "archival_object",
      "has_children": false,
      "suppressed": false,
      "id": 40525,
      "containers": []
    }, {
      "title": "Correspondence (Ki-Ku), undated",
      "instance_types": [],
      "record_uri": "/repositories/2/archival_objects/40526",
      "level": "file",
      "publish": true,
      "children": [],
      "node_type": "archival_object",
      "has_children": false,
      "suppressed": false,
      "id": 40526,
      "containers": []
    }, {
      "title": "Dr. Sung La, 1983-1984",
      "instance_types": [],
      "record_uri": "/repositories/2/archival_objects/40527",
      "level": "file",
      "publish": true,
      "children": [],
      "node_type": "archival_object",
      "has_children": false,
      "suppressed": false,
      "id": 40527,
      "containers": []
    }, {
      "title": "Dr. Eric Cheong Hon Lai, 1982-1987",
      "instance_types": [],
      "record_uri": "/repositories/2/archival_objects/40528",
      "level": "file",
      "publish": true,
      "children": [],
      "node_type": "archival_object",
      "has_children": false,
      "suppressed": false,
      "id": 40528,
      "containers": []
    }, {
      "title": "Dr. James W. Larrick, 1985-1986",
      "instance_types": [],
      "record_uri": "/repositories/2/archival_objects/40529",
      "level": "file",
      "publish": true,
      "children": [],
      "node_type": "archival_object",
      "has_children": false,
      "suppressed": false,
      "id": 40529,
      "containers": []
    }, {
      "title": "Dr. Raymond Lemieux, 1975-1980",
      "instance_types": [],
      "record_uri": "/repositories/2/archival_objects/40530",
      "level": "file",
      "publish": true,
      "children": [],
      "node_type": "archival_object",
      "has_children": false,
      "suppressed": false,
      "id": 40530,
      "containers": []
    }, {
      "title": "Dr. Raymond Lemieux, 1981-1987",
      "instance_types": [],
      "record_uri": "/repositories/2/archival_objects/40531",
      "level": "file",
      "publish": true,
      "children": [],
      "node_type": "archival_object",
      "has_children": false,
      "suppressed": false,
      "id": 40531,
      "containers": []
    }, {
      "title": "Dr. Richard A. Lerner, 1983-1984",
      "instance_types": [],
      "record_uri": "/repositories/2/archival_objects/40532",
      "level": "file",
      "publish": true,
      "children": [],
      "node_type": "archival_object",
      "has_children": false,
      "suppressed": false,
      "id": 40532,
      "containers": []
    }, {
      "title": "Dr. Kenneth Lloyd, 1975-1987",
      "instance_types": [],
      "record_uri": "/repositories/2/archival_objects/40533",
      "level": "file",
      "publish": true,
      "children": [],
      "node_type": "archival_object",
      "has_children": false,
      "suppressed": false,
      "id": 40533,
      "containers": []
    }, {
      "title": "Louisa Gross Horwitz Prize Committee, 1979-1982",
      "instance_types": [],
      "record_uri": "/repositories/2/archival_objects/40534",
      "level": "file",
      "publish": true,
      "children": [],
      "node_type": "archival_object",
      "has_children": false,
      "suppressed": false,
      "id": 40534,
      "containers": []
    }, {
      "title": "Correspondence (L), undated",
      "instance_types": [],
      "record_uri": "/repositories/2/archival_objects/40535",
      "level": "file",
      "publish": true,
      "children": [],
      "node_type": "archival_object",
      "has_children": false,
      "suppressed": false,
      "id": 40535,
      "containers": []
    }, {
      "title": "Dr. S. Daniel Makover, 1984-1988",
      "instance_types": [],
      "record_uri": "/repositories/2/archival_objects/40536",
      "level": "file",
      "publish": true,
      "children": [],
      "node_type": "archival_object",
      "has_children": false,
      "suppressed": false,
      "id": 40536,
      "containers": []
    }, {
      "title": "Dr. Donald M. Marcus, 1975-1984",
      "instance_types": [],
      "record_uri": "/repositories/2/archival_objects/40537",
      "level": "file",
      "publish": true,
      "children": [],
      "node_type": "archival_object",
      "has_children": false,
      "suppressed": false,
      "id": 40537,
      "containers": []
    }, {
      "title": "Dr. Michael N. Margolies, 1977-1984",
      "instance_types": [],
      "record_uri": "/repositories/2/archival_objects/40538",
      "level": "file",
      "publish": true,
      "children": [],
      "node_type": "archival_object",
      "has_children": false,
      "suppressed": false,
      "id": 40538,
      "containers": []
    }, {
      "title": "Dr. Paul A. Marks, 1976-1980",
      "instance_types": [],
      "record_uri": "/repositories/2/archival_objects/40539",
      "level": "file",
      "publish": true,
      "children": [],
      "node_type": "archival_object",
      "has_children": false,
      "suppressed": false,
      "id": 40539,
      "containers": []
    }, {
      "title": "Matheson Commission - Correspondence and Reports, 1944-1962",
      "instance_types": [],
      "record_uri": "/repositories/2/archival_objects/40540",
      "level": "file",
      "publish": true,
      "children": [],
      "node_type": "archival_object",
      "has_children": false,
      "suppressed": false,
      "id": 40540,
      "containers": []
    }, {
      "title": "Matheson Commission - Correspondence and Reports, 1963-1978, 1982",
      "instance_types": [],
      "record_uri": "/repositories/2/archival_objects/40541",
      "level": "file",
      "publish": true,
      "children": [],
      "node_type": "archival_object",
      "has_children": false,
      "suppressed": false,
      "id": 40541,
      "containers": []
    }, {
      "title": "Dr. Tsudasa Matsuda, 1983-1988",
      "instance_types": [],
      "record_uri": "/repositories/2/archival_objects/40542",
      "level": "file",
      "publish": true,
      "children": [],
      "node_type": "archival_object",
      "has_children": false,
      "suppressed": false,
      "id": 40542,
      "containers": []
    }, {
      "title": "Dr. Linda Matsuuchi, 1980-1984",
      "instance_types": [],
      "record_uri": "/repositories/2/archival_objects/40543",
      "level": "file",
      "publish": true,
      "children": [],
      "node_type": "archival_object",
      "has_children": false,
      "suppressed": false,
      "id": 40543,
      "containers": []
    }, {
      "title": "Dr. Manfred Martin Mayor, 1975-1979",
      "instance_types": [],
      "record_uri": "/repositories/2/archival_objects/40544",
      "level": "file",
      "publish": true,
      "children": [],
      "node_type": "archival_object",
      "has_children": false,
      "suppressed": false,
      "id": 40544,
      "containers": []
    }, {
      "title": "Dr. Manfred Martin Mayor - Obituary and Memorial Material, 1984",
      "instance_types": [],
      "record_uri": "/repositories/2/archival_objects/40545",
      "level": "file",
      "publish": true,
      "children": [],
      "node_type": "archival_object",
      "has_children": false,
      "suppressed": false,
      "id": 40545,
      "containers": []
    }, {
      "title": "Dr. Florence M. McAuliffe, 1975",
      "instance_types": [],
      "record_uri": "/repositories/2/archival_objects/40546",
      "level": "file",
      "publish": true,
      "children": [],
      "node_type": "archival_object",
      "has_children": false,
      "suppressed": false,
      "id": 40546,
      "containers": []
    }, {
      "title": "Dr. Vincent J. McAuliffe, 1983-1986",
      "instance_types": [],
      "record_uri": "/repositories/2/archival_objects/40547",
      "level": "file",
      "publish": true,
      "children": [],
      "node_type": "archival_object",
      "has_children": false,
      "suppressed": false,
      "id": 40547,
      "containers": []
    }, {
      "title": "Dr. Esther L. McCandless, 1979-1982",
      "instance_types": [],
      "record_uri": "/repositories/2/archival_objects/40548",
      "level": "file",
      "publish": true,
      "children": [],
      "node_type": "archival_object",
      "has_children": false,
      "suppressed": false,
      "id": 40548,
      "containers": []
    }, {
      "title": "Dr. Hugh O'Neill McDevitt, 1979-1983",
      "instance_types": [],
      "record_uri": "/repositories/2/archival_objects/40549",
      "level": "file",
      "publish": true,
      "children": [],
      "node_type": "archival_object",
      "has_children": false,
      "suppressed": false,
      "id": 40549,
      "containers": []
    }, {
      "title": "McGraw-Hill Book Company, 1978-1979",
      "instance_types": [],
      "record_uri": "/repositories/2/archival_objects/40550",
      "level": "file",
      "publish": true,
      "children": [],
      "node_type": "archival_object",
      "has_children": false,
      "suppressed": false,
      "id": 40550,
      "containers": []
    }, {
      "title": "Allyn McIntyre - Journal of Theoretical Biology, 1981-1982",
      "instance_types": [],
      "record_uri": "/repositories/2/archival_objects/40551",
      "level": "file",
      "publish": true,
      "children": [],
      "node_type": "archival_object",
      "has_children": false,
      "suppressed": false,
      "id": 40551,
      "containers": []
    }, {
      "title": "Dr. Ian McIntyre, 1975-1986",
      "instance_types": [],
      "record_uri": "/repositories/2/archival_objects/40552",
      "level": "file",
      "publish": true,
      "children": [],
      "node_type": "archival_object",
      "has_children": false,
      "suppressed": false,
      "id": 40552,
      "containers": []
    }, {
      "title": "Dr. Giampaolo Merlini, 1987",
      "instance_types": [],
      "record_uri": "/repositories/2/archival_objects/40553",
      "level": "file",
      "publish": true,
      "children": [],
      "node_type": "archival_object",
      "has_children": false,
      "suppressed": false,
      "id": 40553,
      "containers": []
    }, {
      "title": "Microbiology, 1976-1984",
      "instance_types": [],
      "record_uri": "/repositories/2/archival_objects/40554",
      "level": "file",
      "publish": true,
      "children": [],
      "node_type": "archival_object",
      "has_children": false,
      "suppressed": false,
      "id": 40554,
      "containers": []
    }, {
      "title": "Dr. Cesar Milestein, 1978-1986",
      "instance_types": [],
      "record_uri": "/repositories/2/archival_objects/40555",
      "level": "file",
      "publish": true,
      "children": [],
      "node_type": "archival_object",
      "has_children": false,
      "suppressed": false,
      "id": 40555,
      "containers": []
    }, {
      "title": "Dr. Carlos Moreno, 1984-1985",
      "instance_types": [],
      "record_uri": "/repositories/2/archival_objects/40556",
      "level": "file",
      "publish": true,
      "children": [],
      "node_type": "archival_object",
      "has_children": false,
      "suppressed": false,
      "id": 40556,
      "containers": []
    }, {
      "title": "Dr. Richard Y. Morita, 1984",
      "instance_types": [],
      "record_uri": "/repositories/2/archival_objects/40557",
      "level": "file",
      "publish": true,
      "children": [],
      "node_type": "archival_object",
      "has_children": false,
      "suppressed": false,
      "id": 40557,
      "containers": []
    }, {
      "title": "Dr. Sherie Morrison, 1981-1986",
      "instance_types": [],
      "record_uri": "/repositories/2/archival_objects/40558",
      "level": "file",
      "publish": true,
      "children": [],
      "node_type": "archival_object",
      "has_children": false,
      "suppressed": false,
      "id": 40558,
      "containers": []
    }, {
      "title": "Correspondence (M), undated",
      "instance_types": [],
      "record_uri": "/repositories/2/archival_objects/40559",
      "level": "file",
      "publish": true,
      "children": [],
      "node_type": "archival_object",
      "has_children": false,
      "suppressed": false,
      "id": 40559,
      "containers": []
    }, {
      "title": "National Academy of Science, 1977-1984",
      "instance_types": [],
      "record_uri": "/repositories/2/archival_objects/40560",
      "level": "file",
      "publish": true,
      "children": [],
      "node_type": "archival_object",
      "has_children": false,
      "suppressed": false,
      "id": 40560,
      "containers": []
    }, {
      "title": "The National Multiple Sclerosis Society, undated",
      "instance_types": [],
      "record_uri": "/repositories/2/archival_objects/40561",
      "level": "file",
      "publish": true,
      "children": [],
      "node_type": "archival_object",
      "has_children": false,
      "suppressed": false,
      "id": 40561,
      "containers": []
    }, {
      "title": "Dr. Lenore Neigeborn, October 27, 1983",
      "instance_types": [],
      "record_uri": "/repositories/2/archival_objects/40562",
      "level": "file",
      "publish": true,
      "children": [],
      "node_type": "archival_object",
      "has_children": false,
      "suppressed": false,
      "id": 40562,
      "containers": []
    }, {
      "title": "New York Blood Center, 1978-1979",
      "instance_types": [],
      "record_uri": "/repositories/2/archival_objects/40563",
      "level": "file",
      "publish": true,
      "children": [],
      "node_type": "archival_object",
      "has_children": false,
      "suppressed": false,
      "id": 40563,
      "containers": []
    }, {
      "title": "Dr. Barbara Newman, 1980-1987",
      "instance_types": [],
      "record_uri": "/repositories/2/archival_objects/40564",
      "level": "file",
      "publish": true,
      "children": [],
      "node_type": "archival_object",
      "has_children": false,
      "suppressed": false,
      "id": 40564,
      "containers": []
    }, {
      "title": "Dr. Walter Newman, 1977-1983",
      "instance_types": [],
      "record_uri": "/repositories/2/archival_objects/40565",
      "level": "file",
      "publish": true,
      "children": [],
      "node_type": "archival_object",
      "has_children": false,
      "suppressed": false,
      "id": 40565,
      "containers": []
    }, {
      "title": "Dr. Yutaka Nishioka, 1979-1980",
      "instance_types": [],
      "record_uri": "/repositories/2/archival_objects/40566",
      "level": "file",
      "publish": true,
      "children": [],
      "node_type": "archival_object",
      "has_children": false,
      "suppressed": false,
      "id": 40566,
      "containers": []
    }, {
      "title": "Nobel Prize Committee, 1981-1985",
      "instance_types": [],
      "record_uri": "/repositories/2/archival_objects/40567",
      "level": "file",
      "publish": true,
      "children": [],
      "node_type": "archival_object",
      "has_children": false,
      "suppressed": false,
      "id": 40567,
      "containers": []
    }, {
      "title": "Correspondence (N), undated",
      "instance_types": [],
      "record_uri": "/repositories/2/archival_objects/40568",
      "level": "file",
      "publish": true,
      "children": [],
      "node_type": "archival_object",
      "has_children": false,
      "suppressed": false,
      "id": 40568,
      "containers": []
    }, {
      "title": "Dr. Susuma Ohno, 1982-1983",
      "instance_types": [],
      "record_uri": "/repositories/2/archival_objects/40569",
      "level": "file",
      "publish": true,
      "children": [],
      "node_type": "archival_object",
      "has_children": false,
      "suppressed": false,
      "id": 40569,
      "containers": []
    }, {
      "title": "Dr. Elliot Osserman, 1978-1985",
      "instance_types": [],
      "record_uri": "/repositories/2/archival_objects/40570",
      "level": "file",
      "publish": true,
      "children": [],
      "node_type": "archival_object",
      "has_children": false,
      "suppressed": false,
      "id": 40570,
      "containers": []
    }, {
      "title": "Correspondence (O), undated",
      "instance_types": [],
      "record_uri": "/repositories/2/archival_objects/40571",
      "level": "file",
      "publish": true,
      "children": [],
      "node_type": "archival_object",
      "has_children": false,
      "suppressed": false,
      "id": 40571,
      "containers": []
    }, {
      "title": "Dr. Eduardo Paldan, 1976-1986",
      "instance_types": [],
      "record_uri": "/repositories/2/archival_objects/40572",
      "level": "file",
      "publish": true,
      "children": [],
      "node_type": "archival_object",
      "has_children": false,
      "suppressed": false,
      "id": 40572,
      "containers": []
    }, {
      "title": "Dr. Miercio Pereia, 1974-1985",
      "instance_types": [],
      "record_uri": "/repositories/2/archival_objects/40573",
      "level": "file",
      "publish": true,
      "children": [],
      "node_type": "archival_object",
      "has_children": false,
      "suppressed": false,
      "id": 40573,
      "containers": []
    }, {
      "title": "Dr. Jerzy Petryniak, 1975-1984",
      "instance_types": [],
      "record_uri": "/repositories/2/archival_objects/40574",
      "level": "file",
      "publish": true,
      "children": [],
      "node_type": "archival_object",
      "has_children": false,
      "suppressed": false,
      "id": 40574,
      "containers": []
    }, {
      "title": "Dr. Ronald D. Poretz, 1978-1983",
      "instance_types": [],
      "record_uri": "/repositories/2/archival_objects/40575",
      "level": "file",
      "publish": true,
      "children": [],
      "node_type": "archival_object",
      "has_children": false,
      "suppressed": false,
      "id": 40575,
      "containers": []
    }, {
      "title": "Correspondence (Pa-Ph), undated",
      "instance_types": [],
      "record_uri": "/repositories/2/archival_objects/40576",
      "level": "file",
      "publish": true,
      "children": [],
      "node_type": "archival_object",
      "has_children": false,
      "suppressed": false,
      "id": 40576,
      "containers": []
    }, {
      "title": "Correspondence (Pi-Py), undated",
      "instance_types": [],
      "record_uri": "/repositories/2/archival_objects/40577",
      "level": "file",
      "publish": true,
      "children": [],
      "node_type": "archival_object",
      "has_children": false,
      "suppressed": false,
      "id": 40577,
      "containers": []
    }, {
      "title": "Quarterly Review of Biology, 1975-1979",
      "instance_types": [],
      "record_uri": "/repositories/2/archival_objects/40578",
      "level": "file",
      "publish": true,
      "children": [],
      "node_type": "archival_object",
      "has_children": false,
      "suppressed": false,
      "id": 40578,
      "containers": []
    }, {
      "title": "Mr. James Quirk, 1976-1977",
      "instance_types": [],
      "record_uri": "/repositories/2/archival_objects/40579",
      "level": "file",
      "publish": true,
      "children": [],
      "node_type": "archival_object",
      "has_children": false,
      "suppressed": false,
      "id": 40579,
      "containers": []
    }, {
      "title": "Radiation Safety - Correspondence and Agreements, 1977-1984",
      "instance_types": [],
      "record_uri": "/repositories/2/archival_objects/40580",
      "level": "file",
      "publish": true,
      "children": [],
      "node_type": "archival_object",
      "has_children": false,
      "suppressed": false,
      "id": 40580,
      "containers": []
    }, {
      "title": "Dr. Arepalli S. Rao, 1979-1984",
      "instance_types": [],
      "record_uri": "/repositories/2/archival_objects/40581",
      "level": "file",
      "publish": true,
      "children": [],
      "node_type": "archival_object",
      "has_children": false,
      "suppressed": false,
      "id": 40581,
      "containers": []
    }, {
      "title": "Dr. Dieter Roelcke, 1984",
      "instance_types": [],
      "record_uri": "/repositories/2/archival_objects/40582",
      "level": "file",
      "publish": true,
      "children": [],
      "node_type": "archival_object",
      "has_children": false,
      "suppressed": false,
      "id": 40582,
      "containers": []
    }, {
      "title": "Dr. Noel R. Rose, 1978-1979",
      "instance_types": [],
      "record_uri": "/repositories/2/archival_objects/40583",
      "level": "file",
      "publish": true,
      "children": [],
      "node_type": "archival_object",
      "has_children": false,
      "suppressed": false,
      "id": 40583,
      "containers": []
    }, {
      "title": "Dr. Jonathan Rothbard, 1985",
      "instance_types": [],
      "record_uri": "/repositories/2/archival_objects/40584",
      "level": "file",
      "publish": true,
      "children": [],
      "node_type": "archival_object",
      "has_children": false,
      "suppressed": false,
      "id": 40584,
      "containers": []
    }, {
      "title": "Dr. Luciana Rouis, 1975-1982",
      "instance_types": [],
      "record_uri": "/repositories/2/archival_objects/40585",
      "level": "file",
      "publish": true,
      "children": [],
      "node_type": "archival_object",
      "has_children": false,
      "suppressed": false,
      "id": 40585,
      "containers": []
    }, {
      "title": "Correspondence (Ra-Ri), undated",
      "instance_types": [],
      "record_uri": "/repositories/2/archival_objects/40586",
      "level": "file",
      "publish": true,
      "children": [],
      "node_type": "archival_object",
      "has_children": false,
      "suppressed": false,
      "id": 40586,
      "containers": []
    }, {
      "title": "Correspondence (Ro-Ru), undated",
      "instance_types": [],
      "record_uri": "/repositories/2/archival_objects/40587",
      "level": "file",
      "publish": true,
      "children": [],
      "node_type": "archival_object",
      "has_children": false,
      "suppressed": false,
      "id": 40587,
      "containers": []
    }, {
      "title": "Dr. Manju Sarkar, 1975-1984",
      "instance_types": [],
      "record_uri": "/repositories/2/archival_objects/40588",
      "level": "file",
      "publish": true,
      "children": [],
      "node_type": "archival_object",
      "has_children": false,
      "suppressed": false,
      "id": 40588,
      "containers": []
    }, {
      "title": "Dr. Conrad Schuerch, 1978-1983",
      "instance_types": [],
      "record_uri": "/repositories/2/archival_objects/40589",
      "level": "file",
      "publish": true,
      "children": [],
      "node_type": "archival_object",
      "has_children": false,
      "suppressed": false,
      "id": 40589,
      "containers": []
    }, {
      "title": "Dr. Stuart Schlossman, 1977-1987",
      "instance_types": [],
      "record_uri": "/repositories/2/archival_objects/40590",
      "level": "file",
      "publish": true,
      "children": [],
      "node_type": "archival_object",
      "has_children": false,
      "suppressed": false,
      "id": 40590,
      "containers": []
    }, {
      "title": "Dr. Robert Schwartz, 1983-1988",
      "instance_types": [],
      "record_uri": "/repositories/2/archival_objects/40591",
      "level": "file",
      "publish": true,
      "children": [],
      "node_type": "archival_object",
      "has_children": false,
      "suppressed": false,
      "id": 40591,
      "containers": []
    }, {
      "title": "Dr. Fred Seymour, 1977-1982",
      "instance_types": [],
      "record_uri": "/repositories/2/archival_objects/40592",
      "level": "file",
      "publish": true,
      "children": [],
      "node_type": "archival_object",
      "has_children": false,
      "suppressed": false,
      "id": 40592,
      "containers": []
    }, {
      "title": "Dr. Jacqueline Sharon, 1980-1985",
      "instance_types": [],
      "record_uri": "/repositories/2/archival_objects/40593",
      "level": "file",
      "publish": true,
      "children": [],
      "node_type": "archival_object",
      "has_children": false,
      "suppressed": false,
      "id": 40593,
      "containers": []
    }, {
      "title": "Dr. Nathan Sharon, 1975-1985",
      "instance_types": [],
      "record_uri": "/repositories/2/archival_objects/40594",
      "level": "file",
      "publish": true,
      "children": [],
      "node_type": "archival_object",
      "has_children": false,
      "suppressed": false,
      "id": 40594,
      "containers": []
    }, {
      "title": "Dr. Santosh Kumar Sikdar, 1981-1985",
      "instance_types": [],
      "record_uri": "/repositories/2/archival_objects/40595",
      "level": "file",
      "publish": true,
      "children": [],
      "node_type": "archival_object",
      "has_children": false,
      "suppressed": false,
      "id": 40595,
      "containers": []
    }, {
      "title": "Arthur M. Silverstein - \"History of Immunology\", 1982-1985",
      "instance_types": [],
      "record_uri": "/repositories/2/archival_objects/40596",
      "level": "file",
      "publish": true,
      "children": [],
      "node_type": "archival_object",
      "has_children": false,
      "suppressed": false,
      "id": 40596,
      "containers": []
    }, {
      "title": "Dr. Alan Solomon, 1982",
      "instance_types": [],
      "record_uri": "/repositories/2/archival_objects/40597",
      "level": "file",
      "publish": true,
      "children": [],
      "node_type": "archival_object",
      "has_children": false,
      "suppressed": false,
      "id": 40597,
      "containers": []
    }, {
      "title": "Soviet Union, 1975, 1980",
      "instance_types": [],
      "record_uri": "/repositories/2/archival_objects/40598",
      "level": "file",
      "publish": true,
      "children": [],
      "node_type": "archival_object",
      "has_children": false,
      "suppressed": false,
      "id": 40598,
      "containers": []
    }, {
      "title": "Dr. Georg Springer, 1964-1988",
      "instance_types": [],
      "record_uri": "/repositories/2/archival_objects/40599",
      "level": "file",
      "publish": true,
      "children": [],
      "node_type": "archival_object",
      "has_children": false,
      "suppressed": false,
      "id": 40599,
      "containers": []
    }, {
      "title": "Dr. Lisa Steiner, 1978-1987",
      "instance_types": [],
      "record_uri": "/repositories/2/archival_objects/40600",
      "level": "file",
      "publish": true,
      "children": [],
      "node_type": "archival_object",
      "has_children": false,
      "suppressed": false,
      "id": 40600,
      "containers": []
    }, {
      "title": "Dr. B. David Stollar, 1986",
      "instance_types": [],
      "record_uri": "/repositories/2/archival_objects/40601",
      "level": "file",
      "publish": true,
      "children": [],
      "node_type": "archival_object",
      "has_children": false,
      "suppressed": false,
      "id": 40601,
      "containers": []
    }, {
      "title": "Dr. Jack L. Strominger, 1977-1978",
      "instance_types": [],
      "record_uri": "/repositories/2/archival_objects/40602",
      "level": "file",
      "publish": true,
      "children": [],
      "node_type": "archival_object",
      "has_children": false,
      "suppressed": false,
      "id": 40602,
      "containers": []
    }, {
      "title": "Dr. Shunji Sugii, 1976-1988",
      "instance_types": [],
      "record_uri": "/repositories/2/archival_objects/40603",
      "level": "file",
      "publish": true,
      "children": [],
      "node_type": "archival_object",
      "has_children": false,
      "suppressed": false,
      "id": 40603,
      "containers": []
    }, {
      "title": "Dr. Lanping Amy Sung, 1978-1988",
      "instance_types": [],
      "record_uri": "/repositories/2/archival_objects/40604",
      "level": "file",
      "publish": true,
      "children": [],
      "node_type": "archival_object",
      "has_children": false,
      "suppressed": false,
      "id": 40604,
      "containers": []
    }, {
      "title": "Correspondence (Sa-Sh), undated",
      "instance_types": [],
      "record_uri": "/repositories/2/archival_objects/40605",
      "level": "file",
      "publish": true,
      "children": [],
      "node_type": "archival_object",
      "has_children": false,
      "suppressed": false,
      "id": 40605,
      "containers": []
    }, {
      "title": "Correspondence (Si-Sz), undated",
      "instance_types": [],
      "record_uri": "/repositories/2/archival_objects/40606",
      "level": "file",
      "publish": true,
      "children": [],
      "node_type": "archival_object",
      "has_children": false,
      "suppressed": false,
      "id": 40606,
      "containers": []
    }, {
      "title": "Dean Donald Tapley, 1976-1981",
      "instance_types": [],
      "record_uri": "/repositories/2/archival_objects/40607",
      "level": "file",
      "publish": true,
      "children": [],
      "node_type": "archival_object",
      "has_children": false,
      "suppressed": false,
      "id": 40607,
      "containers": []
    }, {
      "title": "Dr. Mitsuo Torii, 1975-1988",
      "instance_types": [],
      "record_uri": "/repositories/2/archival_objects/40608",
      "level": "file",
      "publish": true,
      "children": [],
      "node_type": "archival_object",
      "has_children": false,
      "suppressed": false,
      "id": 40608,
      "containers": []
    }, {
      "title": "Trends in Biomedical Sciences, 1975-1983",
      "instance_types": [],
      "record_uri": "/repositories/2/archival_objects/40609",
      "level": "file",
      "publish": true,
      "children": [],
      "node_type": "archival_object",
      "has_children": false,
      "suppressed": false,
      "id": 40609,
      "containers": []
    }, {
      "title": "Dr. Nancy A. Treptow, 1982-1987",
      "instance_types": [],
      "record_uri": "/repositories/2/archival_objects/40610",
      "level": "file",
      "publish": true,
      "children": [],
      "node_type": "archival_object",
      "has_children": false,
      "suppressed": false,
      "id": 40610,
      "containers": []
    }, {
      "title": "Correspondence (T), undated",
      "instance_types": [],
      "record_uri": "/repositories/2/archival_objects/40611",
      "level": "file",
      "publish": true,
      "children": [],
      "node_type": "archival_object",
      "has_children": false,
      "suppressed": false,
      "id": 40611,
      "containers": []
    }, {
      "title": "Correspondence (U), undated",
      "instance_types": [],
      "record_uri": "/repositories/2/archival_objects/40612",
      "level": "file",
      "publish": true,
      "children": [],
      "node_type": "archival_object",
      "has_children": false,
      "suppressed": false,
      "id": 40612,
      "containers": []
    }, {
      "title": "Dr. Giuseppe Vicari, 1966-1970",
      "instance_types": [],
      "record_uri": "/repositories/2/archival_objects/40613",
      "level": "file",
      "publish": true,
      "children": [],
      "node_type": "archival_object",
      "has_children": false,
      "suppressed": false,
      "id": 40613,
      "containers": []
    }, {
      "title": "Correspondence (V), undated",
      "instance_types": [],
      "record_uri": "/repositories/2/archival_objects/40614",
      "level": "file",
      "publish": true,
      "children": [],
      "node_type": "archival_object",
      "has_children": false,
      "suppressed": false,
      "id": 40614,
      "containers": []
    }, {
      "title": "Dr. Irving Weissman, 1976-1980",
      "instance_types": [],
      "record_uri": "/repositories/2/archival_objects/40615",
      "level": "file",
      "publish": true,
      "children": [],
      "node_type": "archival_object",
      "has_children": false,
      "suppressed": false,
      "id": 40615,
      "containers": []
    }, {
      "title": "The Weizmann Institute of Science, 1975-1984",
      "instance_types": [],
      "record_uri": "/repositories/2/archival_objects/40616",
      "level": "file",
      "publish": true,
      "children": [],
      "node_type": "archival_object",
      "has_children": false,
      "suppressed": false,
      "id": 40616,
      "containers": []
    }, {
      "title": "Dr. Jeffery L. Winkelhake, 1976-1981",
      "instance_types": [],
      "record_uri": "/repositories/2/archival_objects/40617",
      "level": "file",
      "publish": true,
      "children": [],
      "node_type": "archival_object",
      "has_children": false,
      "suppressed": false,
      "id": 40617,
      "containers": []
    }, {
      "title": "Dr. Charles Wood, 1980-1985",
      "instance_types": [],
      "record_uri": "/repositories/2/archival_objects/40618",
      "level": "file",
      "publish": true,
      "children": [],
      "node_type": "archival_object",
      "has_children": false,
      "suppressed": false,
      "id": 40618,
      "containers": []
    }, {
      "title": "World Health Organization, 1976-1985",
      "instance_types": [],
      "record_uri": "/repositories/2/archival_objects/40619",
      "level": "file",
      "publish": true,
      "children": [],
      "node_type": "archival_object",
      "has_children": false,
      "suppressed": false,
      "id": 40619,
      "containers": []
    }, {
      "title": "Dr. Albert Ming-Tao Wu, 1975-1984",
      "instance_types": [],
      "record_uri": "/repositories/2/archival_objects/40620",
      "level": "file",
      "publish": true,
      "children": [],
      "node_type": "archival_object",
      "has_children": false,
      "suppressed": false,
      "id": 40620,
      "containers": []
    }, {
      "title": "Dr. Albert Ming-Tao Wu, 1985-1986",
      "instance_types": [],
      "record_uri": "/repositories/2/archival_objects/40621",
      "level": "file",
      "publish": true,
      "children": [],
      "node_type": "archival_object",
      "has_children": false,
      "suppressed": false,
      "id": 40621,
      "containers": []
    }, {
      "title": "Correspondence (Wa-Wh), undated",
      "instance_types": [],
      "record_uri": "/repositories/2/archival_objects/40622",
      "level": "file",
      "publish": true,
      "children": [],
      "node_type": "archival_object",
      "has_children": false,
      "suppressed": false,
      "id": 40622,
      "containers": []
    }, {
      "title": "Correspondence (Wi-Wy), undated",
      "instance_types": [],
      "record_uri": "/repositories/2/archival_objects/40623",
      "level": "file",
      "publish": true,
      "children": [],
      "node_type": "archival_object",
      "has_children": false,
      "suppressed": false,
      "id": 40623,
      "containers": []
    }, {
      "title": "Correspondence (Y), undated",
      "instance_types": [],
      "record_uri": "/repositories/2/archival_objects/40624",
      "level": "file",
      "publish": true,
      "children": [],
      "node_type": "archival_object",
      "has_children": false,
      "suppressed": false,
      "id": 40624,
      "containers": []
    }, {
      "title": "Correspondence (Z), undated",
      "instance_types": [],
      "record_uri": "/repositories/2/archival_objects/40625",
      "level": "file",
      "publish": true,
      "children": [],
      "node_type": "archival_object",
      "has_children": false,
      "suppressed": false,
      "id": 40625,
      "containers": []
    }],
    "node_type": "archival_object",
    "has_children": true,
    "suppressed": false,
    "id": 40461,
    "containers": []
  }],
  "containers": []
}
