{
  "jsonmodel_type": "resource_tree",
  "title": "Max Bergmann papers, Rockefeller Institute for Medical Research Scientific Staff",
  "instance_types": [],
  "record_uri": "/repositories/2/resources/91",
  "level": "collection",
  "publish": true,
  "id": 91,
  "node_type": "resource",
  "finding_aid_filing_title": "Bergmann (Max) papers",
  "suppressed": false,
  "children": [{
    "title": "Personal, 1886\u20131961 (bulk 1933\u20131946)",
    "instance_types": [],
    "record_uri": "/repositories/2/archival_objects/8457",
    "level": "series",
    "publish": true,
    "children": [{
      "title": "American Philosophical Society Library: Max Bergmann Papers, undated",
      "instance_types": [],
      "record_uri": "/repositories/2/archival_objects/8458",
      "level": "file",
      "publish": true,
      "children": [],
      "node_type": "archival_object",
      "has_children": false,
      "suppressed": false,
      "id": 8458,
      "containers": []
    }, {
      "title": "Diaries, See logbooks",
      "instance_types": [],
      "record_uri": "/repositories/2/archival_objects/8459",
      "level": "file",
      "publish": true,
      "children": [],
      "node_type": "archival_object",
      "has_children": false,
      "suppressed": false,
      "id": 8459,
      "containers": []
    }, {
      "title": "Bergmann, Martha, 1944\u20131961",
      "instance_types": [],
      "record_uri": "/repositories/2/archival_objects/8460",
      "level": "file",
      "publish": true,
      "children": [],
      "node_type": "archival_object",
      "has_children": false,
      "suppressed": false,
      "id": 8460,
      "containers": []
    }, {
      "title": "Biographical Synopses, 1944, 1946",
      "instance_types": [],
      "record_uri": "/repositories/2/archival_objects/8461",
      "level": "file",
      "publish": true,
      "children": [],
      "node_type": "archival_object",
      "has_children": false,
      "suppressed": false,
      "id": 8461,
      "containers": []
    }, {
      "title": "Correspondence, 1933\u20131944",
      "instance_types": [],
      "record_uri": "/repositories/2/archival_objects/8462",
      "level": "file",
      "publish": true,
      "children": [],
      "node_type": "archival_object",
      "has_children": false,
      "suppressed": false,
      "id": 8462,
      "containers": []
    }, {
      "title": "Funeral Service, 1944\u20131945",
      "instance_types": [],
      "record_uri": "/repositories/2/archival_objects/8463",
      "level": "file",
      "publish": true,
      "children": [],
      "node_type": "archival_object",
      "has_children": false,
      "suppressed": false,
      "id": 8463,
      "containers": []
    }, {
      "title": "Naturalization Documents, 1886\u20131945",
      "instance_types": [],
      "record_uri": "/repositories/2/archival_objects/8464",
      "level": "file",
      "publish": true,
      "children": [],
      "node_type": "archival_object",
      "has_children": false,
      "suppressed": false,
      "id": 8464,
      "containers": []
    }, {
      "title": "Photographs, [192?]\u20131944",
      "instance_types": [],
      "record_uri": "/repositories/2/archival_objects/8465",
      "level": "file",
      "publish": true,
      "children": [],
      "node_type": "archival_object",
      "has_children": false,
      "suppressed": false,
      "id": 8465,
      "containers": []
    }, {
      "title": "Physical Examinations, 1924?, 1934?",
      "instance_types": [],
      "record_uri": "/repositories/2/archival_objects/8466",
      "level": "file",
      "publish": true,
      "children": [],
      "node_type": "archival_object",
      "has_children": false,
      "suppressed": false,
      "id": 8466,
      "containers": []
    }, {
      "title": "Scientific Periodicals and Books from the Library of Dr. Max Bergmann, 1944",
      "instance_types": [],
      "record_uri": "/repositories/2/archival_objects/8467",
      "level": "file",
      "publish": true,
      "children": [],
      "node_type": "archival_object",
      "has_children": false,
      "suppressed": false,
      "id": 8467,
      "containers": []
    }],
    "node_type": "archival_object",
    "has_children": true,
    "suppressed": false,
    "id": 8457,
    "containers": []
  }, {
    "title": "Laboratory Administration, 1934\u20131946 (bulk 1941\u20131944)",
    "instance_types": [],
    "record_uri": "/repositories/2/archival_objects/8468",
    "level": "series",
    "publish": true,
    "children": [{
      "title": "A, 1940\u20131944",
      "instance_types": [],
      "record_uri": "/repositories/2/archival_objects/8469",
      "level": "file",
      "publish": true,
      "children": [],
      "node_type": "archival_object",
      "has_children": false,
      "suppressed": false,
      "id": 8469,
      "containers": []
    }, {
      "title": "Account \u201cK\u201d NDRC, 1942\u20131945",
      "instance_types": [],
      "record_uri": "/repositories/2/archival_objects/8470",
      "level": "file",
      "publish": true,
      "children": [],
      "node_type": "archival_object",
      "has_children": false,
      "suppressed": false,
      "id": 8470,
      "containers": []
    }, {
      "title": "B, 1942\u20131945",
      "instance_types": [],
      "record_uri": "/repositories/2/archival_objects/8471",
      "level": "file",
      "publish": true,
      "children": [],
      "node_type": "archival_object",
      "has_children": false,
      "suppressed": false,
      "id": 8471,
      "containers": []
    }, {
      "title": "Bergmann Appointments: Consultant Official Investigators, 1941\u20131943",
      "instance_types": [],
      "record_uri": "/repositories/2/archival_objects/8472",
      "level": "file",
      "publish": true,
      "children": [],
      "node_type": "archival_object",
      "has_children": false,
      "suppressed": false,
      "id": 8472,
      "containers": []
    }, {
      "title": "Bergmann, Max Dr., 1940\u20131944",
      "instance_types": [],
      "record_uri": "/repositories/2/archival_objects/8473",
      "level": "file",
      "publish": true,
      "children": [],
      "node_type": "archival_object",
      "has_children": false,
      "suppressed": false,
      "id": 8473,
      "containers": []
    }, {
      "title": "Bowman, Robert A., 1941\u20131943",
      "instance_types": [],
      "record_uri": "/repositories/2/archival_objects/8474",
      "level": "file",
      "publish": true,
      "children": [],
      "node_type": "archival_object",
      "has_children": false,
      "suppressed": false,
      "id": 8474,
      "containers": []
    }, {
      "title": "Bush, Vannevar, 1940\u20131944",
      "instance_types": [],
      "record_uri": "/repositories/2/archival_objects/8475",
      "level": "file",
      "publish": true,
      "children": [],
      "node_type": "archival_object",
      "has_children": false,
      "suppressed": false,
      "id": 8475,
      "containers": []
    }, {
      "title": "C, 1934\u20131946",
      "instance_types": [],
      "record_uri": "/repositories/2/archival_objects/8476",
      "level": "file",
      "publish": true,
      "children": [],
      "node_type": "archival_object",
      "has_children": false,
      "suppressed": false,
      "id": 8476,
      "containers": []
    }, {
      "title": "Cannan, R. K., 1942\u20131944",
      "instance_types": [],
      "record_uri": "/repositories/2/archival_objects/8477",
      "level": "file",
      "publish": true,
      "children": [],
      "node_type": "archival_object",
      "has_children": false,
      "suppressed": false,
      "id": 8477,
      "containers": []
    }, {
      "title": "Chadwell, Harris M., 1942",
      "instance_types": [],
      "record_uri": "/repositories/2/archival_objects/8478",
      "level": "file",
      "publish": true,
      "children": [],
      "node_type": "archival_object",
      "has_children": false,
      "suppressed": false,
      "id": 8478,
      "containers": []
    }, {
      "title": "Campbell, Mrs. Marcia D., 1943",
      "instance_types": [],
      "record_uri": "/repositories/2/archival_objects/8479",
      "level": "file",
      "publish": true,
      "children": [],
      "node_type": "archival_object",
      "has_children": false,
      "suppressed": false,
      "id": 8479,
      "containers": []
    }, {
      "title": "Cohen, Barbett, 1942\u20131944",
      "instance_types": [],
      "record_uri": "/repositories/2/archival_objects/8480",
      "level": "file",
      "publish": true,
      "children": [],
      "node_type": "archival_object",
      "has_children": false,
      "suppressed": false,
      "id": 8480,
      "containers": []
    }, {
      "title": "Conner, Ralph A., 1942",
      "instance_types": [],
      "record_uri": "/repositories/2/archival_objects/8481",
      "level": "file",
      "publish": true,
      "children": [],
      "node_type": "archival_object",
      "has_children": false,
      "suppressed": false,
      "id": 8481,
      "containers": []
    }, {
      "title": "Contract No. OEMsr\u2013313, 1942\u20131945",
      "instance_types": [],
      "record_uri": "/repositories/2/archival_objects/8482",
      "level": "file",
      "publish": true,
      "children": [],
      "node_type": "archival_object",
      "has_children": false,
      "suppressed": false,
      "id": 8482,
      "containers": []
    }, {
      "title": "Contract Symbol 881, 1942",
      "instance_types": [],
      "record_uri": "/repositories/2/archival_objects/8483",
      "level": "file",
      "publish": true,
      "children": [],
      "node_type": "archival_object",
      "has_children": false,
      "suppressed": false,
      "id": 8483,
      "containers": []
    }, {
      "title": "Cope, Arthur C., 1942\u20131944",
      "instance_types": [],
      "record_uri": "/repositories/2/archival_objects/8484",
      "level": "file",
      "publish": true,
      "children": [],
      "node_type": "archival_object",
      "has_children": false,
      "suppressed": false,
      "id": 8484,
      "containers": []
    }, {
      "title": "Cori, Carl F., 1942\u20131944",
      "instance_types": [],
      "record_uri": "/repositories/2/archival_objects/8485",
      "level": "file",
      "publish": true,
      "children": [],
      "node_type": "archival_object",
      "has_children": false,
      "suppressed": false,
      "id": 8485,
      "containers": []
    }, {
      "title": "D, 1940\u20131945",
      "instance_types": [],
      "record_uri": "/repositories/2/archival_objects/8486",
      "level": "file",
      "publish": true,
      "children": [],
      "node_type": "archival_object",
      "has_children": false,
      "suppressed": false,
      "id": 8486,
      "containers": []
    }, {
      "title": "DB 3 Reagent: Directions for use of, 1942\u20131943",
      "instance_types": [],
      "record_uri": "/repositories/2/archival_objects/8487",
      "level": "file",
      "publish": true,
      "children": [],
      "node_type": "archival_object",
      "has_children": false,
      "suppressed": false,
      "id": 8487,
      "containers": []
    }, {
      "title": "Deferments Log, 1944\u20131945",
      "instance_types": [],
      "record_uri": "/repositories/2/archival_objects/8488",
      "level": "file",
      "publish": true,
      "children": [],
      "node_type": "archival_object",
      "has_children": false,
      "suppressed": false,
      "id": 8488,
      "containers": []
    }, {
      "title": "Directions, 1934, 1943",
      "instance_types": [],
      "record_uri": "/repositories/2/archival_objects/8489",
      "level": "file",
      "publish": true,
      "children": [],
      "node_type": "archival_object",
      "has_children": false,
      "suppressed": false,
      "id": 8489,
      "containers": []
    }, {
      "title": "Discussion Log, 1943",
      "instance_types": [],
      "record_uri": "/repositories/2/archival_objects/8490",
      "level": "file",
      "publish": true,
      "children": [],
      "node_type": "archival_object",
      "has_children": false,
      "suppressed": false,
      "id": 8490,
      "containers": []
    }, {
      "title": "Du Vigneaud, Vincent, 1942\u20131944",
      "instance_types": [],
      "record_uri": "/repositories/2/archival_objects/8491",
      "level": "file",
      "publish": true,
      "children": [],
      "node_type": "archival_object",
      "has_children": false,
      "suppressed": false,
      "id": 8491,
      "containers": []
    }, {
      "title": "E, 1942\u20131944",
      "instance_types": [],
      "record_uri": "/repositories/2/archival_objects/8492",
      "level": "file",
      "publish": true,
      "children": [],
      "node_type": "archival_object",
      "has_children": false,
      "suppressed": false,
      "id": 8492,
      "containers": []
    }, {
      "title": "Espionage Act, 1940\u20131945",
      "instance_types": [],
      "record_uri": "/repositories/2/archival_objects/8493",
      "level": "file",
      "publish": true,
      "children": [],
      "node_type": "archival_object",
      "has_children": false,
      "suppressed": false,
      "id": 8493,
      "containers": []
    }, {
      "title": "F, 1941\u20131944",
      "instance_types": [],
      "record_uri": "/repositories/2/archival_objects/8494",
      "level": "file",
      "publish": true,
      "children": [],
      "node_type": "archival_object",
      "has_children": false,
      "suppressed": false,
      "id": 8494,
      "containers": []
    }, {
      "title": "Failey, Crawford F., 1942\u20131944",
      "instance_types": [],
      "record_uri": "/repositories/2/archival_objects/8495",
      "level": "file",
      "publish": true,
      "children": [],
      "node_type": "archival_object",
      "has_children": false,
      "suppressed": false,
      "id": 8495,
      "containers": []
    }, {
      "title": "Friedenwald, Jonas S., 1942\u20131944",
      "instance_types": [],
      "record_uri": "/repositories/2/archival_objects/8496",
      "level": "file",
      "publish": true,
      "children": [],
      "node_type": "archival_object",
      "has_children": false,
      "suppressed": false,
      "id": 8496,
      "containers": []
    }, {
      "title": "Fruton, Joseph S., 1942\u20131946",
      "instance_types": [],
      "record_uri": "/repositories/2/archival_objects/8497",
      "level": "file",
      "publish": true,
      "children": [],
      "node_type": "archival_object",
      "has_children": false,
      "suppressed": false,
      "id": 8497,
      "containers": []
    }, {
      "title": "G, 1940\u20131945",
      "instance_types": [],
      "record_uri": "/repositories/2/archival_objects/8498",
      "level": "file",
      "publish": true,
      "children": [],
      "node_type": "archival_object",
      "has_children": false,
      "suppressed": false,
      "id": 8498,
      "containers": []
    }, {
      "title": "Gasser, H. S., 1941\u20131944",
      "instance_types": [],
      "record_uri": "/repositories/2/archival_objects/8499",
      "level": "file",
      "publish": true,
      "children": [],
      "node_type": "archival_object",
      "has_children": false,
      "suppressed": false,
      "id": 8499,
      "containers": []
    }, {
      "title": "Golumbic, Calvin, 1941\u20131945",
      "instance_types": [],
      "record_uri": "/repositories/2/archival_objects/8500",
      "level": "file",
      "publish": true,
      "children": [],
      "node_type": "archival_object",
      "has_children": false,
      "suppressed": false,
      "id": 8500,
      "containers": []
    }, {
      "title": "H, 1941\u20131944",
      "instance_types": [],
      "record_uri": "/repositories/2/archival_objects/8501",
      "level": "file",
      "publish": true,
      "children": [],
      "node_type": "archival_object",
      "has_children": false,
      "suppressed": false,
      "id": 8501,
      "containers": []
    }, {
      "title": "I, 1941\u20131945",
      "instance_types": [],
      "record_uri": "/repositories/2/archival_objects/8502",
      "level": "file",
      "publish": true,
      "children": [],
      "node_type": "archival_object",
      "has_children": false,
      "suppressed": false,
      "id": 8502,
      "containers": []
    }, {
      "title": "Indexes to Reports, 1944",
      "instance_types": [],
      "record_uri": "/repositories/2/archival_objects/8503",
      "level": "file",
      "publish": true,
      "children": [],
      "node_type": "archival_object",
      "has_children": false,
      "suppressed": false,
      "id": 8503,
      "containers": []
    }, {
      "title": "J, 1942\u20131944",
      "instance_types": [],
      "record_uri": "/repositories/2/archival_objects/8504",
      "level": "file",
      "publish": true,
      "children": [],
      "node_type": "archival_object",
      "has_children": false,
      "suppressed": false,
      "id": 8504,
      "containers": []
    }, {
      "title": "K, 1942\u20131944",
      "instance_types": [],
      "record_uri": "/repositories/2/archival_objects/8505",
      "level": "file",
      "publish": true,
      "children": [],
      "node_type": "archival_object",
      "has_children": false,
      "suppressed": false,
      "id": 8505,
      "containers": []
    }, {
      "title": "KB 16: Correspondence, 1942",
      "instance_types": [],
      "record_uri": "/repositories/2/archival_objects/8506",
      "level": "file",
      "publish": true,
      "children": [],
      "node_type": "archival_object",
      "has_children": false,
      "suppressed": false,
      "id": 8506,
      "containers": []
    }, {
      "title": "Kelley, Dr. Louise, 1942\u20131945",
      "instance_types": [],
      "record_uri": "/repositories/2/archival_objects/8507",
      "level": "file",
      "publish": true,
      "children": [],
      "node_type": "archival_object",
      "has_children": false,
      "suppressed": false,
      "id": 8507,
      "containers": []
    }, {
      "title": "L, 1942\u20131944",
      "instance_types": [],
      "record_uri": "/repositories/2/archival_objects/8508",
      "level": "file",
      "publish": true,
      "children": [],
      "node_type": "archival_object",
      "has_children": false,
      "suppressed": false,
      "id": 8508,
      "containers": []
    }, {
      "title": "Literature I, 1943\u20131945",
      "instance_types": [],
      "record_uri": "/repositories/2/archival_objects/8509",
      "level": "file",
      "publish": true,
      "children": [],
      "node_type": "archival_object",
      "has_children": false,
      "suppressed": false,
      "id": 8509,
      "containers": []
    }, {
      "title": "Literature II: A. G. Ogston and R. A. Peters, 1940\u20131943",
      "instance_types": [],
      "record_uri": "/repositories/2/archival_objects/8510",
      "level": "file",
      "publish": true,
      "children": [],
      "node_type": "archival_object",
      "has_children": false,
      "suppressed": false,
      "id": 8510,
      "containers": []
    }, {
      "title": "Literature III: E thru L, 1942\u20131944",
      "instance_types": [],
      "record_uri": "/repositories/2/archival_objects/8511",
      "level": "file",
      "publish": true,
      "children": [],
      "node_type": "archival_object",
      "has_children": false,
      "suppressed": false,
      "id": 8511,
      "containers": []
    }, {
      "title": "Literature IV: Miscellaneous, 1942\u20131943",
      "instance_types": [],
      "record_uri": "/repositories/2/archival_objects/8512",
      "level": "file",
      "publish": true,
      "children": [],
      "node_type": "archival_object",
      "has_children": false,
      "suppressed": false,
      "id": 8512,
      "containers": []
    }, {
      "title": "Literature V: A thru D, 1942\u20131944",
      "instance_types": [],
      "record_uri": "/repositories/2/archival_objects/8513",
      "level": "file",
      "publish": true,
      "children": [],
      "node_type": "archival_object",
      "has_children": false,
      "suppressed": false,
      "id": 8513,
      "containers": []
    }, {
      "title": "Literature VI: M thru P, 1942\u20131944",
      "instance_types": [],
      "record_uri": "/repositories/2/archival_objects/8514",
      "level": "file",
      "publish": true,
      "children": [],
      "node_type": "archival_object",
      "has_children": false,
      "suppressed": false,
      "id": 8514,
      "containers": []
    }, {
      "title": "Literature VII: Michael Heidelberger, 1943",
      "instance_types": [],
      "record_uri": "/repositories/2/archival_objects/8515",
      "level": "file",
      "publish": true,
      "children": [],
      "node_type": "archival_object",
      "has_children": false,
      "suppressed": false,
      "id": 8515,
      "containers": []
    }, {
      "title": "Literature VIII: Edgewood Arsenal, 1943\u20131944",
      "instance_types": [],
      "record_uri": "/repositories/2/archival_objects/8516",
      "level": "file",
      "publish": true,
      "children": [],
      "node_type": "archival_object",
      "has_children": false,
      "suppressed": false,
      "id": 8516,
      "containers": []
    }, {
      "title": "Literature IX: Howe Laboratory, 1942\u20131944",
      "instance_types": [],
      "record_uri": "/repositories/2/archival_objects/8517",
      "level": "file",
      "publish": true,
      "children": [],
      "node_type": "archival_object",
      "has_children": false,
      "suppressed": false,
      "id": 8517,
      "containers": []
    }, {
      "title": "Literature X: Salter, William T., 1942\u20131944",
      "instance_types": [],
      "record_uri": "/repositories/2/archival_objects/8518",
      "level": "file",
      "publish": true,
      "children": [],
      "node_type": "archival_object",
      "has_children": false,
      "suppressed": false,
      "id": 8518,
      "containers": []
    }, {
      "title": "Literature XI: Skipper, H. E., 1943",
      "instance_types": [],
      "record_uri": "/repositories/2/archival_objects/8519",
      "level": "file",
      "publish": true,
      "children": [],
      "node_type": "archival_object",
      "has_children": false,
      "suppressed": false,
      "id": 8519,
      "containers": []
    }, {
      "title": "Literature XII: Porton Reports, 1942\u20131944",
      "instance_types": [],
      "record_uri": "/repositories/2/archival_objects/8520",
      "level": "file",
      "publish": true,
      "children": [],
      "node_type": "archival_object",
      "has_children": false,
      "suppressed": false,
      "id": 8520,
      "containers": []
    }, {
      "title": "Literature XIII: Q thru Z, 1941\u20131944",
      "instance_types": [],
      "record_uri": "/repositories/2/archival_objects/8521",
      "level": "file",
      "publish": true,
      "children": [],
      "node_type": "archival_object",
      "has_children": false,
      "suppressed": false,
      "id": 8521,
      "containers": []
    }, {
      "title": "Literature XIV: Wilmer Institute, 1942\u20131943",
      "instance_types": [],
      "record_uri": "/repositories/2/archival_objects/8522",
      "level": "file",
      "publish": true,
      "children": [],
      "node_type": "archival_object",
      "has_children": false,
      "suppressed": false,
      "id": 8522,
      "containers": []
    }, {
      "title": "M, 1941\u20131944",
      "instance_types": [],
      "record_uri": "/repositories/2/archival_objects/8523",
      "level": "file",
      "publish": true,
      "children": [],
      "node_type": "archival_object",
      "has_children": false,
      "suppressed": false,
      "id": 8523,
      "containers": []
    }, {
      "title": "Mail, 1941\u20131944",
      "instance_types": [],
      "record_uri": "/repositories/2/archival_objects/8524",
      "level": "file",
      "publish": true,
      "children": [],
      "node_type": "archival_object",
      "has_children": false,
      "suppressed": false,
      "id": 8524,
      "containers": []
    }, {
      "title": "Material Received, 1942",
      "instance_types": [],
      "record_uri": "/repositories/2/archival_objects/8525",
      "level": "file",
      "publish": true,
      "children": [],
      "node_type": "archival_object",
      "has_children": false,
      "suppressed": false,
      "id": 8525,
      "containers": []
    }, {
      "title": "McClean, Franklin C., 1942\u20131944",
      "instance_types": [],
      "record_uri": "/repositories/2/archival_objects/8526",
      "level": "file",
      "publish": true,
      "children": [],
      "node_type": "archival_object",
      "has_children": false,
      "suppressed": false,
      "id": 8526,
      "containers": []
    }, {
      "title": "McMaster, Philip D., 1942\u20131944",
      "instance_types": [],
      "record_uri": "/repositories/2/archival_objects/8527",
      "level": "file",
      "publish": true,
      "children": [],
      "node_type": "archival_object",
      "has_children": false,
      "suppressed": false,
      "id": 8527,
      "containers": []
    }, {
      "title": "Me, 1942\u20131944",
      "instance_types": [],
      "record_uri": "/repositories/2/archival_objects/8528",
      "level": "file",
      "publish": true,
      "children": [],
      "node_type": "archival_object",
      "has_children": false,
      "suppressed": false,
      "id": 8528,
      "containers": []
    }, {
      "title": "Meetings",
      "instance_types": [],
      "record_uri": "/repositories/2/archival_objects/8529",
      "level": "file",
      "publish": true,
      "children": [{
        "title": "Invitations, 1941\u20131944",
        "instance_types": [],
        "record_uri": "/repositories/2/archival_objects/8530",
        "level": "file",
        "publish": true,
        "children": [],
        "node_type": "archival_object",
        "has_children": false,
        "suppressed": false,
        "id": 8530,
        "containers": []
      }, {
        "title": "Minutes and Notes, 1942\u20131944",
        "instance_types": [],
        "record_uri": "/repositories/2/archival_objects/8531",
        "level": "file",
        "publish": true,
        "children": [],
        "node_type": "archival_object",
        "has_children": false,
        "suppressed": false,
        "id": 8531,
        "containers": []
      }],
      "node_type": "archival_object",
      "has_children": true,
      "suppressed": false,
      "id": 8529,
      "containers": []
    }, {
      "title": "Moore, Stanford , undated, 1942\u20131946",
      "instance_types": [],
      "record_uri": "/repositories/2/archival_objects/8532",
      "level": "file",
      "publish": true,
      "children": [],
      "node_type": "archival_object",
      "has_children": false,
      "suppressed": false,
      "id": 8532,
      "containers": []
    }, {
      "title": "N, 1941\u20131946",
      "instance_types": [],
      "record_uri": "/repositories/2/archival_objects/8533",
      "level": "file",
      "publish": true,
      "children": [],
      "node_type": "archival_object",
      "has_children": false,
      "suppressed": false,
      "id": 8533,
      "containers": []
    }, {
      "title": "Nagy, Stephen, 1942\u20131944",
      "instance_types": [],
      "record_uri": "/repositories/2/archival_objects/8534",
      "level": "file",
      "publish": true,
      "children": [],
      "node_type": "archival_object",
      "has_children": false,
      "suppressed": false,
      "id": 8534,
      "containers": []
    }, {
      "title": "Northrop, John H., 1941\u20131944",
      "instance_types": [],
      "record_uri": "/repositories/2/archival_objects/8535",
      "level": "file",
      "publish": true,
      "children": [],
      "node_type": "archival_object",
      "has_children": false,
      "suppressed": false,
      "id": 8535,
      "containers": []
    }, {
      "title": "O, 1941\u20131945",
      "instance_types": [],
      "record_uri": "/repositories/2/archival_objects/8536",
      "level": "file",
      "publish": true,
      "children": [],
      "node_type": "archival_object",
      "has_children": false,
      "suppressed": false,
      "id": 8536,
      "containers": []
    }, {
      "title": "Office Memorandum (2 folders), 1940\u20131945",
      "instance_types": [],
      "record_uri": "/repositories/2/archival_objects/8537",
      "level": "file",
      "publish": true,
      "children": [],
      "node_type": "archival_object",
      "has_children": false,
      "suppressed": false,
      "id": 8537,
      "containers": []
    }, {
      "title": "P, 1941\u20131944",
      "instance_types": [],
      "record_uri": "/repositories/2/archival_objects/8538",
      "level": "file",
      "publish": true,
      "children": [],
      "node_type": "archival_object",
      "has_children": false,
      "suppressed": false,
      "id": 8538,
      "containers": []
    }, {
      "title": "Pending, 1942\u20131946",
      "instance_types": [],
      "record_uri": "/repositories/2/archival_objects/8539",
      "level": "file",
      "publish": true,
      "children": [],
      "node_type": "archival_object",
      "has_children": false,
      "suppressed": false,
      "id": 8539,
      "containers": []
    }, {
      "title": "Penetration Work, 1943\u20131944",
      "instance_types": [],
      "record_uri": "/repositories/2/archival_objects/8540",
      "level": "file",
      "publish": true,
      "children": [],
      "node_type": "archival_object",
      "has_children": false,
      "suppressed": false,
      "id": 8540,
      "containers": []
    }, {
      "title": "Q, 1942\u20131944",
      "instance_types": [],
      "record_uri": "/repositories/2/archival_objects/8541",
      "level": "file",
      "publish": true,
      "children": [],
      "node_type": "archival_object",
      "has_children": false,
      "suppressed": false,
      "id": 8541,
      "containers": []
    }, {
      "title": "R, 1942\u20131945",
      "instance_types": [],
      "record_uri": "/repositories/2/archival_objects/8542",
      "level": "file",
      "publish": true,
      "children": [],
      "node_type": "archival_object",
      "has_children": false,
      "suppressed": false,
      "id": 8542,
      "containers": []
    }, {
      "title": "Renshaw, Birdseye, 1943\u20131945",
      "instance_types": [],
      "record_uri": "/repositories/2/archival_objects/8543",
      "level": "file",
      "publish": true,
      "children": [],
      "node_type": "archival_object",
      "has_children": false,
      "suppressed": false,
      "id": 8543,
      "containers": []
    }, {
      "title": "Receipts",
      "instance_types": [],
      "record_uri": "/repositories/2/archival_objects/8544",
      "level": "file",
      "publish": true,
      "children": [{
        "title": "A reports, 1942\u20131944",
        "instance_types": [],
        "record_uri": "/repositories/2/archival_objects/8545",
        "level": "file",
        "publish": true,
        "children": [],
        "node_type": "archival_object",
        "has_children": false,
        "suppressed": false,
        "id": 8545,
        "containers": []
      }, {
        "title": "B reports (2 folders), 1941\u20131945",
        "instance_types": [],
        "record_uri": "/repositories/2/archival_objects/8546",
        "level": "file",
        "publish": true,
        "children": [],
        "node_type": "archival_object",
        "has_children": false,
        "suppressed": false,
        "id": 8546,
        "containers": []
      }, {
        "title": "Bushnell Weekly News Letters, 1944\u20131945",
        "instance_types": [],
        "record_uri": "/repositories/2/archival_objects/8547",
        "level": "file",
        "publish": true,
        "children": [],
        "node_type": "archival_object",
        "has_children": false,
        "suppressed": false,
        "id": 8547,
        "containers": []
      }, {
        "title": "C reports, 1942\u20131945",
        "instance_types": [],
        "record_uri": "/repositories/2/archival_objects/8548",
        "level": "file",
        "publish": true,
        "children": [],
        "node_type": "archival_object",
        "has_children": false,
        "suppressed": false,
        "id": 8548,
        "containers": []
      }, {
        "title": "CMR Reports, 1943\u20131945",
        "instance_types": [],
        "record_uri": "/repositories/2/archival_objects/8549",
        "level": "file",
        "publish": true,
        "children": [],
        "node_type": "archival_object",
        "has_children": false,
        "suppressed": false,
        "id": 8549,
        "containers": []
      }, {
        "title": "Miscellaneous, 1942\u20131946",
        "instance_types": [],
        "record_uri": "/repositories/2/archival_objects/8550",
        "level": "file",
        "publish": true,
        "children": [],
        "node_type": "archival_object",
        "has_children": false,
        "suppressed": false,
        "id": 8550,
        "containers": []
      }, {
        "title": "Moore, Stanford, 1943\u20131944",
        "instance_types": [],
        "record_uri": "/repositories/2/archival_objects/8551",
        "level": "file",
        "publish": true,
        "children": [],
        "node_type": "archival_object",
        "has_children": false,
        "suppressed": false,
        "id": 8551,
        "containers": []
      }, {
        "title": "Progress Reports, 1942\u20131945",
        "instance_types": [],
        "record_uri": "/repositories/2/archival_objects/8552",
        "level": "file",
        "publish": true,
        "children": [],
        "node_type": "archival_object",
        "has_children": false,
        "suppressed": false,
        "id": 8552,
        "containers": []
      }, {
        "title": "Reports Returned to Washington, 1946",
        "instance_types": [],
        "record_uri": "/repositories/2/archival_objects/8553",
        "level": "file",
        "publish": true,
        "children": [],
        "node_type": "archival_object",
        "has_children": false,
        "suppressed": false,
        "id": 8553,
        "containers": []
      }, {
        "title": "Special Reports (2 folders), 1942\u20131945",
        "instance_types": [],
        "record_uri": "/repositories/2/archival_objects/8554",
        "level": "file",
        "publish": true,
        "children": [],
        "node_type": "archival_object",
        "has_children": false,
        "suppressed": false,
        "id": 8554,
        "containers": []
      }],
      "node_type": "archival_object",
      "has_children": true,
      "suppressed": false,
      "id": 8544,
      "containers": []
    }, {
      "title": "Reports",
      "instance_types": [],
      "record_uri": "/repositories/2/archival_objects/8555",
      "level": "file",
      "publish": true,
      "children": [{
        "title": "9:5:1, 1942\u20131945",
        "instance_types": [],
        "record_uri": "/repositories/2/archival_objects/8556",
        "level": "file",
        "publish": true,
        "children": [],
        "node_type": "archival_object",
        "has_children": false,
        "suppressed": false,
        "id": 8556,
        "containers": []
      }, {
        "title": "Borrowed Log, 1944\u20131945",
        "instance_types": [],
        "record_uri": "/repositories/2/archival_objects/8557",
        "level": "file",
        "publish": true,
        "children": [],
        "node_type": "archival_object",
        "has_children": false,
        "suppressed": false,
        "id": 8557,
        "containers": []
      }, {
        "title": "CMR, 1943\u20131945",
        "instance_types": [],
        "record_uri": "/repositories/2/archival_objects/8558",
        "level": "file",
        "publish": true,
        "children": [],
        "node_type": "archival_object",
        "has_children": false,
        "suppressed": false,
        "id": 8558,
        "containers": []
      }, {
        "title": "Disposition of Extra Copies, 1942\u20131945",
        "instance_types": [],
        "record_uri": "/repositories/2/archival_objects/8559",
        "level": "file",
        "publish": true,
        "children": [],
        "node_type": "archival_object",
        "has_children": false,
        "suppressed": false,
        "id": 8559,
        "containers": []
      }, {
        "title": "Received, A\u2013B\u2013C, 1942\u20131945",
        "instance_types": [],
        "record_uri": "/repositories/2/archival_objects/8560",
        "level": "file",
        "publish": true,
        "children": [],
        "node_type": "archival_object",
        "has_children": false,
        "suppressed": false,
        "id": 8560,
        "containers": []
      }, {
        "title": "Received Log, 1943\u20131945",
        "instance_types": [],
        "record_uri": "/repositories/2/archival_objects/8561",
        "level": "file",
        "publish": true,
        "children": [],
        "node_type": "archival_object",
        "has_children": false,
        "suppressed": false,
        "id": 8561,
        "containers": []
      }, {
        "title": "Received, Other Progress Reports (3 folders), 1942\u20131945",
        "instance_types": [],
        "record_uri": "/repositories/2/archival_objects/8562",
        "level": "file",
        "publish": true,
        "children": [],
        "node_type": "archival_object",
        "has_children": false,
        "suppressed": false,
        "id": 8562,
        "containers": []
      }, {
        "title": "Returned to Washington, 1946",
        "instance_types": [],
        "record_uri": "/repositories/2/archival_objects/8563",
        "level": "file",
        "publish": true,
        "children": [],
        "node_type": "archival_object",
        "has_children": false,
        "suppressed": false,
        "id": 8563,
        "containers": []
      }],
      "node_type": "archival_object",
      "has_children": true,
      "suppressed": false,
      "id": 8555,
      "containers": []
    }, {
      "title": "S, 1941\u20131945",
      "instance_types": [],
      "record_uri": "/repositories/2/archival_objects/8564",
      "level": "file",
      "publish": true,
      "children": [],
      "node_type": "archival_object",
      "has_children": false,
      "suppressed": false,
      "id": 8564,
      "containers": []
    }, {
      "title": "S 1130 Compound, 1942\u20131943",
      "instance_types": [],
      "record_uri": "/repositories/2/archival_objects/8565",
      "level": "file",
      "publish": true,
      "children": [],
      "node_type": "archival_object",
      "has_children": false,
      "suppressed": false,
      "id": 8565,
      "containers": []
    }, {
      "title": "Samples: Received and Sent Out, 1942\u20131944",
      "instance_types": [],
      "record_uri": "/repositories/2/archival_objects/8566",
      "level": "file",
      "publish": true,
      "children": [],
      "node_type": "archival_object",
      "has_children": false,
      "suppressed": false,
      "id": 8566,
      "containers": []
    }, {
      "title": "Selective Service Deferment (2 folders), 1941\u20131945",
      "instance_types": [],
      "record_uri": "/repositories/2/archival_objects/8567",
      "level": "file",
      "publish": true,
      "children": [],
      "node_type": "archival_object",
      "has_children": false,
      "suppressed": false,
      "id": 8567,
      "containers": []
    }, {
      "title": "Shriner, R. L., 1943",
      "instance_types": [],
      "record_uri": "/repositories/2/archival_objects/8568",
      "level": "file",
      "publish": true,
      "children": [],
      "node_type": "archival_object",
      "has_children": false,
      "suppressed": false,
      "id": 8568,
      "containers": []
    }, {
      "title": "Smith, Homer W.",
      "instance_types": [],
      "record_uri": "/repositories/2/archival_objects/8569",
      "level": "file",
      "publish": true,
      "children": [{
        "title": "I. Miscellaneous Correspondence, 1942\u20131945",
        "instance_types": [],
        "record_uri": "/repositories/2/archival_objects/8570",
        "level": "file",
        "publish": true,
        "children": [],
        "node_type": "archival_object",
        "has_children": false,
        "suppressed": false,
        "id": 8570,
        "containers": []
      }, {
        "title": "II. Invitations to Meetings, 1942",
        "instance_types": [],
        "record_uri": "/repositories/2/archival_objects/8571",
        "level": "file",
        "publish": true,
        "children": [],
        "node_type": "archival_object",
        "has_children": false,
        "suppressed": false,
        "id": 8571,
        "containers": []
      }, {
        "title": "III. Reports, 1942\u20131945",
        "instance_types": [],
        "record_uri": "/repositories/2/archival_objects/8572",
        "level": "file",
        "publish": true,
        "children": [],
        "node_type": "archival_object",
        "has_children": false,
        "suppressed": false,
        "id": 8572,
        "containers": []
      }, {
        "title": "IV. Samples Sent, 1942\u20131944",
        "instance_types": [],
        "record_uri": "/repositories/2/archival_objects/8573",
        "level": "file",
        "publish": true,
        "children": [],
        "node_type": "archival_object",
        "has_children": false,
        "suppressed": false,
        "id": 8573,
        "containers": []
      }],
      "node_type": "archival_object",
      "has_children": true,
      "suppressed": false,
      "id": 8569,
      "containers": []
    }, {
      "title": "Stahmann, Mark A.",
      "instance_types": [],
      "record_uri": "/repositories/2/archival_objects/8574",
      "level": "file",
      "publish": true,
      "children": [{
        "title": "General, 1942\u20131945",
        "instance_types": [],
        "record_uri": "/repositories/2/archival_objects/8575",
        "level": "file",
        "publish": true,
        "children": [],
        "node_type": "archival_object",
        "has_children": false,
        "suppressed": false,
        "id": 8575,
        "containers": []
      }, {
        "title": "C.W. Agents Program, 1943",
        "instance_types": [],
        "record_uri": "/repositories/2/archival_objects/8576",
        "level": "file",
        "publish": true,
        "children": [],
        "node_type": "archival_object",
        "has_children": false,
        "suppressed": false,
        "id": 8576,
        "containers": []
      }],
      "node_type": "archival_object",
      "has_children": true,
      "suppressed": false,
      "id": 8574,
      "containers": []
    }, {
      "title": "Stein, William H., 1942\u20131946",
      "instance_types": [],
      "record_uri": "/repositories/2/archival_objects/8577",
      "level": "file",
      "publish": true,
      "children": [],
      "node_type": "archival_object",
      "has_children": false,
      "suppressed": false,
      "id": 8577,
      "containers": []
    }, {
      "title": "Stewart, Irvin, 1942\u20131945",
      "instance_types": [],
      "record_uri": "/repositories/2/archival_objects/8578",
      "level": "file",
      "publish": true,
      "children": [],
      "node_type": "archival_object",
      "has_children": false,
      "suppressed": false,
      "id": 8578,
      "containers": []
    }, {
      "title": "Stock, C. Chester, 1942\u20131944",
      "instance_types": [],
      "record_uri": "/repositories/2/archival_objects/8579",
      "level": "file",
      "publish": true,
      "children": [],
      "node_type": "archival_object",
      "has_children": false,
      "suppressed": false,
      "id": 8579,
      "containers": []
    }, {
      "title": "T, 1942\u20131945",
      "instance_types": [],
      "record_uri": "/repositories/2/archival_objects/8580",
      "level": "file",
      "publish": true,
      "children": [],
      "node_type": "archival_object",
      "has_children": false,
      "suppressed": false,
      "id": 8580,
      "containers": []
    }, {
      "title": "Telephone Numbers, 1941, 1942",
      "instance_types": [],
      "record_uri": "/repositories/2/archival_objects/8581",
      "level": "file",
      "publish": true,
      "children": [],
      "node_type": "archival_object",
      "has_children": false,
      "suppressed": false,
      "id": 8581,
      "containers": []
    }, {
      "title": "Substituted Thioureases: Yoe and Overholser, undated",
      "instance_types": [],
      "record_uri": "/repositories/2/archival_objects/8582",
      "level": "file",
      "publish": true,
      "children": [],
      "node_type": "archival_object",
      "has_children": false,
      "suppressed": false,
      "id": 8582,
      "containers": []
    }, {
      "title": "Travel, 1942",
      "instance_types": [],
      "record_uri": "/repositories/2/archival_objects/8583",
      "level": "file",
      "publish": true,
      "children": [],
      "node_type": "archival_object",
      "has_children": false,
      "suppressed": false,
      "id": 8583,
      "containers": []
    }, {
      "title": "U, 1942\u20131943",
      "instance_types": [],
      "record_uri": "/repositories/2/archival_objects/8584",
      "level": "file",
      "publish": true,
      "children": [],
      "node_type": "archival_object",
      "has_children": false,
      "suppressed": false,
      "id": 8584,
      "containers": []
    }, {
      "title": "V, 1942\u20131944",
      "instance_types": [],
      "record_uri": "/repositories/2/archival_objects/8585",
      "level": "file",
      "publish": true,
      "children": [],
      "node_type": "archival_object",
      "has_children": false,
      "suppressed": false,
      "id": 8585,
      "containers": []
    }, {
      "title": "Vickery, H. B., 1942",
      "instance_types": [],
      "record_uri": "/repositories/2/archival_objects/8586",
      "level": "file",
      "publish": true,
      "children": [],
      "node_type": "archival_object",
      "has_children": false,
      "suppressed": false,
      "id": 8586,
      "containers": []
    }, {
      "title": "W, 1942\u20131944",
      "instance_types": [],
      "record_uri": "/repositories/2/archival_objects/8587",
      "level": "file",
      "publish": true,
      "children": [],
      "node_type": "archival_object",
      "has_children": false,
      "suppressed": false,
      "id": 8587,
      "containers": []
    }, {
      "title": "W Agent, 1943\u20131945",
      "instance_types": [],
      "record_uri": "/repositories/2/archival_objects/8588",
      "level": "file",
      "publish": true,
      "children": [],
      "node_type": "archival_object",
      "has_children": false,
      "suppressed": false,
      "id": 8588,
      "containers": []
    }, {
      "title": "X\u2013Y\u2013Z, 1942\u20131945",
      "instance_types": [],
      "record_uri": "/repositories/2/archival_objects/8589",
      "level": "file",
      "publish": true,
      "children": [],
      "node_type": "archival_object",
      "has_children": false,
      "suppressed": false,
      "id": 8589,
      "containers": []
    }],
    "node_type": "archival_object",
    "has_children": true,
    "suppressed": false,
    "id": 8468,
    "containers": []
  }, {
    "title": "Research, 1940\u20131946",
    "instance_types": [],
    "record_uri": "/repositories/2/archival_objects/8590",
    "level": "series",
    "publish": true,
    "children": [{
      "title": "British Reports, undated, 1941\u20131942",
      "instance_types": [],
      "record_uri": "/repositories/2/archival_objects/8591",
      "level": "file",
      "publish": true,
      "children": [],
      "node_type": "archival_object",
      "has_children": false,
      "suppressed": false,
      "id": 8591,
      "containers": []
    }, {
      "title": "Drafts and Corrections",
      "instance_types": [],
      "record_uri": "/repositories/2/archival_objects/8592",
      "level": "file",
      "publish": true,
      "children": [{
        "title": "KB\u201316 Report, undated",
        "instance_types": [],
        "record_uri": "/repositories/2/archival_objects/8593",
        "level": "file",
        "publish": true,
        "children": [],
        "node_type": "archival_object",
        "has_children": false,
        "suppressed": false,
        "id": 8593,
        "containers": []
      }, {
        "title": "N\u2013Mustards Reports (8 folders), [194?]",
        "instance_types": [],
        "record_uri": "/repositories/2/archival_objects/8594",
        "level": "file",
        "publish": true,
        "children": [],
        "node_type": "archival_object",
        "has_children": false,
        "suppressed": false,
        "id": 8594,
        "containers": []
      }, {
        "title": "Penetration Report, 1946",
        "instance_types": [],
        "record_uri": "/repositories/2/archival_objects/8595",
        "level": "file",
        "publish": true,
        "children": [],
        "node_type": "archival_object",
        "has_children": false,
        "suppressed": false,
        "id": 8595,
        "containers": []
      }, {
        "title": "S\u2013Mustards Reports (7 folders), [194?]",
        "instance_types": [],
        "record_uri": "/repositories/2/archival_objects/8596",
        "level": "file",
        "publish": true,
        "children": [],
        "node_type": "archival_object",
        "has_children": false,
        "suppressed": false,
        "id": 8596,
        "containers": []
      }],
      "node_type": "archival_object",
      "has_children": true,
      "suppressed": false,
      "id": 8592,
      "containers": []
    }, {
      "title": "Formal Progress Reports",
      "instance_types": [],
      "record_uri": "/repositories/2/archival_objects/8597",
      "level": "file",
      "publish": true,
      "children": [{
        "title": "Chemical Reactions of Divinyl Sulfone, H Sulfone, and Divinyl Sulfoxide, 1944",
        "instance_types": [],
        "record_uri": "/repositories/2/archival_objects/8598",
        "level": "file",
        "publish": true,
        "children": [],
        "node_type": "archival_object",
        "has_children": false,
        "suppressed": false,
        "id": 8598,
        "containers": []
      }, {
        "title": "Chemical Reactions of the Nitrogen Mustards, 1944",
        "instance_types": [],
        "record_uri": "/repositories/2/archival_objects/8599",
        "level": "file",
        "publish": true,
        "children": [],
        "node_type": "archival_object",
        "has_children": false,
        "suppressed": false,
        "id": 8599,
        "containers": []
      }, {
        "title": "Chemical Reactions of Semi\u2013H and H, 1944",
        "instance_types": [],
        "record_uri": "/repositories/2/archival_objects/8600",
        "level": "file",
        "publish": true,
        "children": [],
        "node_type": "archival_object",
        "has_children": false,
        "suppressed": false,
        "id": 8600,
        "containers": []
      }, {
        "title": "The Chemistry of Q, 1944",
        "instance_types": [],
        "record_uri": "/repositories/2/archival_objects/8601",
        "level": "file",
        "publish": true,
        "children": [],
        "node_type": "archival_object",
        "has_children": false,
        "suppressed": false,
        "id": 8601,
        "containers": []
      }, {
        "title": "The Chemistry of Sulfonium Salts Related to H, 1944",
        "instance_types": [],
        "record_uri": "/repositories/2/archival_objects/8602",
        "level": "file",
        "publish": true,
        "children": [],
        "node_type": "archival_object",
        "has_children": false,
        "suppressed": false,
        "id": 8602,
        "containers": []
      }, {
        "title": "N\u2013Nitroso\u2013N\u2013Chloroethylcarbamic Acid Methyl Ester (TL 186), 1942",
        "instance_types": [],
        "record_uri": "/repositories/2/archival_objects/8603",
        "level": "file",
        "publish": true,
        "children": [],
        "node_type": "archival_object",
        "has_children": false,
        "suppressed": false,
        "id": 8603,
        "containers": []
      }, {
        "title": "The Penetration of Vesicant Vapors into Human Skin, 1945",
        "instance_types": [],
        "record_uri": "/repositories/2/archival_objects/8604",
        "level": "file",
        "publish": true,
        "children": [],
        "node_type": "archival_object",
        "has_children": false,
        "suppressed": false,
        "id": 8604,
        "containers": []
      }, {
        "title": "The Reactions of Amine Mustards with Chemical Constituents of Biological Systems, 1943",
        "instance_types": [],
        "record_uri": "/repositories/2/archival_objects/8605",
        "level": "file",
        "publish": true,
        "children": [],
        "node_type": "archival_object",
        "has_children": false,
        "suppressed": false,
        "id": 8605,
        "containers": []
      }, {
        "title": "The Reactions of DH, TL 146, TL 329, and TL 145 with Some Chemical Constituents of Biological Systems, 1943",
        "instance_types": [],
        "record_uri": "/repositories/2/archival_objects/8606",
        "level": "file",
        "publish": true,
        "children": [],
        "node_type": "archival_object",
        "has_children": false,
        "suppressed": false,
        "id": 8606,
        "containers": []
      }, {
        "title": "Some Reactions of Mustard Gas with Proteins and Proteolytic Enzymes, 1943",
        "instance_types": [],
        "record_uri": "/repositories/2/archival_objects/8607",
        "level": "file",
        "publish": true,
        "children": [],
        "node_type": "archival_object",
        "has_children": false,
        "suppressed": false,
        "id": 8607,
        "containers": []
      }],
      "node_type": "archival_object",
      "has_children": true,
      "suppressed": false,
      "id": 8597,
      "containers": []
    }, {
      "title": "Informal Progress Reports",
      "instance_types": [],
      "record_uri": "/repositories/2/archival_objects/8608",
      "level": "file",
      "publish": true,
      "children": [{
        "title": "December, 1941",
        "instance_types": [],
        "record_uri": "/repositories/2/archival_objects/8609",
        "level": "file",
        "publish": true,
        "children": [],
        "node_type": "archival_object",
        "has_children": false,
        "suppressed": false,
        "id": 8609,
        "containers": []
      }, {
        "title": "January \u2013 February, 1942",
        "instance_types": [],
        "record_uri": "/repositories/2/archival_objects/8610",
        "level": "file",
        "publish": true,
        "children": [],
        "node_type": "archival_object",
        "has_children": false,
        "suppressed": false,
        "id": 8610,
        "containers": []
      }, {
        "title": "March \u2013 April, 1942",
        "instance_types": [],
        "record_uri": "/repositories/2/archival_objects/8611",
        "level": "file",
        "publish": true,
        "children": [],
        "node_type": "archival_object",
        "has_children": false,
        "suppressed": false,
        "id": 8611,
        "containers": []
      }, {
        "title": "May \u2013 June, 1942",
        "instance_types": [],
        "record_uri": "/repositories/2/archival_objects/8612",
        "level": "file",
        "publish": true,
        "children": [],
        "node_type": "archival_object",
        "has_children": false,
        "suppressed": false,
        "id": 8612,
        "containers": []
      }, {
        "title": "July \u2013 August, 1942",
        "instance_types": [],
        "record_uri": "/repositories/2/archival_objects/8613",
        "level": "file",
        "publish": true,
        "children": [],
        "node_type": "archival_object",
        "has_children": false,
        "suppressed": false,
        "id": 8613,
        "containers": []
      }, {
        "title": "September \u2013 October, 1942",
        "instance_types": [],
        "record_uri": "/repositories/2/archival_objects/8614",
        "level": "file",
        "publish": true,
        "children": [],
        "node_type": "archival_object",
        "has_children": false,
        "suppressed": false,
        "id": 8614,
        "containers": []
      }, {
        "title": "November \u2013 December, 1942",
        "instance_types": [],
        "record_uri": "/repositories/2/archival_objects/8615",
        "level": "file",
        "publish": true,
        "children": [],
        "node_type": "archival_object",
        "has_children": false,
        "suppressed": false,
        "id": 8615,
        "containers": []
      }, {
        "title": "January \u2013 February, 1943",
        "instance_types": [],
        "record_uri": "/repositories/2/archival_objects/8616",
        "level": "file",
        "publish": true,
        "children": [],
        "node_type": "archival_object",
        "has_children": false,
        "suppressed": false,
        "id": 8616,
        "containers": []
      }, {
        "title": "March \u2013 April, 1943",
        "instance_types": [],
        "record_uri": "/repositories/2/archival_objects/8617",
        "level": "file",
        "publish": true,
        "children": [],
        "node_type": "archival_object",
        "has_children": false,
        "suppressed": false,
        "id": 8617,
        "containers": []
      }, {
        "title": "May \u2013 June, 1943",
        "instance_types": [],
        "record_uri": "/repositories/2/archival_objects/8618",
        "level": "file",
        "publish": true,
        "children": [],
        "node_type": "archival_object",
        "has_children": false,
        "suppressed": false,
        "id": 8618,
        "containers": []
      }, {
        "title": "July \u2013 August, 1943",
        "instance_types": [],
        "record_uri": "/repositories/2/archival_objects/8619",
        "level": "file",
        "publish": true,
        "children": [],
        "node_type": "archival_object",
        "has_children": false,
        "suppressed": false,
        "id": 8619,
        "containers": []
      }, {
        "title": "September \u2013 October, 1943",
        "instance_types": [],
        "record_uri": "/repositories/2/archival_objects/8620",
        "level": "file",
        "publish": true,
        "children": [],
        "node_type": "archival_object",
        "has_children": false,
        "suppressed": false,
        "id": 8620,
        "containers": []
      }, {
        "title": "November \u2013 December, 1943",
        "instance_types": [],
        "record_uri": "/repositories/2/archival_objects/8621",
        "level": "file",
        "publish": true,
        "children": [],
        "node_type": "archival_object",
        "has_children": false,
        "suppressed": false,
        "id": 8621,
        "containers": []
      }, {
        "title": "January \u2013 February, 1944",
        "instance_types": [],
        "record_uri": "/repositories/2/archival_objects/8622",
        "level": "file",
        "publish": true,
        "children": [],
        "node_type": "archival_object",
        "has_children": false,
        "suppressed": false,
        "id": 8622,
        "containers": []
      }, {
        "title": "March \u2013 April, 1944",
        "instance_types": [],
        "record_uri": "/repositories/2/archival_objects/8623",
        "level": "file",
        "publish": true,
        "children": [],
        "node_type": "archival_object",
        "has_children": false,
        "suppressed": false,
        "id": 8623,
        "containers": []
      }, {
        "title": "May \u2013 June, 1944",
        "instance_types": [],
        "record_uri": "/repositories/2/archival_objects/8624",
        "level": "file",
        "publish": true,
        "children": [],
        "node_type": "archival_object",
        "has_children": false,
        "suppressed": false,
        "id": 8624,
        "containers": []
      }, {
        "title": "July \u2013 August, 1944",
        "instance_types": [],
        "record_uri": "/repositories/2/archival_objects/8625",
        "level": "file",
        "publish": true,
        "children": [],
        "node_type": "archival_object",
        "has_children": false,
        "suppressed": false,
        "id": 8625,
        "containers": []
      }, {
        "title": "September \u2013 October, 1944",
        "instance_types": [],
        "record_uri": "/repositories/2/archival_objects/8626",
        "level": "file",
        "publish": true,
        "children": [],
        "node_type": "archival_object",
        "has_children": false,
        "suppressed": false,
        "id": 8626,
        "containers": []
      }, {
        "title": "November \u2013 December, 1944",
        "instance_types": [],
        "record_uri": "/repositories/2/archival_objects/8627",
        "level": "file",
        "publish": true,
        "children": [],
        "node_type": "archival_object",
        "has_children": false,
        "suppressed": false,
        "id": 8627,
        "containers": []
      }],
      "node_type": "archival_object",
      "has_children": true,
      "suppressed": false,
      "id": 8608,
      "containers": []
    }, {
      "title": "Laboratory Scientific and Volunteer Staff, 1934\u20131945",
      "instance_types": [],
      "record_uri": "/repositories/2/archival_objects/8628",
      "level": "file",
      "publish": true,
      "children": [],
      "node_type": "archival_object",
      "has_children": false,
      "suppressed": false,
      "id": 8628,
      "containers": []
    }, {
      "title": "Moore, Stanford",
      "instance_types": [],
      "record_uri": "/repositories/2/archival_objects/8629",
      "level": "file",
      "publish": true,
      "children": [{
        "title": "Laboratory Notes, 1942",
        "instance_types": [],
        "record_uri": "/repositories/2/archival_objects/8630",
        "level": "file",
        "publish": true,
        "children": [],
        "node_type": "archival_object",
        "has_children": false,
        "suppressed": false,
        "id": 8630,
        "containers": []
      }, {
        "title": "Literature Notes, 1942",
        "instance_types": [],
        "record_uri": "/repositories/2/archival_objects/8631",
        "level": "file",
        "publish": true,
        "children": [],
        "node_type": "archival_object",
        "has_children": false,
        "suppressed": false,
        "id": 8631,
        "containers": []
      }],
      "node_type": "archival_object",
      "has_children": true,
      "suppressed": false,
      "id": 8629,
      "containers": []
    }, {
      "title": "Report Summaries: Copy Instructions, 1942\u20131943",
      "instance_types": [],
      "record_uri": "/repositories/2/archival_objects/8632",
      "level": "file",
      "publish": true,
      "children": [],
      "node_type": "archival_object",
      "has_children": false,
      "suppressed": false,
      "id": 8632,
      "containers": []
    }, {
      "title": "Stein, William H.",
      "instance_types": [],
      "record_uri": "/repositories/2/archival_objects/8633",
      "level": "file",
      "publish": true,
      "children": [{
        "title": "Chapter 19. Chemical Reactions of the Sulfur and Nitrogen Mustards, undated, 1946",
        "instance_types": [],
        "record_uri": "/repositories/2/archival_objects/8634",
        "level": "file",
        "publish": true,
        "children": [],
        "node_type": "archival_object",
        "has_children": false,
        "suppressed": false,
        "id": 8634,
        "containers": []
      }, {
        "title": "Laboratory Notes, 1942",
        "instance_types": [],
        "record_uri": "/repositories/2/archival_objects/8635",
        "level": "file",
        "publish": true,
        "children": [],
        "node_type": "archival_object",
        "has_children": false,
        "suppressed": false,
        "id": 8635,
        "containers": []
      }, {
        "title": "Laboratory Notes, 1943\u20131944",
        "instance_types": [],
        "record_uri": "/repositories/2/archival_objects/8636",
        "level": "file",
        "publish": true,
        "children": [],
        "node_type": "archival_object",
        "has_children": false,
        "suppressed": false,
        "id": 8636,
        "containers": []
      }, {
        "title": "Literature Notes \u2013 1130, 1942",
        "instance_types": [],
        "record_uri": "/repositories/2/archival_objects/8637",
        "level": "file",
        "publish": true,
        "children": [],
        "node_type": "archival_object",
        "has_children": false,
        "suppressed": false,
        "id": 8637,
        "containers": []
      }, {
        "title": "Literature Notes \u2013 H (Chemical), 1940\u20131945",
        "instance_types": [],
        "record_uri": "/repositories/2/archival_objects/8638",
        "level": "file",
        "publish": true,
        "children": [],
        "node_type": "archival_object",
        "has_children": false,
        "suppressed": false,
        "id": 8638,
        "containers": []
      }, {
        "title": "Literature Notes \u2013 H (Physiological), 1942\u20131944",
        "instance_types": [],
        "record_uri": "/repositories/2/archival_objects/8639",
        "level": "file",
        "publish": true,
        "children": [],
        "node_type": "archival_object",
        "has_children": false,
        "suppressed": false,
        "id": 8639,
        "containers": []
      }, {
        "title": "Literature Notes \u2013 H and Divinyl Sulfone, 1941\u20131944",
        "instance_types": [],
        "record_uri": "/repositories/2/archival_objects/8640",
        "level": "file",
        "publish": true,
        "children": [],
        "node_type": "archival_object",
        "has_children": false,
        "suppressed": false,
        "id": 8640,
        "containers": []
      }, {
        "title": "Literature Notes \u2013 MFA, undated, 1942\u20131944",
        "instance_types": [],
        "record_uri": "/repositories/2/archival_objects/8641",
        "level": "file",
        "publish": true,
        "children": [],
        "node_type": "archival_object",
        "has_children": false,
        "suppressed": false,
        "id": 8641,
        "containers": []
      }, {
        "title": "Literature Notes \u2013 N\u2013Mustards, 1942\u20131944",
        "instance_types": [],
        "record_uri": "/repositories/2/archival_objects/8642",
        "level": "file",
        "publish": true,
        "children": [],
        "node_type": "archival_object",
        "has_children": false,
        "suppressed": false,
        "id": 8642,
        "containers": []
      }, {
        "title": "Literature Notes \u2013 Other Agents, undated, 1942\u20131944",
        "instance_types": [],
        "record_uri": "/repositories/2/archival_objects/8643",
        "level": "file",
        "publish": true,
        "children": [],
        "node_type": "archival_object",
        "has_children": false,
        "suppressed": false,
        "id": 8643,
        "containers": []
      }, {
        "title": "Literature Notes \u2013 Q and Related Compounds, undated, 1943",
        "instance_types": [],
        "record_uri": "/repositories/2/archival_objects/8644",
        "level": "file",
        "publish": true,
        "children": [],
        "node_type": "archival_object",
        "has_children": false,
        "suppressed": false,
        "id": 8644,
        "containers": []
      }, {
        "title": "Literature Notes \u2013 W Agent, undated, 1943",
        "instance_types": [],
        "record_uri": "/repositories/2/archival_objects/8645",
        "level": "file",
        "publish": true,
        "children": [],
        "node_type": "archival_object",
        "has_children": false,
        "suppressed": false,
        "id": 8645,
        "containers": []
      }, {
        "title": "Special Notes, 1942",
        "instance_types": [],
        "record_uri": "/repositories/2/archival_objects/8646",
        "level": "file",
        "publish": true,
        "children": [],
        "node_type": "archival_object",
        "has_children": false,
        "suppressed": false,
        "id": 8646,
        "containers": []
      }, {
        "title": "TL 110, undated, 1943",
        "instance_types": [],
        "record_uri": "/repositories/2/archival_objects/8647",
        "level": "file",
        "publish": true,
        "children": [],
        "node_type": "archival_object",
        "has_children": false,
        "suppressed": false,
        "id": 8647,
        "containers": []
      }],
      "node_type": "archival_object",
      "has_children": true,
      "suppressed": false,
      "id": 8633,
      "containers": []
    }],
    "node_type": "archival_object",
    "has_children": true,
    "suppressed": false,
    "id": 8590,
    "containers": []
  }, {
    "title": "Publications, 1911\u20131946",
    "instance_types": [],
    "record_uri": "/repositories/2/archival_objects/8648",
    "level": "series",
    "publish": true,
    "children": [{
      "title": "Collected Papers: Bibliography, [1946+]",
      "instance_types": [],
      "record_uri": "/repositories/2/archival_objects/8649",
      "level": "file",
      "publish": true,
      "children": [],
      "node_type": "archival_object",
      "has_children": false,
      "suppressed": false,
      "id": 8649,
      "containers": []
    }, {
      "title": "Reprint Index, 1911\u20131926",
      "instance_types": [],
      "record_uri": "/repositories/2/archival_objects/8650",
      "level": "file",
      "publish": true,
      "children": [],
      "node_type": "archival_object",
      "has_children": false,
      "suppressed": false,
      "id": 8650,
      "containers": []
    }, {
      "title": "Reprint Lists, [1926+, 1941+]",
      "instance_types": [],
      "record_uri": "/repositories/2/archival_objects/8651",
      "level": "file",
      "publish": true,
      "children": [],
      "node_type": "archival_object",
      "has_children": false,
      "suppressed": false,
      "id": 8651,
      "containers": []
    }, {
      "title": "Reprints",
      "instance_types": [],
      "record_uri": "/repositories/2/archival_objects/8652",
      "level": "file",
      "publish": true,
      "children": [{
        "title": "1\u201310, 1911\u20131921",
        "instance_types": [],
        "record_uri": "/repositories/2/archival_objects/8653",
        "level": "file",
        "publish": true,
        "children": [],
        "node_type": "archival_object",
        "has_children": false,
        "suppressed": false,
        "id": 8653,
        "containers": []
      }, {
        "title": "11\u201320, 1921\u20131922",
        "instance_types": [],
        "record_uri": "/repositories/2/archival_objects/8654",
        "level": "file",
        "publish": true,
        "children": [],
        "node_type": "archival_object",
        "has_children": false,
        "suppressed": false,
        "id": 8654,
        "containers": []
      }, {
        "title": "21\u201330, 1922\u20131923",
        "instance_types": [],
        "record_uri": "/repositories/2/archival_objects/8655",
        "level": "file",
        "publish": true,
        "children": [],
        "node_type": "archival_object",
        "has_children": false,
        "suppressed": false,
        "id": 8655,
        "containers": []
      }, {
        "title": "31\u201340, 1923\u20131924",
        "instance_types": [],
        "record_uri": "/repositories/2/archival_objects/8656",
        "level": "file",
        "publish": true,
        "children": [],
        "node_type": "archival_object",
        "has_children": false,
        "suppressed": false,
        "id": 8656,
        "containers": []
      }, {
        "title": "41\u201350, 1924\u20131925",
        "instance_types": [],
        "record_uri": "/repositories/2/archival_objects/8657",
        "level": "file",
        "publish": true,
        "children": [],
        "node_type": "archival_object",
        "has_children": false,
        "suppressed": false,
        "id": 8657,
        "containers": []
      }, {
        "title": "51\u201360, 1925",
        "instance_types": [],
        "record_uri": "/repositories/2/archival_objects/8658",
        "level": "file",
        "publish": true,
        "children": [],
        "node_type": "archival_object",
        "has_children": false,
        "suppressed": false,
        "id": 8658,
        "containers": []
      }, {
        "title": "61\u201370, 1925\u20131926",
        "instance_types": [],
        "record_uri": "/repositories/2/archival_objects/8659",
        "level": "file",
        "publish": true,
        "children": [],
        "node_type": "archival_object",
        "has_children": false,
        "suppressed": false,
        "id": 8659,
        "containers": []
      }, {
        "title": "71\u201380, 1926",
        "instance_types": [],
        "record_uri": "/repositories/2/archival_objects/8660",
        "level": "file",
        "publish": true,
        "children": [],
        "node_type": "archival_object",
        "has_children": false,
        "suppressed": false,
        "id": 8660,
        "containers": []
      }, {
        "title": "81\u201390, 1926\u20131927",
        "instance_types": [],
        "record_uri": "/repositories/2/archival_objects/8661",
        "level": "file",
        "publish": true,
        "children": [],
        "node_type": "archival_object",
        "has_children": false,
        "suppressed": false,
        "id": 8661,
        "containers": []
      }, {
        "title": "91\u2013100, 1928",
        "instance_types": [],
        "record_uri": "/repositories/2/archival_objects/8662",
        "level": "file",
        "publish": true,
        "children": [],
        "node_type": "archival_object",
        "has_children": false,
        "suppressed": false,
        "id": 8662,
        "containers": []
      }, {
        "title": "101\u2013110, 1928\u20131929",
        "instance_types": [],
        "record_uri": "/repositories/2/archival_objects/8663",
        "level": "file",
        "publish": true,
        "children": [],
        "node_type": "archival_object",
        "has_children": false,
        "suppressed": false,
        "id": 8663,
        "containers": []
      }, {
        "title": "111\u2013120, 1929",
        "instance_types": [],
        "record_uri": "/repositories/2/archival_objects/8664",
        "level": "file",
        "publish": true,
        "children": [],
        "node_type": "archival_object",
        "has_children": false,
        "suppressed": false,
        "id": 8664,
        "containers": []
      }, {
        "title": "121\u2013130, 1929\u20131930",
        "instance_types": [],
        "record_uri": "/repositories/2/archival_objects/8665",
        "level": "file",
        "publish": true,
        "children": [],
        "node_type": "archival_object",
        "has_children": false,
        "suppressed": false,
        "id": 8665,
        "containers": []
      }, {
        "title": "131\u2013140, 1930",
        "instance_types": [],
        "record_uri": "/repositories/2/archival_objects/8666",
        "level": "file",
        "publish": true,
        "children": [],
        "node_type": "archival_object",
        "has_children": false,
        "suppressed": false,
        "id": 8666,
        "containers": []
      }, {
        "title": "141\u2013150, 1930\u20131931",
        "instance_types": [],
        "record_uri": "/repositories/2/archival_objects/8667",
        "level": "file",
        "publish": true,
        "children": [],
        "node_type": "archival_object",
        "has_children": false,
        "suppressed": false,
        "id": 8667,
        "containers": []
      }, {
        "title": "151\u2013160, 1931",
        "instance_types": [],
        "record_uri": "/repositories/2/archival_objects/8668",
        "level": "file",
        "publish": true,
        "children": [],
        "node_type": "archival_object",
        "has_children": false,
        "suppressed": false,
        "id": 8668,
        "containers": []
      }, {
        "title": "161\u2013170, 1932",
        "instance_types": [],
        "record_uri": "/repositories/2/archival_objects/8669",
        "level": "file",
        "publish": true,
        "children": [],
        "node_type": "archival_object",
        "has_children": false,
        "suppressed": false,
        "id": 8669,
        "containers": []
      }, {
        "title": "171\u2013180, 1932",
        "instance_types": [],
        "record_uri": "/repositories/2/archival_objects/8670",
        "level": "file",
        "publish": true,
        "children": [],
        "node_type": "archival_object",
        "has_children": false,
        "suppressed": false,
        "id": 8670,
        "containers": []
      }, {
        "title": "181\u2013190, 1932\u20131933",
        "instance_types": [],
        "record_uri": "/repositories/2/archival_objects/8671",
        "level": "file",
        "publish": true,
        "children": [],
        "node_type": "archival_object",
        "has_children": false,
        "suppressed": false,
        "id": 8671,
        "containers": []
      }, {
        "title": "191\u2013200, 1933\u20131934",
        "instance_types": [],
        "record_uri": "/repositories/2/archival_objects/8672",
        "level": "file",
        "publish": true,
        "children": [],
        "node_type": "archival_object",
        "has_children": false,
        "suppressed": false,
        "id": 8672,
        "containers": []
      }, {
        "title": "201\u2013210, 1934",
        "instance_types": [],
        "record_uri": "/repositories/2/archival_objects/8673",
        "level": "file",
        "publish": true,
        "children": [],
        "node_type": "archival_object",
        "has_children": false,
        "suppressed": false,
        "id": 8673,
        "containers": []
      }, {
        "title": "211\u2013220, 1934\u20131935",
        "instance_types": [],
        "record_uri": "/repositories/2/archival_objects/8674",
        "level": "file",
        "publish": true,
        "children": [],
        "node_type": "archival_object",
        "has_children": false,
        "suppressed": false,
        "id": 8674,
        "containers": []
      }, {
        "title": "221\u2013230, 1936\u20131937",
        "instance_types": [],
        "record_uri": "/repositories/2/archival_objects/8675",
        "level": "file",
        "publish": true,
        "children": [],
        "node_type": "archival_object",
        "has_children": false,
        "suppressed": false,
        "id": 8675,
        "containers": []
      }, {
        "title": "231\u2013240, 1937\u20131938",
        "instance_types": [],
        "record_uri": "/repositories/2/archival_objects/8676",
        "level": "file",
        "publish": true,
        "children": [],
        "node_type": "archival_object",
        "has_children": false,
        "suppressed": false,
        "id": 8676,
        "containers": []
      }, {
        "title": "241\u2013250, 1937\u20131939",
        "instance_types": [],
        "record_uri": "/repositories/2/archival_objects/8677",
        "level": "file",
        "publish": true,
        "children": [],
        "node_type": "archival_object",
        "has_children": false,
        "suppressed": false,
        "id": 8677,
        "containers": []
      }, {
        "title": "251\u2013260, 1939\u20131940",
        "instance_types": [],
        "record_uri": "/repositories/2/archival_objects/8678",
        "level": "file",
        "publish": true,
        "children": [],
        "node_type": "archival_object",
        "has_children": false,
        "suppressed": false,
        "id": 8678,
        "containers": []
      }, {
        "title": "261\u2013270, 1940\u20131941",
        "instance_types": [],
        "record_uri": "/repositories/2/archival_objects/8679",
        "level": "file",
        "publish": true,
        "children": [],
        "node_type": "archival_object",
        "has_children": false,
        "suppressed": false,
        "id": 8679,
        "containers": []
      }, {
        "title": "271\u2013280, 1941\u20131942",
        "instance_types": [],
        "record_uri": "/repositories/2/archival_objects/8680",
        "level": "file",
        "publish": true,
        "children": [],
        "node_type": "archival_object",
        "has_children": false,
        "suppressed": false,
        "id": 8680,
        "containers": []
      }, {
        "title": "281\u2013290, 1942\u20131945",
        "instance_types": [],
        "record_uri": "/repositories/2/archival_objects/8681",
        "level": "file",
        "publish": true,
        "children": [],
        "node_type": "archival_object",
        "has_children": false,
        "suppressed": false,
        "id": 8681,
        "containers": []
      }, {
        "title": "Un\u2013numbered, 1926\u20131946",
        "instance_types": [],
        "record_uri": "/repositories/2/archival_objects/8682",
        "level": "file",
        "publish": true,
        "children": [],
        "node_type": "archival_object",
        "has_children": false,
        "suppressed": false,
        "id": 8682,
        "containers": []
      }],
      "node_type": "archival_object",
      "has_children": true,
      "suppressed": false,
      "id": 8652,
      "containers": []
    }],
    "node_type": "archival_object",
    "has_children": true,
    "suppressed": false,
    "id": 8648,
    "containers": []
  }, {
    "title": "Declassifed Reports, 1940-1945",
    "instance_types": [],
    "record_uri": "/repositories/2/archival_objects/8683",
    "level": "series",
    "publish": true,
    "children": [{
      "title": "Literature II: A. G. Ogston and R. A. Peters, 1940-1943",
      "instance_types": [],
      "record_uri": "/repositories/2/archival_objects/8684",
      "level": "file",
      "publish": true,
      "children": [],
      "node_type": "archival_object",
      "has_children": false,
      "suppressed": false,
      "id": 8684,
      "containers": []
    }, {
      "title": "Literature III: E thru L, 1942-1944",
      "instance_types": [],
      "record_uri": "/repositories/2/archival_objects/8685",
      "level": "file",
      "publish": true,
      "children": [],
      "node_type": "archival_object",
      "has_children": false,
      "suppressed": false,
      "id": 8685,
      "containers": []
    }, {
      "title": "Literature IV: Miscellaneous, 1942-1943",
      "instance_types": [],
      "record_uri": "/repositories/2/archival_objects/8686",
      "level": "file",
      "publish": true,
      "children": [],
      "node_type": "archival_object",
      "has_children": false,
      "suppressed": false,
      "id": 8686,
      "containers": []
    }, {
      "title": "Literature V: A thru D, 1942-1944",
      "instance_types": [],
      "record_uri": "/repositories/2/archival_objects/8687",
      "level": "file",
      "publish": true,
      "children": [],
      "node_type": "archival_object",
      "has_children": false,
      "suppressed": false,
      "id": 8687,
      "containers": []
    }, {
      "title": "Literature VI: M thru P, 1942-1944",
      "instance_types": [],
      "record_uri": "/repositories/2/archival_objects/8688",
      "level": "file",
      "publish": true,
      "children": [],
      "node_type": "archival_object",
      "has_children": false,
      "suppressed": false,
      "id": 8688,
      "containers": []
    }, {
      "title": "Literature XII: Porton Reports, 1942-1944",
      "instance_types": [],
      "record_uri": "/repositories/2/archival_objects/8689",
      "level": "file",
      "publish": true,
      "children": [],
      "node_type": "archival_object",
      "has_children": false,
      "suppressed": false,
      "id": 8689,
      "containers": []
    }, {
      "title": "Literature XIII: Q thru Z, 1941-1944",
      "instance_types": [],
      "record_uri": "/repositories/2/archival_objects/8690",
      "level": "file",
      "publish": true,
      "children": [],
      "node_type": "archival_object",
      "has_children": false,
      "suppressed": false,
      "id": 8690,
      "containers": []
    }, {
      "title": "M, 1941\u20131944",
      "instance_types": [],
      "record_uri": "/repositories/2/archival_objects/8691",
      "level": "file",
      "publish": true,
      "children": [],
      "node_type": "archival_object",
      "has_children": false,
      "suppressed": false,
      "id": 8691,
      "containers": []
    }, {
      "title": "Research: British Notes, undated, 1941\u20131942",
      "instance_types": [],
      "record_uri": "/repositories/2/archival_objects/8692",
      "level": "file",
      "publish": true,
      "children": [],
      "node_type": "archival_object",
      "has_children": false,
      "suppressed": false,
      "id": 8692,
      "containers": []
    }, {
      "title": "Literature Notes \u2013 H (Chemical), 1940-1945",
      "instance_types": [],
      "record_uri": "/repositories/2/archival_objects/8693",
      "level": "file",
      "publish": true,
      "children": [],
      "node_type": "archival_object",
      "has_children": false,
      "suppressed": false,
      "id": 8693,
      "containers": []
    }, {
      "title": "Literature Notes \u2013 H (Physiological), 1942-1944",
      "instance_types": [],
      "record_uri": "/repositories/2/archival_objects/8694",
      "level": "file",
      "publish": true,
      "children": [],
      "node_type": "archival_object",
      "has_children": false,
      "suppressed": false,
      "id": 8694,
      "containers": []
    }, {
      "title": "Literature Notes \u2013 H and Divinyl Sulfone, 1941-1944",
      "instance_types": [],
      "record_uri": "/repositories/2/archival_objects/8695",
      "level": "file",
      "publish": true,
      "children": [],
      "node_type": "archival_object",
      "has_children": false,
      "suppressed": false,
      "id": 8695,
      "containers": []
    }, {
      "title": "Literature Notes \u2013 MFA, undated, 1942-1944",
      "instance_types": [],
      "record_uri": "/repositories/2/archival_objects/8696",
      "level": "file",
      "publish": true,
      "children": [],
      "node_type": "archival_object",
      "has_children": false,
      "suppressed": false,
      "id": 8696,
      "containers": []
    }, {
      "title": "Literature Notes \u2013 N\u2013Mustards, 1942-1944",
      "instance_types": [],
      "record_uri": "/repositories/2/archival_objects/8697",
      "level": "file",
      "publish": true,
      "children": [],
      "node_type": "archival_object",
      "has_children": false,
      "suppressed": false,
      "id": 8697,
      "containers": []
    }, {
      "title": "Literature Notes \u2013 Other Agents, undated, 1942-1944",
      "instance_types": [],
      "record_uri": "/repositories/2/archival_objects/8698",
      "level": "item",
      "publish": true,
      "children": [],
      "node_type": "archival_object",
      "has_children": false,
      "suppressed": false,
      "id": 8698,
      "containers": []
    }, {
      "title": "Literature Notes \u2013 W Agent, undated, 1943",
      "instance_types": [],
      "record_uri": "/repositories/2/archival_objects/8699",
      "level": "file",
      "publish": true,
      "children": [],
      "node_type": "archival_object",
      "has_children": false,
      "suppressed": false,
      "id": 8699,
      "containers": []
    }, {
      "title": "Literature II: A. G. Ogston and R. A. Peters, 1940-1943",
      "instance_types": [],
      "record_uri": "/repositories/2/archival_objects/8700",
      "level": "file",
      "publish": false,
      "children": [],
      "node_type": "archival_object",
      "has_children": false,
      "suppressed": false,
      "id": 8700,
      "containers": []
    }, {
      "title": "Literature III: E thru L, 1942-1944",
      "instance_types": [],
      "record_uri": "/repositories/2/archival_objects/8701",
      "level": "file",
      "publish": false,
      "children": [],
      "node_type": "archival_object",
      "has_children": false,
      "suppressed": false,
      "id": 8701,
      "containers": []
    }, {
      "title": "Literature IV: Miscellaneous, 1942-1943",
      "instance_types": [],
      "record_uri": "/repositories/2/archival_objects/8702",
      "level": "file",
      "publish": false,
      "children": [],
      "node_type": "archival_object",
      "has_children": false,
      "suppressed": false,
      "id": 8702,
      "containers": []
    }, {
      "title": "Literature V: A thru D, 1942-1944",
      "instance_types": [],
      "record_uri": "/repositories/2/archival_objects/8703",
      "level": "file",
      "publish": false,
      "children": [],
      "node_type": "archival_object",
      "has_children": false,
      "suppressed": false,
      "id": 8703,
      "containers": []
    }, {
      "title": "Literature VI: M thru P, 1942-1944",
      "instance_types": [],
      "record_uri": "/repositories/2/archival_objects/8704",
      "level": "file",
      "publish": false,
      "children": [],
      "node_type": "archival_object",
      "has_children": false,
      "suppressed": false,
      "id": 8704,
      "containers": []
    }, {
      "title": "Literature XII: Porton Reports, 1942-1944",
      "instance_types": [],
      "record_uri": "/repositories/2/archival_objects/8705",
      "level": "file",
      "publish": false,
      "children": [],
      "node_type": "archival_object",
      "has_children": false,
      "suppressed": false,
      "id": 8705,
      "containers": []
    }, {
      "title": "Literature XIII: Q thru Z, 1941-1944",
      "instance_types": [],
      "record_uri": "/repositories/2/archival_objects/8706",
      "level": "file",
      "publish": false,
      "children": [],
      "node_type": "archival_object",
      "has_children": false,
      "suppressed": false,
      "id": 8706,
      "containers": []
    }, {
      "title": "M, 1941\u20131944",
      "instance_types": [],
      "record_uri": "/repositories/2/archival_objects/8707",
      "level": "file",
      "publish": false,
      "children": [],
      "node_type": "archival_object",
      "has_children": false,
      "suppressed": false,
      "id": 8707,
      "containers": []
    }, {
      "title": "Research: British Notes, undated, 1941\u20131942",
      "instance_types": [],
      "record_uri": "/repositories/2/archival_objects/8708",
      "level": "file",
      "publish": false,
      "children": [],
      "node_type": "archival_object",
      "has_children": false,
      "suppressed": false,
      "id": 8708,
      "containers": []
    }, {
      "title": "Literature Notes \u2013 H (Chemical), 1940-1945",
      "instance_types": [],
      "record_uri": "/repositories/2/archival_objects/8709",
      "level": "file",
      "publish": false,
      "children": [],
      "node_type": "archival_object",
      "has_children": false,
      "suppressed": false,
      "id": 8709,
      "containers": []
    }, {
      "title": "Literature Notes \u2013 H (Physiological), 1942-1944",
      "instance_types": [],
      "record_uri": "/repositories/2/archival_objects/8710",
      "level": "file",
      "publish": false,
      "children": [],
      "node_type": "archival_object",
      "has_children": false,
      "suppressed": false,
      "id": 8710,
      "containers": []
    }, {
      "title": "Literature Notes \u2013 H and Divinyl Sulfone, 1941-1944",
      "instance_types": [],
      "record_uri": "/repositories/2/archival_objects/8711",
      "level": "file",
      "publish": false,
      "children": [],
      "node_type": "archival_object",
      "has_children": false,
      "suppressed": false,
      "id": 8711,
      "containers": []
    }, {
      "title": "Literature Notes \u2013 MFA, undated, 1942-1944",
      "instance_types": [],
      "record_uri": "/repositories/2/archival_objects/8712",
      "level": "file",
      "publish": false,
      "children": [],
      "node_type": "archival_object",
      "has_children": false,
      "suppressed": false,
      "id": 8712,
      "containers": []
    }, {
      "title": "Literature Notes \u2013 N\u2013Mustards, 1942-1944",
      "instance_types": [],
      "record_uri": "/repositories/2/archival_objects/8713",
      "level": "file",
      "publish": false,
      "children": [],
      "node_type": "archival_object",
      "has_children": false,
      "suppressed": false,
      "id": 8713,
      "containers": []
    }, {
      "title": "Literature Notes \u2013 Other Agents, undated, 1942-1944",
      "instance_types": [],
      "record_uri": "/repositories/2/archival_objects/8714",
      "level": "file",
      "publish": false,
      "children": [],
      "node_type": "archival_object",
      "has_children": false,
      "suppressed": false,
      "id": 8714,
      "containers": []
    }, {
      "title": "Literature Notes \u2013 W Agent, undated, 1943",
      "instance_types": [],
      "record_uri": "/repositories/2/archival_objects/8715",
      "level": "file",
      "publish": false,
      "children": [],
      "node_type": "archival_object",
      "has_children": false,
      "suppressed": false,
      "id": 8715,
      "containers": []
    }],
    "node_type": "archival_object",
    "has_children": true,
    "suppressed": false,
    "id": 8683,
    "containers": []
  }, {
    "title": "Lantern Slides, Undated",
    "instance_types": [],
    "record_uri": "/repositories/2/archival_objects/8716",
    "level": "series",
    "publish": true,
    "children": [{
      "title": "Lantern slides",
      "instance_types": [],
      "record_uri": "/repositories/2/archival_objects/8717",
      "level": "file",
      "publish": true,
      "children": [],
      "node_type": "archival_object",
      "has_children": false,
      "suppressed": false,
      "id": 8717,
      "containers": []
    }, {
      "title": "Lantern slides",
      "instance_types": [],
      "record_uri": "/repositories/2/archival_objects/8718",
      "level": "file",
      "publish": true,
      "children": [],
      "node_type": "archival_object",
      "has_children": false,
      "suppressed": false,
      "id": 8718,
      "containers": []
    }, {
      "title": "Lantern slides",
      "instance_types": [],
      "record_uri": "/repositories/2/archival_objects/8719",
      "level": "file",
      "publish": true,
      "children": [],
      "node_type": "archival_object",
      "has_children": false,
      "suppressed": false,
      "id": 8719,
      "containers": []
    }],
    "node_type": "archival_object",
    "has_children": true,
    "suppressed": false,
    "id": 8716,
    "containers": []
  }],
  "containers": []
}
