{
  "jsonmodel_type": "resource_tree",
  "title": "Theodore H. Berlin papers, Rockefeller University Faculty",
  "instance_types": [],
  "record_uri": "/repositories/2/resources/97",
  "level": "collection",
  "publish": true,
  "id": 97,
  "node_type": "resource",
  "finding_aid_filing_title": "Berlin (Theodore H.) papers",
  "suppressed": false,
  "children": [{
    "title": "Biographical material",
    "instance_types": [],
    "record_uri": "/repositories/2/archival_objects/30568",
    "level": "file",
    "publish": true,
    "children": [{
      "title": "Who's Who photocopy",
      "instance_types": [],
      "record_uri": "/repositories/2/archival_objects/30569",
      "level": "item",
      "publish": true,
      "children": [],
      "node_type": "archival_object",
      "has_children": false,
      "suppressed": false,
      "id": 30569,
      "containers": []
    }, {
      "title": "Photographs",
      "instance_types": [],
      "record_uri": "/repositories/2/archival_objects/30570",
      "level": "item",
      "publish": true,
      "children": [{
        "title": "Portrait",
        "instance_types": [],
        "record_uri": "/repositories/2/archival_objects/30571",
        "level": "item",
        "publish": true,
        "children": [],
        "node_type": "archival_object",
        "has_children": false,
        "suppressed": false,
        "id": 30571,
        "containers": []
      }, {
        "title": "Photograph with C.N. Yang",
        "instance_types": [],
        "record_uri": "/repositories/2/archival_objects/30572",
        "level": "item",
        "publish": true,
        "children": [],
        "node_type": "archival_object",
        "has_children": false,
        "suppressed": false,
        "id": 30572,
        "containers": []
      }, {
        "title": "Memorial Garden",
        "instance_types": [],
        "record_uri": "/repositories/2/archival_objects/30573",
        "level": "item",
        "publish": true,
        "children": [],
        "node_type": "archival_object",
        "has_children": false,
        "suppressed": false,
        "id": 30573,
        "containers": []
      }],
      "node_type": "archival_object",
      "has_children": true,
      "suppressed": false,
      "id": 30570,
      "containers": []
    }, {
      "title": "Employment record",
      "instance_types": [],
      "record_uri": "/repositories/2/archival_objects/30574",
      "level": "item",
      "publish": true,
      "children": [],
      "node_type": "archival_object",
      "has_children": false,
      "suppressed": false,
      "id": 30574,
      "containers": []
    }, {
      "title": "Pre-employment correspondence",
      "instance_types": [],
      "record_uri": "/repositories/2/archival_objects/30575",
      "level": "item",
      "publish": true,
      "children": [{
        "title": "Detlev Bronk",
        "instance_types": [],
        "record_uri": "/repositories/2/archival_objects/30576",
        "level": "item",
        "publish": true,
        "children": [],
        "node_type": "archival_object",
        "has_children": false,
        "suppressed": false,
        "id": 30576,
        "containers": []
      }, {
        "title": "Copy of letter to Sam Goudsmit",
        "instance_types": [],
        "record_uri": "/repositories/2/archival_objects/30577",
        "level": "item",
        "publish": true,
        "children": [],
        "node_type": "archival_object",
        "has_children": false,
        "suppressed": false,
        "id": 30577,
        "containers": []
      }, {
        "title": "Copy of letter from Mark Kac to Sam Goudsmit",
        "instance_types": [],
        "record_uri": "/repositories/2/archival_objects/30578",
        "level": "item",
        "publish": true,
        "children": [],
        "node_type": "archival_object",
        "has_children": false,
        "suppressed": false,
        "id": 30578,
        "containers": []
      }],
      "node_type": "archival_object",
      "has_children": true,
      "suppressed": false,
      "id": 30575,
      "containers": []
    }, {
      "title": "Administrative correspondence",
      "instance_types": [],
      "record_uri": "/repositories/2/archival_objects/30579",
      "level": "item",
      "publish": true,
      "children": [],
      "node_type": "archival_object",
      "has_children": false,
      "suppressed": false,
      "id": 30579,
      "containers": []
    }, {
      "title": "Correspondence re: arrangements after death",
      "instance_types": [],
      "record_uri": "/repositories/2/archival_objects/30580",
      "level": "item",
      "publish": true,
      "children": [],
      "node_type": "archival_object",
      "has_children": false,
      "suppressed": false,
      "id": 30580,
      "containers": []
    }, {
      "title": "Obituary Rockefeller Institute Quarterly",
      "instance_types": [],
      "record_uri": "/repositories/2/archival_objects/30581",
      "level": "item",
      "publish": true,
      "children": [],
      "node_type": "archival_object",
      "has_children": false,
      "suppressed": false,
      "id": 30581,
      "containers": []
    }],
    "node_type": "archival_object",
    "has_children": true,
    "suppressed": false,
    "id": 30568,
    "containers": []
  }, {
    "title": "Correspondence",
    "instance_types": [],
    "record_uri": "/repositories/2/archival_objects/30582",
    "level": "file",
    "publish": true,
    "children": [{
      "title": "Correspondence about T. Berlin papers",
      "instance_types": [],
      "record_uri": "/repositories/2/archival_objects/30583",
      "level": "file",
      "publish": true,
      "children": [],
      "node_type": "archival_object",
      "has_children": false,
      "suppressed": false,
      "id": 30583,
      "containers": []
    }, {
      "title": "A-C, 1952-1960",
      "instance_types": [],
      "record_uri": "/repositories/2/archival_objects/30584",
      "level": "file",
      "publish": true,
      "children": [{
        "title": "Albrecht, M.C.",
        "instance_types": [],
        "record_uri": "/repositories/2/archival_objects/30585",
        "level": "item",
        "publish": true,
        "children": [],
        "node_type": "archival_object",
        "has_children": false,
        "suppressed": false,
        "id": 30585,
        "containers": []
      }, {
        "title": "American Physical Society",
        "instance_types": [],
        "record_uri": "/repositories/2/archival_objects/30586",
        "level": "item",
        "publish": true,
        "children": [],
        "node_type": "archival_object",
        "has_children": false,
        "suppressed": false,
        "id": 30586,
        "containers": []
      }, {
        "title": "Anderson, Richard L.",
        "instance_types": [],
        "record_uri": "/repositories/2/archival_objects/30587",
        "level": "item",
        "publish": true,
        "children": [],
        "node_type": "archival_object",
        "has_children": false,
        "suppressed": false,
        "id": 30587,
        "containers": []
      }, {
        "title": "Andriola, J.",
        "instance_types": [],
        "record_uri": "/repositories/2/archival_objects/30588",
        "level": "item",
        "publish": true,
        "children": [],
        "node_type": "archival_object",
        "has_children": false,
        "suppressed": false,
        "id": 30588,
        "containers": []
      }, {
        "title": "Bauer, Norman",
        "instance_types": [],
        "record_uri": "/repositories/2/archival_objects/30589",
        "level": "item",
        "publish": true,
        "children": [],
        "node_type": "archival_object",
        "has_children": false,
        "suppressed": false,
        "id": 30589,
        "containers": []
      }, {
        "title": "Beardon, Alan J.",
        "instance_types": [],
        "record_uri": "/repositories/2/archival_objects/30590",
        "level": "item",
        "publish": true,
        "children": [],
        "node_type": "archival_object",
        "has_children": false,
        "suppressed": false,
        "id": 30590,
        "containers": []
      }, {
        "title": "Breit, Gregory",
        "instance_types": [],
        "record_uri": "/repositories/2/archival_objects/30591",
        "level": "item",
        "publish": true,
        "children": [],
        "node_type": "archival_object",
        "has_children": false,
        "suppressed": false,
        "id": 30591,
        "containers": []
      }, {
        "title": "Burdell, E.S.",
        "instance_types": [],
        "record_uri": "/repositories/2/archival_objects/30592",
        "level": "item",
        "publish": true,
        "children": [],
        "node_type": "archival_object",
        "has_children": false,
        "suppressed": false,
        "id": 30592,
        "containers": []
      }, {
        "title": "Burlew, John S.",
        "instance_types": [],
        "record_uri": "/repositories/2/archival_objects/30593",
        "level": "item",
        "publish": true,
        "children": [],
        "node_type": "archival_object",
        "has_children": false,
        "suppressed": false,
        "id": 30593,
        "containers": []
      }, {
        "title": "Cohen, E.G.D.",
        "instance_types": [],
        "record_uri": "/repositories/2/archival_objects/30594",
        "level": "item",
        "publish": true,
        "children": [],
        "node_type": "archival_object",
        "has_children": false,
        "suppressed": false,
        "id": 30594,
        "containers": []
      }, {
        "title": "Cohen, Leslie",
        "instance_types": [],
        "record_uri": "/repositories/2/archival_objects/30595",
        "level": "item",
        "publish": true,
        "children": [],
        "node_type": "archival_object",
        "has_children": false,
        "suppressed": false,
        "id": 30595,
        "containers": []
      }, {
        "title": "Cole, F.T.",
        "instance_types": [],
        "record_uri": "/repositories/2/archival_objects/30596",
        "level": "item",
        "publish": true,
        "children": [],
        "node_type": "archival_object",
        "has_children": false,
        "suppressed": false,
        "id": 30596,
        "containers": []
      }, {
        "title": "Cooper Union for the Advancement of Science and Art, E.S. Burdell President",
        "instance_types": [],
        "record_uri": "/repositories/2/archival_objects/30597",
        "level": "item",
        "publish": true,
        "children": [],
        "node_type": "archival_object",
        "has_children": false,
        "suppressed": false,
        "id": 30597,
        "containers": []
      }, {
        "title": "Coulson, C.A.",
        "instance_types": [],
        "record_uri": "/repositories/2/archival_objects/30598",
        "level": "item",
        "publish": true,
        "children": [],
        "node_type": "archival_object",
        "has_children": false,
        "suppressed": false,
        "id": 30598,
        "containers": []
      }, {
        "title": "Cryder Sales",
        "instance_types": [],
        "record_uri": "/repositories/2/archival_objects/30599",
        "level": "item",
        "publish": true,
        "children": [],
        "node_type": "archival_object",
        "has_children": false,
        "suppressed": false,
        "id": 30599,
        "containers": []
      }],
      "node_type": "archival_object",
      "has_children": true,
      "suppressed": false,
      "id": 30584,
      "containers": []
    }, {
      "title": "1949-1962",
      "instance_types": [],
      "record_uri": "/repositories/2/archival_objects/30600",
      "level": "file",
      "publish": true,
      "children": [],
      "node_type": "archival_object",
      "has_children": false,
      "suppressed": false,
      "id": 30600,
      "containers": []
    }, {
      "title": "D-F, 1950-1960",
      "instance_types": [],
      "record_uri": "/repositories/2/archival_objects/30601",
      "level": "file",
      "publish": true,
      "children": [{
        "title": "Dieke, G.",
        "instance_types": [],
        "record_uri": "/repositories/2/archival_objects/30602",
        "level": "item",
        "publish": true,
        "children": [],
        "node_type": "archival_object",
        "has_children": false,
        "suppressed": false,
        "id": 30602,
        "containers": []
      }, {
        "title": "Dresden, Max",
        "instance_types": [],
        "record_uri": "/repositories/2/archival_objects/30603",
        "level": "item",
        "publish": true,
        "children": [],
        "node_type": "archival_object",
        "has_children": false,
        "suppressed": false,
        "id": 30603,
        "containers": []
      }, {
        "title": "Erpenbeck, J.J.",
        "instance_types": [],
        "record_uri": "/repositories/2/archival_objects/30604",
        "level": "item",
        "publish": true,
        "children": [],
        "node_type": "archival_object",
        "has_children": false,
        "suppressed": false,
        "id": 30604,
        "containers": []
      }, {
        "title": "Falkoff, D.",
        "instance_types": [],
        "record_uri": "/repositories/2/archival_objects/30605",
        "level": "item",
        "publish": true,
        "children": [],
        "node_type": "archival_object",
        "has_children": false,
        "suppressed": false,
        "id": 30605,
        "containers": []
      }, {
        "title": "Feldman",
        "instance_types": [],
        "record_uri": "/repositories/2/archival_objects/30606",
        "level": "item",
        "publish": true,
        "children": [],
        "node_type": "archival_object",
        "has_children": false,
        "suppressed": false,
        "id": 30606,
        "containers": []
      }, {
        "title": "Fierz, M.",
        "instance_types": [],
        "record_uri": "/repositories/2/archival_objects/30607",
        "level": "item",
        "publish": true,
        "children": [],
        "node_type": "archival_object",
        "has_children": false,
        "suppressed": false,
        "id": 30607,
        "containers": []
      }, {
        "title": "Ford, George W.",
        "instance_types": [],
        "record_uri": "/repositories/2/archival_objects/30608",
        "level": "item",
        "publish": true,
        "children": [],
        "node_type": "archival_object",
        "has_children": false,
        "suppressed": false,
        "id": 30608,
        "containers": []
      }, {
        "title": "Ford, Joseph",
        "instance_types": [],
        "record_uri": "/repositories/2/archival_objects/30609",
        "level": "item",
        "publish": true,
        "children": [],
        "node_type": "archival_object",
        "has_children": false,
        "suppressed": false,
        "id": 30609,
        "containers": []
      }],
      "node_type": "archival_object",
      "has_children": true,
      "suppressed": false,
      "id": 30601,
      "containers": []
    }, {
      "title": "1952-1962",
      "instance_types": [],
      "record_uri": "/repositories/2/archival_objects/30610",
      "level": "file",
      "publish": true,
      "children": [{
        "title": "Fajans, Kasimir",
        "instance_types": [],
        "record_uri": "/repositories/2/archival_objects/30611",
        "level": "item",
        "publish": true,
        "children": [],
        "node_type": "archival_object",
        "has_children": false,
        "suppressed": false,
        "id": 30611,
        "containers": []
      }],
      "node_type": "archival_object",
      "has_children": true,
      "suppressed": false,
      "id": 30610,
      "containers": []
    }, {
      "title": "1951-1962",
      "instance_types": [],
      "record_uri": "/repositories/2/archival_objects/30612",
      "level": "file",
      "publish": true,
      "children": [{
        "title": "Guggenheim Foundation, 1951-1962",
        "instance_types": [],
        "record_uri": "/repositories/2/archival_objects/30613",
        "level": "item",
        "publish": true,
        "children": [],
        "node_type": "archival_object",
        "has_children": false,
        "suppressed": false,
        "id": 30613,
        "containers": []
      }],
      "node_type": "archival_object",
      "has_children": true,
      "suppressed": false,
      "id": 30612,
      "containers": []
    }, {
      "title": "G-K, 1952-1960",
      "instance_types": [],
      "record_uri": "/repositories/2/archival_objects/30614",
      "level": "file",
      "publish": true,
      "children": [{
        "title": "Gelinas, R.W.",
        "instance_types": [],
        "record_uri": "/repositories/2/archival_objects/30615",
        "level": "item",
        "publish": true,
        "children": [],
        "node_type": "archival_object",
        "has_children": false,
        "suppressed": false,
        "id": 30615,
        "containers": []
      }, {
        "title": "Gersch, H.",
        "instance_types": [],
        "record_uri": "/repositories/2/archival_objects/30616",
        "level": "item",
        "publish": true,
        "children": [],
        "node_type": "archival_object",
        "has_children": false,
        "suppressed": false,
        "id": 30616,
        "containers": []
      }, {
        "title": "Gildart, Lee",
        "instance_types": [],
        "record_uri": "/repositories/2/archival_objects/30617",
        "level": "item",
        "publish": true,
        "children": [],
        "node_type": "archival_object",
        "has_children": false,
        "suppressed": false,
        "id": 30617,
        "containers": []
      }, {
        "title": "Goddard, D.R.",
        "instance_types": [],
        "record_uri": "/repositories/2/archival_objects/30618",
        "level": "item",
        "publish": true,
        "children": [],
        "node_type": "archival_object",
        "has_children": false,
        "suppressed": false,
        "id": 30618,
        "containers": []
      }, {
        "title": "Golovin, N.E.",
        "instance_types": [],
        "record_uri": "/repositories/2/archival_objects/30619",
        "level": "item",
        "publish": true,
        "children": [],
        "node_type": "archival_object",
        "has_children": false,
        "suppressed": false,
        "id": 30619,
        "containers": []
      }, {
        "title": "Gordon, Lewis",
        "instance_types": [],
        "record_uri": "/repositories/2/archival_objects/30620",
        "level": "item",
        "publish": true,
        "children": [],
        "node_type": "archival_object",
        "has_children": false,
        "suppressed": false,
        "id": 30620,
        "containers": []
      }, {
        "title": "Gordon Research Conference",
        "instance_types": [],
        "record_uri": "/repositories/2/archival_objects/30621",
        "level": "item",
        "publish": true,
        "children": [],
        "node_type": "archival_object",
        "has_children": false,
        "suppressed": false,
        "id": 30621,
        "containers": []
      }, {
        "title": "Goudsmit, Sam",
        "instance_types": [],
        "record_uri": "/repositories/2/archival_objects/30622",
        "level": "item",
        "publish": true,
        "children": [],
        "node_type": "archival_object",
        "has_children": false,
        "suppressed": false,
        "id": 30622,
        "containers": []
      }, {
        "title": "Gourary, B.S.",
        "instance_types": [],
        "record_uri": "/repositories/2/archival_objects/30623",
        "level": "item",
        "publish": true,
        "children": [],
        "node_type": "archival_object",
        "has_children": false,
        "suppressed": false,
        "id": 30623,
        "containers": []
      }, {
        "title": "Greenberg, Mayo",
        "instance_types": [],
        "record_uri": "/repositories/2/archival_objects/30624",
        "level": "item",
        "publish": true,
        "children": [],
        "node_type": "archival_object",
        "has_children": false,
        "suppressed": false,
        "id": 30624,
        "containers": []
      }, {
        "title": "Groot, Siep de",
        "instance_types": [],
        "record_uri": "/repositories/2/archival_objects/30625",
        "level": "item",
        "publish": true,
        "children": [],
        "node_type": "archival_object",
        "has_children": false,
        "suppressed": false,
        "id": 30625,
        "containers": []
      }, {
        "title": "Gursey, Fega",
        "instance_types": [],
        "record_uri": "/repositories/2/archival_objects/30626",
        "level": "item",
        "publish": true,
        "children": [],
        "node_type": "archival_object",
        "has_children": false,
        "suppressed": false,
        "id": 30626,
        "containers": []
      }, {
        "title": "Hamilton, G.",
        "instance_types": [],
        "record_uri": "/repositories/2/archival_objects/30627",
        "level": "item",
        "publish": true,
        "children": [],
        "node_type": "archival_object",
        "has_children": false,
        "suppressed": false,
        "id": 30627,
        "containers": []
      }, {
        "title": "Hearon, J.Z.",
        "instance_types": [],
        "record_uri": "/repositories/2/archival_objects/30628",
        "level": "item",
        "publish": true,
        "children": [],
        "node_type": "archival_object",
        "has_children": false,
        "suppressed": false,
        "id": 30628,
        "containers": []
      }, {
        "title": "Herman, R.",
        "instance_types": [],
        "record_uri": "/repositories/2/archival_objects/30629",
        "level": "item",
        "publish": true,
        "children": [],
        "node_type": "archival_object",
        "has_children": false,
        "suppressed": false,
        "id": 30629,
        "containers": []
      }, {
        "title": "Holmen, R.E.",
        "instance_types": [],
        "record_uri": "/repositories/2/archival_objects/30630",
        "level": "item",
        "publish": true,
        "children": [],
        "node_type": "archival_object",
        "has_children": false,
        "suppressed": false,
        "id": 30630,
        "containers": []
      }, {
        "title": "International Congress of Theoretical Physics",
        "instance_types": [],
        "record_uri": "/repositories/2/archival_objects/30631",
        "level": "item",
        "publish": true,
        "children": [],
        "node_type": "archival_object",
        "has_children": false,
        "suppressed": false,
        "id": 30631,
        "containers": []
      }, {
        "title": "Ising, E.",
        "instance_types": [],
        "record_uri": "/repositories/2/archival_objects/30632",
        "level": "item",
        "publish": true,
        "children": [],
        "node_type": "archival_object",
        "has_children": false,
        "suppressed": false,
        "id": 30632,
        "containers": []
      }, {
        "title": "Ingraham, R.L.",
        "instance_types": [],
        "record_uri": "/repositories/2/archival_objects/30633",
        "level": "item",
        "publish": true,
        "children": [],
        "node_type": "archival_object",
        "has_children": false,
        "suppressed": false,
        "id": 30633,
        "containers": []
      }, {
        "title": "Jehle, H.",
        "instance_types": [],
        "record_uri": "/repositories/2/archival_objects/30634",
        "level": "item",
        "publish": true,
        "children": [],
        "node_type": "archival_object",
        "has_children": false,
        "suppressed": false,
        "id": 30634,
        "containers": []
      }, {
        "title": "Journal of the Optical Society",
        "instance_types": [],
        "record_uri": "/repositories/2/archival_objects/30635",
        "level": "item",
        "publish": true,
        "children": [],
        "node_type": "archival_object",
        "has_children": false,
        "suppressed": false,
        "id": 30635,
        "containers": []
      }, {
        "title": "Kirkwood, J.G.",
        "instance_types": [],
        "record_uri": "/repositories/2/archival_objects/30636",
        "level": "item",
        "publish": true,
        "children": [],
        "node_type": "archival_object",
        "has_children": false,
        "suppressed": false,
        "id": 30636,
        "containers": []
      }],
      "node_type": "archival_object",
      "has_children": true,
      "suppressed": false,
      "id": 30614,
      "containers": []
    }, {
      "title": "1952-1962",
      "instance_types": [],
      "record_uri": "/repositories/2/archival_objects/30637",
      "level": "file",
      "publish": true,
      "children": [{
        "title": "Johns Hopkins University Administration",
        "instance_types": [],
        "record_uri": "/repositories/2/archival_objects/30638",
        "level": "item",
        "publish": true,
        "children": [],
        "node_type": "archival_object",
        "has_children": false,
        "suppressed": false,
        "id": 30638,
        "containers": []
      }],
      "node_type": "archival_object",
      "has_children": true,
      "suppressed": false,
      "id": 30637,
      "containers": []
    }, {
      "title": "1959-1960",
      "instance_types": [],
      "record_uri": "/repositories/2/archival_objects/30639",
      "level": "file",
      "publish": true,
      "children": [{
        "title": "Johns Hopkins University",
        "instance_types": [],
        "record_uri": "/repositories/2/archival_objects/30640",
        "level": "item",
        "publish": true,
        "children": [],
        "node_type": "archival_object",
        "has_children": false,
        "suppressed": false,
        "id": 30640,
        "containers": []
      }],
      "node_type": "archival_object",
      "has_children": true,
      "suppressed": false,
      "id": 30639,
      "containers": []
    }, {
      "title": "1957-1958",
      "instance_types": [],
      "record_uri": "/repositories/2/archival_objects/30641",
      "level": "file",
      "publish": true,
      "children": [{
        "title": "Johns Hopkins University",
        "instance_types": [],
        "record_uri": "/repositories/2/archival_objects/30642",
        "level": "item",
        "publish": true,
        "children": [],
        "node_type": "archival_object",
        "has_children": false,
        "suppressed": false,
        "id": 30642,
        "containers": []
      }],
      "node_type": "archival_object",
      "has_children": true,
      "suppressed": false,
      "id": 30641,
      "containers": []
    }, {
      "title": "1953",
      "instance_types": [],
      "record_uri": "/repositories/2/archival_objects/30643",
      "level": "file",
      "publish": true,
      "children": [{
        "title": "Joost, Res",
        "instance_types": [],
        "record_uri": "/repositories/2/archival_objects/30644",
        "level": "item",
        "publish": true,
        "children": [],
        "node_type": "archival_object",
        "has_children": false,
        "suppressed": false,
        "id": 30644,
        "containers": []
      }],
      "node_type": "archival_object",
      "has_children": true,
      "suppressed": false,
      "id": 30643,
      "containers": []
    }, {
      "title": "1950-1960",
      "instance_types": [],
      "record_uri": "/repositories/2/archival_objects/30645",
      "level": "file",
      "publish": true,
      "children": [{
        "title": "Kac, Mark",
        "instance_types": [],
        "record_uri": "/repositories/2/archival_objects/30646",
        "level": "item",
        "publish": true,
        "children": [],
        "node_type": "archival_object",
        "has_children": false,
        "suppressed": false,
        "id": 30646,
        "containers": []
      }],
      "node_type": "archival_object",
      "has_children": true,
      "suppressed": false,
      "id": 30645,
      "containers": []
    }, {
      "title": "1951-1960",
      "instance_types": [],
      "record_uri": "/repositories/2/archival_objects/30647",
      "level": "file",
      "publish": true,
      "children": [{
        "title": "Katsura, S.",
        "instance_types": [],
        "record_uri": "/repositories/2/archival_objects/30648",
        "level": "item",
        "publish": true,
        "children": [],
        "node_type": "archival_object",
        "has_children": false,
        "suppressed": false,
        "id": 30648,
        "containers": []
      }],
      "node_type": "archival_object",
      "has_children": true,
      "suppressed": false,
      "id": 30647,
      "containers": []
    }, {
      "title": "1960-1961",
      "instance_types": [],
      "record_uri": "/repositories/2/archival_objects/30649",
      "level": "file",
      "publish": true,
      "children": [{
        "title": "Kubie, Lawrence",
        "instance_types": [],
        "record_uri": "/repositories/2/archival_objects/30650",
        "level": "item",
        "publish": true,
        "children": [],
        "node_type": "archival_object",
        "has_children": false,
        "suppressed": false,
        "id": 30650,
        "containers": []
      }],
      "node_type": "archival_object",
      "has_children": true,
      "suppressed": false,
      "id": 30649,
      "containers": []
    }, {
      "title": "L-O, 1951-1960",
      "instance_types": [],
      "record_uri": "/repositories/2/archival_objects/30651",
      "level": "file",
      "publish": true,
      "children": [{
        "title": "Lax, Mel",
        "instance_types": [],
        "record_uri": "/repositories/2/archival_objects/30652",
        "level": "item",
        "publish": true,
        "children": [],
        "node_type": "archival_object",
        "has_children": false,
        "suppressed": false,
        "id": 30652,
        "containers": []
      }, {
        "title": "Lenard, A.",
        "instance_types": [],
        "record_uri": "/repositories/2/archival_objects/30653",
        "level": "item",
        "publish": true,
        "children": [],
        "node_type": "archival_object",
        "has_children": false,
        "suppressed": false,
        "id": 30653,
        "containers": []
      }, {
        "title": "Lidiard, Alan",
        "instance_types": [],
        "record_uri": "/repositories/2/archival_objects/30654",
        "level": "item",
        "publish": true,
        "children": [],
        "node_type": "archival_object",
        "has_children": false,
        "suppressed": false,
        "id": 30654,
        "containers": []
      }, {
        "title": "Lipps, F.W.",
        "instance_types": [],
        "record_uri": "/repositories/2/archival_objects/30655",
        "level": "item",
        "publish": true,
        "children": [],
        "node_type": "archival_object",
        "has_children": false,
        "suppressed": false,
        "id": 30655,
        "containers": []
      }, {
        "title": "Macek, Andrej",
        "instance_types": [],
        "record_uri": "/repositories/2/archival_objects/30656",
        "level": "item",
        "publish": true,
        "children": [],
        "node_type": "archival_object",
        "has_children": false,
        "suppressed": false,
        "id": 30656,
        "containers": []
      }, {
        "title": "McGlinn, W.D.",
        "instance_types": [],
        "record_uri": "/repositories/2/archival_objects/30657",
        "level": "item",
        "publish": true,
        "children": [],
        "node_type": "archival_object",
        "has_children": false,
        "suppressed": false,
        "id": 30657,
        "containers": []
      }, {
        "title": "McIlvaine, W.D.",
        "instance_types": [],
        "record_uri": "/repositories/2/archival_objects/30658",
        "level": "item",
        "publish": true,
        "children": [],
        "node_type": "archival_object",
        "has_children": false,
        "suppressed": false,
        "id": 30658,
        "containers": []
      }, {
        "title": "Madansky, Leon",
        "instance_types": [],
        "record_uri": "/repositories/2/archival_objects/30659",
        "level": "item",
        "publish": true,
        "children": [],
        "node_type": "archival_object",
        "has_children": false,
        "suppressed": false,
        "id": 30659,
        "containers": []
      }, {
        "title": "Markshak, R.E.",
        "instance_types": [],
        "record_uri": "/repositories/2/archival_objects/30660",
        "level": "item",
        "publish": true,
        "children": [],
        "node_type": "archival_object",
        "has_children": false,
        "suppressed": false,
        "id": 30660,
        "containers": []
      }, {
        "title": "Mathematical Reviews",
        "instance_types": [],
        "record_uri": "/repositories/2/archival_objects/30661",
        "level": "item",
        "publish": true,
        "children": [],
        "node_type": "archival_object",
        "has_children": false,
        "suppressed": false,
        "id": 30661,
        "containers": []
      }, {
        "title": "Mathot, V.",
        "instance_types": [],
        "record_uri": "/repositories/2/archival_objects/30662",
        "level": "item",
        "publish": true,
        "children": [],
        "node_type": "archival_object",
        "has_children": false,
        "suppressed": false,
        "id": 30662,
        "containers": []
      }, {
        "title": "Mayer, Joseph E.",
        "instance_types": [],
        "record_uri": "/repositories/2/archival_objects/30663",
        "level": "item",
        "publish": true,
        "children": [],
        "node_type": "archival_object",
        "has_children": false,
        "suppressed": false,
        "id": 30663,
        "containers": []
      }, {
        "title": "Menzel, D.E.",
        "instance_types": [],
        "record_uri": "/repositories/2/archival_objects/30664",
        "level": "item",
        "publish": true,
        "children": [],
        "node_type": "archival_object",
        "has_children": false,
        "suppressed": false,
        "id": 30664,
        "containers": []
      }, {
        "title": "Mercier, Andre",
        "instance_types": [],
        "record_uri": "/repositories/2/archival_objects/30665",
        "level": "item",
        "publish": true,
        "children": [],
        "node_type": "archival_object",
        "has_children": false,
        "suppressed": false,
        "id": 30665,
        "containers": []
      }, {
        "title": "Meselson, M.",
        "instance_types": [],
        "record_uri": "/repositories/2/archival_objects/30666",
        "level": "item",
        "publish": true,
        "children": [],
        "node_type": "archival_object",
        "has_children": false,
        "suppressed": false,
        "id": 30666,
        "containers": []
      }, {
        "title": "Miller, Park H.",
        "instance_types": [],
        "record_uri": "/repositories/2/archival_objects/30667",
        "level": "item",
        "publish": true,
        "children": [],
        "node_type": "archival_object",
        "has_children": false,
        "suppressed": false,
        "id": 30667,
        "containers": []
      }, {
        "title": "Minkowski, J.M.",
        "instance_types": [],
        "record_uri": "/repositories/2/archival_objects/30668",
        "level": "item",
        "publish": true,
        "children": [],
        "node_type": "archival_object",
        "has_children": false,
        "suppressed": false,
        "id": 30668,
        "containers": []
      }, {
        "title": "Moe, Henry Allen",
        "instance_types": [],
        "record_uri": "/repositories/2/archival_objects/30669",
        "level": "item",
        "publish": true,
        "children": [],
        "node_type": "archival_object",
        "has_children": false,
        "suppressed": false,
        "id": 30669,
        "containers": []
      }, {
        "title": "Mohling, F.",
        "instance_types": [],
        "record_uri": "/repositories/2/archival_objects/30670",
        "level": "item",
        "publish": true,
        "children": [],
        "node_type": "archival_object",
        "has_children": false,
        "suppressed": false,
        "id": 30670,
        "containers": []
      }, {
        "title": "Moroi, David S.",
        "instance_types": [],
        "record_uri": "/repositories/2/archival_objects/30671",
        "level": "item",
        "publish": true,
        "children": [],
        "node_type": "archival_object",
        "has_children": false,
        "suppressed": false,
        "id": 30671,
        "containers": []
      }, {
        "title": "Mountain, R.D.",
        "instance_types": [],
        "record_uri": "/repositories/2/archival_objects/30672",
        "level": "item",
        "publish": true,
        "children": [],
        "node_type": "archival_object",
        "has_children": false,
        "suppressed": false,
        "id": 30672,
        "containers": []
      }, {
        "title": "Muntner, J.M.",
        "instance_types": [],
        "record_uri": "/repositories/2/archival_objects/30673",
        "level": "item",
        "publish": true,
        "children": [],
        "node_type": "archival_object",
        "has_children": false,
        "suppressed": false,
        "id": 30673,
        "containers": []
      }, {
        "title": "Nall, J.",
        "instance_types": [],
        "record_uri": "/repositories/2/archival_objects/30674",
        "level": "item",
        "publish": true,
        "children": [],
        "node_type": "archival_object",
        "has_children": false,
        "suppressed": false,
        "id": 30674,
        "containers": []
      }, {
        "title": "Owens, Lloyd",
        "instance_types": [],
        "record_uri": "/repositories/2/archival_objects/30675",
        "level": "item",
        "publish": true,
        "children": [],
        "node_type": "archival_object",
        "has_children": false,
        "suppressed": false,
        "id": 30675,
        "containers": []
      }],
      "node_type": "archival_object",
      "has_children": true,
      "suppressed": false,
      "id": 30651,
      "containers": []
    }, {
      "title": "P-R, 1951-1957",
      "instance_types": [],
      "record_uri": "/repositories/2/archival_objects/30676",
      "level": "file",
      "publish": true,
      "children": [{
        "title": "Painter, Sidney (Mrs.)",
        "instance_types": [],
        "record_uri": "/repositories/2/archival_objects/30677",
        "level": "item",
        "publish": true,
        "children": [],
        "node_type": "archival_object",
        "has_children": false,
        "suppressed": false,
        "id": 30677,
        "containers": []
      }, {
        "title": "Park, David",
        "instance_types": [],
        "record_uri": "/repositories/2/archival_objects/30678",
        "level": "item",
        "publish": true,
        "children": [],
        "node_type": "archival_object",
        "has_children": false,
        "suppressed": false,
        "id": 30678,
        "containers": []
      }, {
        "title": "Plano, Richard",
        "instance_types": [],
        "record_uri": "/repositories/2/archival_objects/30679",
        "level": "item",
        "publish": true,
        "children": [],
        "node_type": "archival_object",
        "has_children": false,
        "suppressed": false,
        "id": 30679,
        "containers": []
      }, {
        "title": "Rasetti, Franco",
        "instance_types": [],
        "record_uri": "/repositories/2/archival_objects/30680",
        "level": "item",
        "publish": true,
        "children": [],
        "node_type": "archival_object",
        "has_children": false,
        "suppressed": false,
        "id": 30680,
        "containers": []
      }, {
        "title": "Rittner, E.S.",
        "instance_types": [],
        "record_uri": "/repositories/2/archival_objects/30681",
        "level": "item",
        "publish": true,
        "children": [],
        "node_type": "archival_object",
        "has_children": false,
        "suppressed": false,
        "id": 30681,
        "containers": []
      }, {
        "title": "Robertson, Harry S.",
        "instance_types": [],
        "record_uri": "/repositories/2/archival_objects/30682",
        "level": "item",
        "publish": true,
        "children": [],
        "node_type": "archival_object",
        "has_children": false,
        "suppressed": false,
        "id": 30682,
        "containers": []
      }, {
        "title": "Rodberg, Leonard",
        "instance_types": [],
        "record_uri": "/repositories/2/archival_objects/30683",
        "level": "item",
        "publish": true,
        "children": [],
        "node_type": "archival_object",
        "has_children": false,
        "suppressed": false,
        "id": 30683,
        "containers": []
      }, {
        "title": "Rosenblatt, Samuel",
        "instance_types": [],
        "record_uri": "/repositories/2/archival_objects/30684",
        "level": "item",
        "publish": true,
        "children": [],
        "node_type": "archival_object",
        "has_children": false,
        "suppressed": false,
        "id": 30684,
        "containers": []
      }],
      "node_type": "archival_object",
      "has_children": true,
      "suppressed": false,
      "id": 30676,
      "containers": []
    }, {
      "title": "S, 1952-1960",
      "instance_types": [],
      "record_uri": "/repositories/2/archival_objects/30685",
      "level": "file",
      "publish": true,
      "children": [{
        "title": "Saperstein, M.R.",
        "instance_types": [],
        "record_uri": "/repositories/2/archival_objects/30686",
        "level": "item",
        "publish": true,
        "children": [],
        "node_type": "archival_object",
        "has_children": false,
        "suppressed": false,
        "id": 30686,
        "containers": []
      }, {
        "title": "Scientists' Committee for Radiation Information",
        "instance_types": [],
        "record_uri": "/repositories/2/archival_objects/30687",
        "level": "item",
        "publish": true,
        "children": [],
        "node_type": "archival_object",
        "has_children": false,
        "suppressed": false,
        "id": 30687,
        "containers": []
      }, {
        "title": "Shapiro, Anatole",
        "instance_types": [],
        "record_uri": "/repositories/2/archival_objects/30688",
        "level": "item",
        "publish": true,
        "children": [],
        "node_type": "archival_object",
        "has_children": false,
        "suppressed": false,
        "id": 30688,
        "containers": []
      }, {
        "title": "Shipley, E.",
        "instance_types": [],
        "record_uri": "/repositories/2/archival_objects/30689",
        "level": "item",
        "publish": true,
        "children": [],
        "node_type": "archival_object",
        "has_children": false,
        "suppressed": false,
        "id": 30689,
        "containers": []
      }, {
        "title": "Siegerst, Arnold",
        "instance_types": [],
        "record_uri": "/repositories/2/archival_objects/30690",
        "level": "item",
        "publish": true,
        "children": [],
        "node_type": "archival_object",
        "has_children": false,
        "suppressed": false,
        "id": 30690,
        "containers": []
      }, {
        "title": "Singswald, M.",
        "instance_types": [],
        "record_uri": "/repositories/2/archival_objects/30691",
        "level": "item",
        "publish": true,
        "children": [],
        "node_type": "archival_object",
        "has_children": false,
        "suppressed": false,
        "id": 30691,
        "containers": []
      }, {
        "title": "Sternberg, S.",
        "instance_types": [],
        "record_uri": "/repositories/2/archival_objects/30692",
        "level": "item",
        "publish": true,
        "children": [],
        "node_type": "archival_object",
        "has_children": false,
        "suppressed": false,
        "id": 30692,
        "containers": []
      }, {
        "title": "Stein, Clara",
        "instance_types": [],
        "record_uri": "/repositories/2/archival_objects/30693",
        "level": "item",
        "publish": true,
        "children": [],
        "node_type": "archival_object",
        "has_children": false,
        "suppressed": false,
        "id": 30693,
        "containers": []
      }],
      "node_type": "archival_object",
      "has_children": true,
      "suppressed": false,
      "id": 30685,
      "containers": []
    }, {
      "title": "1955",
      "instance_types": [],
      "record_uri": "/repositories/2/archival_objects/30694",
      "level": "file",
      "publish": true,
      "children": [{
        "title": "Society for Industrial and Applied Mathematics",
        "instance_types": [],
        "record_uri": "/repositories/2/archival_objects/30695",
        "level": "item",
        "publish": true,
        "children": [],
        "node_type": "archival_object",
        "has_children": false,
        "suppressed": false,
        "id": 30695,
        "containers": []
      }],
      "node_type": "archival_object",
      "has_children": true,
      "suppressed": false,
      "id": 30694,
      "containers": []
    }, {
      "title": "T-V, 1950-1960",
      "instance_types": [],
      "record_uri": "/repositories/2/archival_objects/30696",
      "level": "file",
      "publish": true,
      "children": [{
        "title": "Thomas, C.",
        "instance_types": [],
        "record_uri": "/repositories/2/archival_objects/30697",
        "level": "item",
        "publish": true,
        "children": [],
        "node_type": "archival_object",
        "has_children": false,
        "suppressed": false,
        "id": 30697,
        "containers": []
      }, {
        "title": "Thomsen, John S.",
        "instance_types": [],
        "record_uri": "/repositories/2/archival_objects/30698",
        "level": "item",
        "publish": true,
        "children": [],
        "node_type": "archival_object",
        "has_children": false,
        "suppressed": false,
        "id": 30698,
        "containers": []
      }, {
        "title": "Tolhoek, H.",
        "instance_types": [],
        "record_uri": "/repositories/2/archival_objects/30699",
        "level": "item",
        "publish": true,
        "children": [],
        "node_type": "archival_object",
        "has_children": false,
        "suppressed": false,
        "id": 30699,
        "containers": []
      }, {
        "title": "Uhlenbeck, G.",
        "instance_types": [],
        "record_uri": "/repositories/2/archival_objects/30700",
        "level": "item",
        "publish": true,
        "children": [],
        "node_type": "archival_object",
        "has_children": false,
        "suppressed": false,
        "id": 30700,
        "containers": []
      }, {
        "title": "Van Hove, L.",
        "instance_types": [],
        "record_uri": "/repositories/2/archival_objects/30701",
        "level": "item",
        "publish": true,
        "children": [],
        "node_type": "archival_object",
        "has_children": false,
        "suppressed": false,
        "id": 30701,
        "containers": []
      }],
      "node_type": "archival_object",
      "has_children": true,
      "suppressed": false,
      "id": 30696,
      "containers": []
    }, {
      "title": "1949-1950",
      "instance_types": [],
      "record_uri": "/repositories/2/archival_objects/30702",
      "level": "file",
      "publish": true,
      "children": [{
        "title": "United States Department of the Navy",
        "instance_types": [],
        "record_uri": "/repositories/2/archival_objects/30703",
        "level": "item",
        "publish": true,
        "children": [],
        "node_type": "archival_object",
        "has_children": false,
        "suppressed": false,
        "id": 30703,
        "containers": []
      }],
      "node_type": "archival_object",
      "has_children": true,
      "suppressed": false,
      "id": 30702,
      "containers": []
    }, {
      "title": "W, 1948-1958",
      "instance_types": [],
      "record_uri": "/repositories/2/archival_objects/30704",
      "level": "file",
      "publish": true,
      "children": [{
        "title": "Wannier, G.H.",
        "instance_types": [],
        "record_uri": "/repositories/2/archival_objects/30705",
        "level": "item",
        "publish": true,
        "children": [],
        "node_type": "archival_object",
        "has_children": false,
        "suppressed": false,
        "id": 30705,
        "containers": []
      }, {
        "title": "Ward, J.",
        "instance_types": [],
        "record_uri": "/repositories/2/archival_objects/30706",
        "level": "item",
        "publish": true,
        "children": [],
        "node_type": "archival_object",
        "has_children": false,
        "suppressed": false,
        "id": 30706,
        "containers": []
      }, {
        "title": "Warner, Douglas",
        "instance_types": [],
        "record_uri": "/repositories/2/archival_objects/30707",
        "level": "item",
        "publish": true,
        "children": [],
        "node_type": "archival_object",
        "has_children": false,
        "suppressed": false,
        "id": 30707,
        "containers": []
      }, {
        "title": "Weiss, G.",
        "instance_types": [],
        "record_uri": "/repositories/2/archival_objects/30708",
        "level": "item",
        "publish": true,
        "children": [],
        "node_type": "archival_object",
        "has_children": false,
        "suppressed": false,
        "id": 30708,
        "containers": []
      }, {
        "title": "Weng....?, Harold",
        "instance_types": [],
        "record_uri": "/repositories/2/archival_objects/30709",
        "level": "item",
        "publish": true,
        "children": [],
        "node_type": "archival_object",
        "has_children": false,
        "suppressed": false,
        "id": 30709,
        "containers": []
      }, {
        "title": "Wette, F.W. de",
        "instance_types": [],
        "record_uri": "/repositories/2/archival_objects/30710",
        "level": "item",
        "publish": true,
        "children": [],
        "node_type": "archival_object",
        "has_children": false,
        "suppressed": false,
        "id": 30710,
        "containers": []
      }, {
        "title": "Weland, G.W.",
        "instance_types": [],
        "record_uri": "/repositories/2/archival_objects/30711",
        "level": "item",
        "publish": true,
        "children": [],
        "node_type": "archival_object",
        "has_children": false,
        "suppressed": false,
        "id": 30711,
        "containers": []
      }, {
        "title": "Witten, Louis",
        "instance_types": [],
        "record_uri": "/repositories/2/archival_objects/30712",
        "level": "item",
        "publish": true,
        "children": [],
        "node_type": "archival_object",
        "has_children": false,
        "suppressed": false,
        "id": 30712,
        "containers": []
      }, {
        "title": "Woodburne, L.S.",
        "instance_types": [],
        "record_uri": "/repositories/2/archival_objects/30713",
        "level": "item",
        "publish": true,
        "children": [],
        "node_type": "archival_object",
        "has_children": false,
        "suppressed": false,
        "id": 30713,
        "containers": []
      }],
      "node_type": "archival_object",
      "has_children": true,
      "suppressed": false,
      "id": 30704,
      "containers": []
    }, {
      "title": "1950-1959",
      "instance_types": [],
      "record_uri": "/repositories/2/archival_objects/30714",
      "level": "file",
      "publish": true,
      "children": [{
        "title": "Yang, C.N.",
        "instance_types": [],
        "record_uri": "/repositories/2/archival_objects/30715",
        "level": "item",
        "publish": true,
        "children": [],
        "node_type": "archival_object",
        "has_children": false,
        "suppressed": false,
        "id": 30715,
        "containers": []
      }],
      "node_type": "archival_object",
      "has_children": true,
      "suppressed": false,
      "id": 30714,
      "containers": []
    }, {
      "title": "1953, 1958",
      "instance_types": [],
      "record_uri": "/repositories/2/archival_objects/30716",
      "level": "file",
      "publish": true,
      "children": [{
        "title": "Zernow, L.",
        "instance_types": [],
        "record_uri": "/repositories/2/archival_objects/30717",
        "level": "item",
        "publish": true,
        "children": [],
        "node_type": "archival_object",
        "has_children": false,
        "suppressed": false,
        "id": 30717,
        "containers": []
      }, {
        "title": "Zwansig, Robert",
        "instance_types": [],
        "record_uri": "/repositories/2/archival_objects/30718",
        "level": "item",
        "publish": true,
        "children": [],
        "node_type": "archival_object",
        "has_children": false,
        "suppressed": false,
        "id": 30718,
        "containers": []
      }],
      "node_type": "archival_object",
      "has_children": true,
      "suppressed": false,
      "id": 30716,
      "containers": []
    }],
    "node_type": "archival_object",
    "has_children": true,
    "suppressed": false,
    "id": 30582,
    "containers": []
  }, {
    "title": "Reprints and tyoescripts of publications and lectures",
    "instance_types": [],
    "record_uri": "/repositories/2/archival_objects/30719",
    "level": "file",
    "publish": true,
    "children": [],
    "node_type": "archival_object",
    "has_children": false,
    "suppressed": false,
    "id": 30719,
    "containers": []
  }, {
    "title": "Notebooks",
    "instance_types": [],
    "record_uri": "/repositories/2/archival_objects/30720",
    "level": "file",
    "publish": true,
    "children": [],
    "node_type": "archival_object",
    "has_children": false,
    "suppressed": false,
    "id": 30720,
    "containers": []
  }, {
    "title": "Assorted Notes",
    "instance_types": [],
    "record_uri": "/repositories/2/archival_objects/30721",
    "level": "file",
    "publish": true,
    "children": [],
    "node_type": "archival_object",
    "has_children": false,
    "suppressed": false,
    "id": 30721,
    "containers": []
  }, {
    "title": "Assorted Notes",
    "instance_types": [],
    "record_uri": "/repositories/2/archival_objects/30722",
    "level": "file",
    "publish": true,
    "children": [{
      "title": "Assorted lecture notes",
      "instance_types": [],
      "record_uri": "/repositories/2/archival_objects/30723",
      "level": "file",
      "publish": true,
      "children": [],
      "node_type": "archival_object",
      "has_children": false,
      "suppressed": false,
      "id": 30723,
      "containers": []
    }, {
      "title": "Notes on the theory of graphs",
      "instance_types": [],
      "record_uri": "/repositories/2/archival_objects/30724",
      "level": "file",
      "publish": true,
      "children": [],
      "node_type": "archival_object",
      "has_children": false,
      "suppressed": false,
      "id": 30724,
      "containers": []
    }, {
      "title": "Notes on statistical mechanics",
      "instance_types": [],
      "record_uri": "/repositories/2/archival_objects/30725",
      "level": "file",
      "publish": true,
      "children": [],
      "node_type": "archival_object",
      "has_children": false,
      "suppressed": false,
      "id": 30725,
      "containers": []
    }, {
      "title": "Notes on quantum mechanics",
      "instance_types": [],
      "record_uri": "/repositories/2/archival_objects/30726",
      "level": "file",
      "publish": true,
      "children": [],
      "node_type": "archival_object",
      "has_children": false,
      "suppressed": false,
      "id": 30726,
      "containers": []
    }, {
      "title": "Notes on crystallography",
      "instance_types": [],
      "record_uri": "/repositories/2/archival_objects/30727",
      "level": "file",
      "publish": true,
      "children": [],
      "node_type": "archival_object",
      "has_children": false,
      "suppressed": false,
      "id": 30727,
      "containers": []
    }, {
      "title": "Notes on the Raleigh problem",
      "instance_types": [],
      "record_uri": "/repositories/2/archival_objects/30728",
      "level": "file",
      "publish": true,
      "children": [],
      "node_type": "archival_object",
      "has_children": false,
      "suppressed": false,
      "id": 30728,
      "containers": []
    }, {
      "title": "Notes on Feynman's Lagrangian method",
      "instance_types": [],
      "record_uri": "/repositories/2/archival_objects/30729",
      "level": "file",
      "publish": true,
      "children": [],
      "node_type": "archival_object",
      "has_children": false,
      "suppressed": false,
      "id": 30729,
      "containers": []
    }, {
      "title": "Notes on Fokker Planck equation",
      "instance_types": [],
      "record_uri": "/repositories/2/archival_objects/30730",
      "level": "file",
      "publish": true,
      "children": [],
      "node_type": "archival_object",
      "has_children": false,
      "suppressed": false,
      "id": 30730,
      "containers": []
    }, {
      "title": "Notes on statistical physics",
      "instance_types": [],
      "record_uri": "/repositories/2/archival_objects/30731",
      "level": "file",
      "publish": true,
      "children": [],
      "node_type": "archival_object",
      "has_children": false,
      "suppressed": false,
      "id": 30731,
      "containers": []
    }, {
      "title": "Notes on field theory",
      "instance_types": [],
      "record_uri": "/repositories/2/archival_objects/30732",
      "level": "file",
      "publish": true,
      "children": [],
      "node_type": "archival_object",
      "has_children": false,
      "suppressed": false,
      "id": 30732,
      "containers": []
    }, {
      "title": "Notes on low temperature",
      "instance_types": [],
      "record_uri": "/repositories/2/archival_objects/30733",
      "level": "file",
      "publish": true,
      "children": [],
      "node_type": "archival_object",
      "has_children": false,
      "suppressed": false,
      "id": 30733,
      "containers": []
    }, {
      "title": "Notes on Kac's \"Random walk in the presence of absorbing barriers\"",
      "instance_types": [],
      "record_uri": "/repositories/2/archival_objects/30734",
      "level": "file",
      "publish": true,
      "children": [],
      "node_type": "archival_object",
      "has_children": false,
      "suppressed": false,
      "id": 30734,
      "containers": []
    }, {
      "title": "Notes on green function treatment of Schrodiner equation",
      "instance_types": [],
      "record_uri": "/repositories/2/archival_objects/30735",
      "level": "file",
      "publish": true,
      "children": [],
      "node_type": "archival_object",
      "has_children": false,
      "suppressed": false,
      "id": 30735,
      "containers": []
    }, {
      "title": "Notes on the Schwinger Hamiltonian",
      "instance_types": [],
      "record_uri": "/repositories/2/archival_objects/30736",
      "level": "file",
      "publish": true,
      "children": [],
      "node_type": "archival_object",
      "has_children": false,
      "suppressed": false,
      "id": 30736,
      "containers": []
    }, {
      "title": "Notes on free particle absorbing wall",
      "instance_types": [],
      "record_uri": "/repositories/2/archival_objects/30737",
      "level": "file",
      "publish": true,
      "children": [],
      "node_type": "archival_object",
      "has_children": false,
      "suppressed": false,
      "id": 30737,
      "containers": []
    }, {
      "title": "Notes on Quantum electrodynamics Pt. I",
      "instance_types": [],
      "record_uri": "/repositories/2/archival_objects/30738",
      "level": "file",
      "publish": true,
      "children": [],
      "node_type": "archival_object",
      "has_children": false,
      "suppressed": false,
      "id": 30738,
      "containers": []
    }, {
      "title": "Notes on Quantum electrodynamics Pt. II",
      "instance_types": [],
      "record_uri": "/repositories/2/archival_objects/30739",
      "level": "file",
      "publish": true,
      "children": [],
      "node_type": "archival_object",
      "has_children": false,
      "suppressed": false,
      "id": 30739,
      "containers": []
    }],
    "node_type": "archival_object",
    "has_children": true,
    "suppressed": false,
    "id": 30722,
    "containers": []
  }, {
    "title": "Dissertation, 1944",
    "instance_types": [],
    "record_uri": "/repositories/2/archival_objects/30740",
    "level": "file",
    "publish": true,
    "children": [],
    "node_type": "archival_object",
    "has_children": false,
    "suppressed": false,
    "id": 30740,
    "containers": []
  }],
  "containers": []
}
